url;filename;status
https://github.com/g200kg/webaudiodesigner;hal-03087778;Common
https://arxiv.org/abs/1904.08679;hal-03514297;Common
https://gdpr-info.eu;hal-02950994;Common
https://doi.org/10.1007/s00778-020-00611-y;hal-03320929;Common
https://impala.apache.org;lirmm-03148271;Common
https://creativecommons.org/licenses/by-nc-nd/4.0;lirmm-04305787;Common
https://github.com/regardscitoyens/nosdeputes.fr/blob/master/doc/api.md;hal-02057980;Common
https://cg.tuwien.ac.at/research/publications/2013/borgo-2013-gly;hal-04188896;Common
https://doi.org/10.1145/1247480.1247495;hal-03886320;Common
https://fsa.usda.gov;hal-03415990;Common
https://dx.doi.org/10.14778/3007263.3007270;hal-02435371;Common
https://zenodo.org;hal-04157720;Common
https://w3.org/tr/owl2-overview;hal-04353543;Common
https://imageclef.org;hal-02281455;Common
https://poppystation.org;hal-02145478;Common
https://hal.archives-ouvertes.fr/hal-02051413;hal-03320929;Common
https://doi.org/10.1145/3303772.3303814;hal-04132566;Common
https://creativecommons.org/licenses/by-nc-nd/4.0;hal-03516360;Common
https://vldb.org/pvldb/vol10/p1841-pimentel.pdf;hal-03189130;Common
https://ceur-ws.org/vol-3063/oaei21;hal-04351729;Common
https://soul.dev;hal-02366725;Common
https://w3.org/ns/td;hal-02289497;Common
https://aclweb.org/anthology/w19-6136;hal-03518717;Common
https://solid.inrupt.com;hal-02269222;Common
https://doi.org/10.4230/lipics.icdt.2021.10;lirmm-04277973;Common
https://crop2ml.readthedocs.io/en/latest;hal-02962262;Common
https://crowdai.org;hal-02273257;Common
https://doi.org/10.1609/aaai.v33i01.33014189;hal-04068708;Common
https://doi.org/10.1051/nss:2005023;hal-03770578;Common
https://doi.org/10.1109/vr50410.2021.00031;hal-04102737;Common
https://doi.org/10.1007/s10618-019-00665-9;hal-03320929;Common
https://covid19.i3s.unice.fr:8080;hal-03230741;Common
https://kaggle.com;hal-04157720;Common
https://academic.oup.com/plphys/pages/general-instructions;hal-03701955;Common
https://example.org/ontology;hal-04152998;Common
https://github.com/dgraux/osm-in-h2020;hal-03516296;Common
https://doi.org/10.1007/bf00994018;hal-04138880;Common
https://doi.org/10.1145/1922649.1922658;hal-04233343;Common
https://doi.org/10.1007/978-3-319-11955-7_10;hal-02984951;Common
https://lod-cloud.net;hal-02935956;Common
https://doi.org/10.5281/zenodo.3865263;hal-02894994;Common
https://doi.org/10.1006/jcss.1999.1684;hal-02902853;Common
https://w3.org/tr/sparql11-overview;hal-03363442;Common
https://xeno-canto.org;hal-02945382;Common
https://ieeexplore.ieee.org/document/8049714;hal-02913866;Common
https://doi.org/10.1016/j.chemolab.2023.104897;hal-04386951;Common
https://doi.org/10.1109/icmla51294.2020.00166;hal-04014977;Common
https://contsem.unizar.es/def/sector-publico/pproc.html;hal-03065217;Common
https://doi.org/10.1111/j.1469-;hal-03347926;Common
https://insee.fr/fr/statistiques/1405599;hal-03228509;Common
https://github.com/xuczhang/xuczhang.github.io/blob/master/papers/aaai20;hal-03599214;Common
https://tinyurl.com/y5vxwwuf;hal-02145478;Common
https://doi.org/10.1145/2882903.2882944;hal-04110779;Common
https://github.com/wimmics/covidontheweb;hal-03084029;Common
https://solid.inrupt.com;hal-02269216;Common
https://doi.org/10.1145/380752.380867;hal-03516360;Common
https://doi.org/10.4230/lipics.icdt.2020.16;hal-03127717;Common
https://grid5000.fr;hal-02562199;Common
https://w3.org/tr/owl2-primer;hal-02279726;Common
https://dx.doi.org/10.1007/11762256;hal-02435371;Common
https://doi.org/10.7717/peerj-cs.527;lirmm-03227618;Common
https://doi.org/10.2307/3680116;hal-04093045;Common
https://doi.org/10.1007/978-3-319-65813-1_24;hal-04204378;Common
https://w3.org/tr/owl-time;hal-04230234;Common
https://doi.org/10.18653/v1/s19-2007;hal-04014977;Common
https://github.com/thingweb/thingweb-directory;hal-03135088;Common
https://newyorker.com/tech/annals-of-technology;hal-03138769;Common
https://github.com/antoniaettorre/stunning_doodle;hal-03601145;Common
https://snap.stanford.edu/index.html;hal-02915414;Common
https://doi.org/10.1109/escience.2015.50;lirmm-03324873;Common
https://aicrowd.com;hal-02989077;Common
https://w3.org/ns/td;hal-03135088;Common
https://webpack.js.org;hal-03871500;Common
https://doi.org/10.1007/s10618-;hal-03315102;Common
https://ibm.biz/provlake;lirmm-02335500;Common
https://flir.com/oem/adas;hal-02872132;Common
https://doi.org/10.4230/lipics.icdt.2022.19;hal-03527888;Common
https://ncbi.nlm.nih.gov/pmc;hal-02317227;Common
https://doi.org/10.1016/j.compag.2010.02.007;hal-04386951;Common
https://doi.org/10.1137/s0097539795282432;hal-03934389;Common
https://opengis.net/ont/geosparql;hal-04153252;Common
https://example.org/resource;hal-04152998;Common
https://doi.org/10.48550/arxiv.2012.14743;hal-03897397;Common
https://github.com/xaiseries/xcm;hal-03469487;Common
https://pytorch.org;hal-02137748;Common
https://dx.doi.org/10.1109/lics.2008.17;hal-03151014;Common
https://easylist.to/easylist/easylist.txt;hal-04228304;Common
https://doi.org/10.1145/2964284.2976762;hal-03338811;Common
https://doi.org/10.3233/978-1-61499-672-9-871;hal-02984951;Common
https://doi.org/10.1145/1924421.1924436;hal-01673025;Common
https://onlinelibrary.wiley.com/doi/10.1002/aaai.12036;hal-04041691;Common
https://en.wikipedia.org/wiki/ftse;hal-02191794;Common
https://doi.org/10.1109/comst.2014.2354398;lirmm-04277973;Common
https://scikit-multiﬂow.github.io;hal-03190032;Common
https://project.inria.fr/espdms/game3/1/2pdms;hal-03941868;Common
https://doi.org/10.1111/cogs.12626;hal-02552836;Common
https://doi.org/10.1109/icde.2018.00094;hal-03337765;Common
https://doi.org/10.1007/978-3-319-10587-1_5;hal-02066041;Common
https://doi.org/10.1145/1060590.1060629;hal-03934389;Common
https://doi.org/10.1109/jcit.1990.128324;hal-03937274;Common
https://scopus.com/inward/record.url;hal-03231805;Common
https://doi.org/10.1007/bf01268140;hal-03934389;Common
https://doi.org/10.1017/eds.2023.42;hal-04411802;Common
https://hal.inria.fr/hal-03633526;hal-03989703;Common
https://dbpedia.org/ontology/place;hal-03519365;Common
https://doi.org/10.1109/vr.2018.8448290;hal-04102737;Common
https://creativecommons.org/licenses/by-nc-nd/4.0;hal-03770578;Common
https://ampedstudio.com;hal-03087763;Common
https://doi.org/10.1007/s11162-008-9100-0;hal-04132566;Common
https://old.datahub.io/dataset/foodista;hal-02152844;Common
https://doi.org/10.5281/zenodo.16708;hal-04212112;Common
https://doi.org/10.1016/j.artint.2012.08.002;lirmm-04305787;Common
https://hal.inria.fr/hal-01843967;hal-03633526;Common
https://youtu.be/unp-0hzveeo;hal-03087763;Common
https://lod-cloud.net;hal-02435371;Common
https://blog.dblp.org/2022/03/02/dblp-in-rdf;hal-04311370;Common
https://iot-;hal-04161546;Common
https://doi.org/10.1371/journal.pone.0079168;hal-02639237;Common
https://cirad.fr/en;hal-03807744;Common
https://doi.org/10.1145/6012.15399;hal-01673025;Common
https://citeseerx.ist.psu.edu/viewdoc/download;hal-03356951;Common
https://doi.org/10.1177/1071181319631053;hal-04205128;Common
https://tata.gforge.inria.fr;hal-02532706;Common
https://doi.org/10.1145/2902251.2902280;lirmm-04277973;Common
https://sibbr.gov.br;hal-04198414;Common
https://journals.openedition.org/mappemonde/6349;hal-03296233;Common
https://cos4cloud-eosc.eu;hal-03658842;Common
https://doi.wiley.com/10.1111/j.1439-;hal-03315102;Common
https://arxiv.org/abs/1811.00075;hal-03381732;Common
https://ceur-ws.org/vol-2180/paper-01.pdf;hal-03886320;Common
https://d2kab.org;hal-03619869;Common
https://api.plantnet.org/views/terms_of_use;hal-03474556;Common
https://openenclave.io;hal-03692175;Common
https://millionsongdataset.com/lastfm;hal-03812106;Common
https://monopoly.hasbro.com;hal-02388854;Common
https://doi.org/10.1109/icde.2008.4497486;hal-03516360;Common
https://doi.org/10.5281;hal-03150701;Common
https://tata.gforge.inria.fr;hal-03527888;Common
https://doi.org/https://doi.org/10.1016/j.ajhg.2015.09.010;hal-03100032;Common
https://library.fa.ru/files/roth2.pdf;hal-04377324;Common
https://tinyurl.com/domycile;hal-04228038;Common
https://cvalues.science.kew.org;hal-04182535;Common
https://tinyurl.com/grouping-sets;hal-03925679;Common
https://github.com/issa-project/issa-pipeline/tree/main/pipeline;hal-03807744;Common
https://github.com/versionclimber/cise;hal-02262591;Common
https://florent-masseglia.info;lirmm-02973633;Common
https://w3.org/tr/xmlschema11-2;hal-02269134;Common
https://github.com/fchollet/keras;hal-02972184;Common
https://dblp.org/pid/00/2941;hal-04311370;Common
https://lod-cloud.net;hal-03516459;Common
https://github.com/kermitt2/entity-fishing;hal-03502001;Common
https://arxiv.org/abs/1805.10820;hal-04388942;Common
https://doi.org/10.1007/978-3-540-74915-8_18;hal-04278100;Common
https://youtube.com/watch;hal-02366723;Common
https://gitlab.inria.fr/cedar/connectionlens;hal-03716868;Common
https://void.rkbexplorer.com/sparql;hal-03301330;Common
https://github.com/remifelin/rdfmining/tree/eswc_2023;hal-04152604;Common
https://doi.org/10.1109/icde.2018.00156;hal-03897397;Common
https://doi.org/10.1006/inco.1993.1030;hal-04278100;Common
https://github.com/kermitt2/entity-ﬁshing;hal-03404580;Common
https://doi.org/10.1109/vr.2018.8448290;hal-03698833;Common
https://owlcollab.github.io/oboformat/doc/go.format.obo-1_4.html;lirmm-02945170;Common
https://doi.org/10.1145/3461702.3462624;hal-04388942;Common
https://doi.org/10.4230/lipics.time.2018.11;hal-02057980;Common
https://krr-oxford.github.io/deeponto;hal-04351729;Common
https://creativecommons.org/licenses/by-nc/4.0;hal-01891814;Common
https://doi.org/10.1109/csf.2008.7;lirmm-03833578;Common
https://kaggle.com/c/birdclef-2023;hal-04345437;Common
https://ilpubs.stanford.edu:8090/811/1/2007-26.pdf;hal-03356951;Common
https://gdpr-info.eu/recitals/no-26;hal-03715416;Common
https://dbpedia.org/property/leaguetopscorer;hal-03519365;Common
https://github.com/webaudiomodules/wam-examples;hal-03951799;Common
https://doi.org/10.1137/141000671;hal-04125922;Common
https://hal.inria.fr/hal-00684943;hal-04161546;Common
https://dl.acm.org/citation.cfm;hal-03329908;Common
https://doi.org/10.1145/3448016.3457276;hal-03897397;Common
https://fender.com/articles/tech-talk/be-in-the-moment-the-presence-c;hal-03087768;Common
https://fr.dbpedia.org/resource;hal-02571170;Common
https://lov.linkeddata.es;hal-02933190;Common
https://hal.inria.fr/hal-03404125;hal-03892080;Common
https://perkeep.org;hal-02269292;Common
https://bdj.pensoft.net/article/65371;hal-03771760;Common
https://cril.univ-artois.fr/~konieczny/papers/aij10a.pdf;hal-03514297;Common
https://doi.org/10.4230/lipics.ipec.2015.17;hal-04278100;Common
https://w3.org/1999/02/22-rdf-syntax-ns;hal-04201661;Common
https://gitlab.inria.fr/e2clab/paper-artifacts/plantnet;hal-03310540;Common
https://vosviewer.com;hal-03686060;Common
https://d3js.org;hal-03519504;Common
https://aaai.org/library/aaai/2007/aaai07-061.php;hal-03937274;Common
https://doi.org/10.1145/28395.28420;hal-03904200;Common
https://doi.org/10.1016/j.envsoft.2014.04.011;hal-03231805;Common
https://aclanthology.org/w18-5112;hal-04014977;Common
https://arxiv.org/abs/1811.03060;hal-04138880;Common
https://github.com/j-funk/kissfft-js;hal-03087763;Common
https://doi.org/10.24963/ijcai.2019/238;hal-03937274;Common
https://orcid.org/0000-0002-5249-911x;hal-03150701;Common
https://w3.org/community/immersive-web;emse-02070625;Common
https://covid19.i3s.unice.fr:8080;hal-02939363;Common
https://cozy.io/en;hal-03814840;Common
https://doi.org/10.1145/1185877.1185882;hal-03527888;Common
https://creativecommons.org/licenses/by/4.0;hal-04084880;Common
https://doi.org/10.1023/b:aire.0000045502.10941.a9;lirmm-02364411;Common
https://huggingface.co/mbert-base-multilingual-uncased;hal-04014977;Common
https://nytimes.com/2010/08/22/magazine/22fob-medium-t.html;hal-02895316;Common
https://hal.inria.fr/hal-01673025v5/document;hal-03004218;Common
https://doi.org/10.1109/sfcs.1984.715912;hal-03904200;Common
https://youtube.com/watch;hal-02366725;Common
https://virtuoso.openlinksw.com;hal-02936193;Common
https://example.org/member;hal-01926379;Common
https://github.com/shenweichen/deepctr;hal-02915414;Common
https://project.inria.fr/corese;hal-03230741;Common
https://drive.google.com/drive/folders/16b202dfivr3usqmsndqsq7fkosgjdz6e;hal-03767992;Common
https://neo4j.com;hal-03189192;Common
https://doi.org/10.1016/j.ipm.2019.102087;hal-04014977;Common
https://w3.org/amaya;hal-03657095;Common
https://youtube.com/playlist;hal-03811257;Common
https://doi.org/10.1137/0219027;hal-03151014;Common
https://dbpedia.org/ontology/agent;hal-03519365;Common
https://doi.org/10.1109/34.730558;hal-03710323;Common
https://nationalarchives.gov.uk/doc/open-government-licence/version/2;hal-04182535;Common
https://idigb;hal-02894994;Common
https://doi.org/10.1109/icde.2003.1260806;hal-03886320;Common
https://doi.org/10.1017/s0960129518000208;hal-03151014;Common
https://doi.org/10.1016/j.artint.2011.03.002;lirmm-04320944;Common
https://books.google.fr/books;hal-04041691;Common
https://doi.org/10.1145/3310205;hal-03516360;Common
https://schema.org/startdate;hal-03516420;Common
https://patterns.dataincubator.org/book;hal-02279726;Common
https://doi.org/10.1016/j.agrformet.2012.09.011;hal-03231805;Common
https://doi.org/10.1921/jpts.v11i2.265;hal-04132566;Common
https://doi.org/10.1177/0037549703040939;hal-03231805;Common
https://doi.org/10.1109/tkde.2011.60;hal-04110779;Common
https://doi.org/10.1145/1160633.1160866;emse-02070625;Common
https://eur-lex.europa.eu/legal-content/en/txt;hal-03770578;Common
https://youtube.com/intl/en_us/kids;hal-04311598;Common
https://mainline.i3s.unice.fr/wasabi-pedalboard;hal-03087768;Common
https://doi.org/10.1504/ijass.2011.042205;hal-03231805;Common
https://doi.org/10.1109/cluster49012.2020.00028;hal-03510012;Common
https://doi.org/10.1007/978-3-319-58068-5;hal-04201661;Common
https://archive.org/details/developinguserin00hixd;hal-03635452;Common
https://doi.org/10.1145/1142473.1142574;hal-03292172;Common
https://sciencedirect.com/science/article/pii/s0022000013000214;hal-03356951;Common
https://gitlab.inria.fr/mburon/graph-layout-experiments;hal-02921457;Common
https://rdf.rhea-db.org;lirmm-02945170;Common
https://doi.org/10.1145/3450614.3464483;hal-04132566;Common
https://doi.org/10.14778/3514061.3514065;hal-04212814;Common
https://doi.org/10.1371/journal.pcbi.1008856;hal-03220977;Common
https://query.wikidata.org;hal-02096714;Common
https://arxiv.org/abs/1812.09449;hal-03518717;Common
https://sparqlprov.cs.aau.dk;hal-04386268;Common
https://github.com;hal-02573627;Common
https://bioportal.bioontology.org;hal-04353523;Common
https://github.com/versionclimber/versionclimber;hal-02262591;Common
https://doi.org/10.1016/j.artint.2020.103404;hal-04388942;Common
https://w3id.org/rml/bc;hal-04201661;Common
https://github.com/fchollet/arc;hal-04186090;Common
https://dbpedia.org/resource/b-rock;hal-03301330;Common
https://corese.inria.fr/sparql;hal-03404580;Common
https://protonotes.com;hal-03657095;Common
https://doi.org/10.1145/3360901.3364435;hal-03905184;Common
https://aaai.org/ocs/index.php/kr/kr18/paper/view/18068;hal-03934331;Common
https://xmlns.com/foaf/0.1;emse-04058783;Common
https://doi.org/10.1038/s41477-021-00974-2;hal-03338823;Common
https://arxiv.org/abs/2109.07519;hal-03494520;Common
https://youtu.be/vygqjakkywo;hal-03871500;Common
https://grantmckenzie.com/academics/cossi_2017.pdf;hal-03913504;Common
https://doi.org/10.1016/j.neuron.2013.03.006;hal-04093045;Common
https://dbpedia-spotlight.org;hal-02996442;Common
https://en.wikipedia.org/wiki/cosine;hal-03403125;Common
https://doi.org/10.1186/s12904-016-0094-7;hal-03160473;Common
https://aiim.org/wfmc/mainframe.htm;hal-02375958;Common
https://dx.doi.org/10.1007/11752707_8;hal-03657095;Common
https://doi.org/10.1007/978-3-319-23826-5_4;hal-03151014;Common
https://w3id.org/rml;hal-04201661;Common
https://github.com/frmichel/morph-xr2rml;hal-02939363;Common
https://doi.org/10.1145/3531055;lirmm-04277973;Common
https://dx.doi.org/10.1007/978-3-319-24024-4;hal-02435371;Common
https://doi.org/10.5441/002/edbt.2021.68;hal-03886320;Common
https://doi.org/10.1109/vr50410.2021.00046;hal-03698833;Common
https://purl.org/dc/terms;hal-03230741;Common
https://doi.org/10.1137/1.9781611976489.7;lirmm-04277973;Common
https://oasis-open.org/committees/tc_home.php;hal-03065217;Common
https://doi.org/10.3897/bdj.7.e32342;hal-03871553;Common
https://doi.org/10.1016/j.eswa.2020.113790;hal-03648498;Common
https://doi.org/10.1016/j.jocs.2013.08.001;hal-03231805;Common
https://doi.org/10.1038/d41586-021-03707-9;hal-03905184;Common
https://github.com/fr0stbyter/jspatcher;hal-03871500;Common
https://vldb.org/pvldb/vol7/p1715-meliou.pdf;hal-03514297;Common
https://doi.org/10.1007/978-3-030-28577-7_29;hal-03415990;Common
https://doi.org/10.3233/sw-2011-0029;lirmm-04305787;Common
https://dl.acm.org/citation.cfm;hal-03098614;Common
https://jasonsigal.cc/portfolio/olos;hal-03871500;Common
https://commons.apache.org/proper/commons-math;lirmm-02265729;Common
https://doi.org/10.1145/1013963.1013977;hal-02066041;Common
https://doi.org/10.1145/2976749.2978348;hal-03904200;Common
https://sciencedirect.com/science/article/pii/s0002929717302409;hal-03100032;Common
https://doi.org/10.1007/s00224-019-09937-9;hal-04278100;Common
https://redislabs.com/modules/redis-graph;hal-03189192;Common
https://covid19.i3s.unice.fr:8080/arviz;hal-03404580;Common
https://doi.org/10.1108/09684881311293034;hal-04132566;Common
https://hal.inria.fr/hal-03448667;hal-03506036;Common
https://elastic.co/kibana;hal-03936512;Common
https://doi.org/10.1215/s0012-7094-37-00334-x;hal-03140067;Common
https://e-cancer.fr;hal-03404580;Common
https://openreview.net/forum;hal-03256451;Common
https://pgxlod.loria.fr;hal-04366893;Common
https://dbpedia.org/ontology;hal-03301330;Common
https://vimeo.com/779347404;hal-04317927;Common
https://ncbi.nlm.nih.gov/pubmed;hal-03264761;Common
https://github.com/kg-construct/rml-core/issues;hal-04201661;Common
https://doi.org/10.1145/3209900.3209903;hal-03516360;Common
https://datatracker.ietf.org/doc/html/rfc7252;hal-04161546;Common
https://w3.org/tr/vocab-data-cube;hal-03021075;Common
https://help.twitter.com/en;hal-03916393;Common
https://doi.org/10.5281/zenodo.6573552;hal-04093045;Common
https://doi.org/10.1109/iccse.2012.12;hal-02968427;Common
https://twitter.com/kidehen/status/1250530568955138048;hal-02939363;Common
https://doi.org/10.1145/1978802.1978804;lirmm-04305787;Common
https://ceur-ws.org/vol-3063/oaei21;hal-04366893;Common
https://dx.doi.org/10.1016/j.ic.2007.05.002;hal-02913866;Common
https://doi.org/10.1145/2079296.2079304;hal-03266462;Common
https://easylist.to;hal-04228304;Common
https://doi.org/10.1109/tkde.2009.83;hal-04110779;Common
https://doi.org/10.1609/aaai.v32i1.11587;hal-04075393;Common
https://github.com/stefano-ortona/rudik;hal-03084606;Common
https://titan.thinkaurelius.com;hal-03189192;Common
https://nltk.org/_modules/nltk/wsd.html;hal-03001157;Common
https://sabiod.org/nips4b;hal-02281455;Common
https://informatics.jax.org/searches/ama;hal-04351729;Common
https://doi.org/10.1007/978-3-319-44564-9_26;hal-03415990;Common
https://doi.org/10.1007/978-3-319-48743-4_28;hal-03138755;Common
https://cran.r-project.org/package=tspred;lirmm-03452170;Common
https://zenodo.org/record/7139051;hal-04302997;Common
https://doi.org/10.1016/j.envsoft.2012.03.011;hal-03231805;Common
https://github.com/fr0stbyter/jspatcher;hal-04337545;Common
https://annotatorjs.org;hal-03657095;Common
https://doi.org/10.1145/2882903.2882944;hal-01673025;Common
https://scikit-learn.org/stable;hal-04414815;Common
https://vada.org.uk;hal-03381199;Common
https://doi.org/10.1145/3297001.3297014;hal-03886320;Common
https://kerdata.gitlabpages.inria.fr/kerdata-codes/e2clab;hal-03310540;Common
https://github.com/agroportal/documentation/wiki/mappings;lirmm-02945172;Common
https://w3.org/tr/prov-o;hal-03301330;Common
https://aaai.org/ojs/index.php/aaai/article;hal-03934420;Common
https://hal.inria.fr/hal-01925496;hal-02530206;Common
https://doi.org/10.1109/69.273032;hal-01673025;Common
https://doi.org/10.1145/1149114.1149117;hal-03517826;Common
https://insee.fr/en/statistiques;hal-03326618;Common
https://vldb.org/conf/1994/p487.pdf;hal-03084029;Common
https://ec.europa.eu/newsroom/article29/item-detail.cfm;hal-03140409;Common
https://doi.org/10.1016/j.websem.2015.07.001;hal-02319638;Common
https://github.com/faceb;hal-02910844;Common
https://doi.org/https://doi.org/10.1016/j.ajhg.2012.02.008;hal-03100032;Common
https://github.com/olegkapitonov/kapitonov-plugins-pack;hal-03087768;Common
https://doi.org/10.1142/s0129065704001899;lirmm-02364411;Common
https://youtube.com/watch;hal-03951799;Common
https://w3.org/ns/prov;hal-03230741;Common
https://lod-cloud.net;hal-02748219;Common
https://graphviz.org;lirmm-03324873;Common
https://lpdaac.usgs.gov/products/srtmgl1v003;hal-03415990;Common
https://covidontheweb.inria.fr/describe;hal-03404580;Common
https://doi.org/10.57745/ww7ty7;hal-04386951;Common
https://doi.org/10.1007/978-1-4419-6045-0;hal-04110779;Common
https://github.com/ldsec/lattigo;hal-02406503;Common
https://atih.sante.fr/analyse-de-l-activite-hospitaliere-2017;hal-02157559;Common
https://hal.univ-cotedazur.fr/hal-01589229;hal-04335612;Common
https://doi.org/10.1109/tkde.2011.253;hal-02984951;Common
https://github.com/lcadorel/geoinformationrealestate;hal-03518717;Common
https://dx.doi.org/10.48550/arxiv.2302.03180;hal-04388942;Common
https://teoalida.com;hal-04414815;Common
https://github.com/wimmics/d2kab/tree/main/meteo;hal-03619869;Common
https://doi.org/10.18653/v1/w18-1105;hal-04014977;Common
https://doi.org/10.1016/j.jpdc.2022.04.004;hal-04157720;Common
https://doi.org/https://doi.org/10.1016/j.ajhg.2017.06.005;hal-03100032;Common
https://openreview.net/forum;hal-04344975;Common
https://ncbi.nlm.nih.gov;hal-03711320;Common
https://doi.org/10.1145/1367497.1367606;emse-02070625;Common
https://doi.org/10.1007/978-3-319-25007-6_31;hal-02066041;Common
https://doi.org/10.1145/3034786.3056120;lirmm-04305787;Common
https://citeseerx.ist.psu.edu/viewdoc/download;hal-03514297;Common
https://w3.org/tr/webaudio;hal-03087768;Common
https://project.inria.fr/corese;hal-02939363;Common
https://pro.europeana.eu/page/linked-open-data;hal-02444752;Common
https://doi.org/10.1145/3524273.3533928;hal-03698833;Common
https://project.inria.fr/comprise;hal-02166432;Common
https://doi.org/10.1109/vr50410.2021.00034;hal-04102737;Common
https://doi.org/10.1145/3034786.3034794;hal-03934420;Common
https://doi.org/10.1109/mcg.2020.3006412;lirmm-03324873;Common
https://cs.ox.ac.uk/isg/projects/concur/oaei/2023;hal-04366893;Common
https://git.postgresql.org/gitweb;hal-03320929;Common
https://react.semantic-ui.com;hal-03871500;Common
https://zooni;hal-02894994;Common
https://timeseriesclassiﬁcation.com/singletraintest.csv;hal-03025671;Common
https://github.com/webaudiomodules;hal-03812948;Common
https://ceur-ws.org/vol-1932/paper-04.pdf;hal-02057980;Common
https://sciencedirect.com/science/article/pii/002200009390006i;hal-03356951;Common
https://covidibd.org;hal-02918344;Common
https://doi.org/10.1007/bf02127798;hal-04278100;Common
https://doi.org/10.1145/175276.175288;hal-03657095;Common
https://ns.inria.fr/meteo/observationslice/2021;hal-04230234;Common
https://cassandra.apache.org;hal-02962579;Common
https://cs.ucr.edu/~eamonn/time_series_data_2018;lirmm-03805997;Common
https://dx.doi.org/10.1145/3183713.3193568;hal-02066516;Common
https://dx.doi.org/10.1007/s00799-007-0010-0;hal-02879313;Common
https://doi.org/10.1145/2448496.2448513;hal-03527888;Common
https://dl.acm.org/citation.cfm;hal-04388942;Common
https://doi.org/10.1007/978-3-319-12277-9;hal-02348004;Common
https://tinyurl.com/cisco-internet-report;hal-03925679;Common
https://vldb.org/conf/1990/p455.pdf;hal-03937274;Common
https://doi.org/10.1109/ms.2007.135;hal-03231805;Common
https://doi.org/10.5281/zenodo.4312641;hal-03812106;Common
https://doi.org/10.3390/electronics9122087;hal-04205128;Common
https://pop.culture.gouv.fr/notice/merimee/ea06141158;hal-02613465;Common
https://w3.org/tr;hal-04156996;Common
https://w3.org/1999/xhtml/vocab;hal-04201661;Common
https://w3.org/tr/owl-features;hal-01925496;Common
https://doi.org/10.1145/nnnnnnn.nnnnnnn;hal-04278100;Common
https://w3.org/tr/owl2-overview;hal-02947251;Common
https://sciencedirect.com/science/article/pii/s0022000005800248;hal-03356951;Common
https://tandfonline.com/doi/abs/10.1080;hal-03315102;Common
https://hdigitag.fr/com;hal-02969510;Common
https://arxiv.org/abs/1904.12435;hal-03356951;Common
https://doi.org/10.18653/v1/n16-1030;hal-03518717;Common
https://doi.org/10.1109/secpri.1988.8110;lirmm-03833578;Common
https://ns.inria.fr/semed/frenchedu;hal-02571170;Common
https://dl.acm.org/citation.cfm;hal-02435371;Common
https://doi.org/10.1002/aps3.1029;hal-02981760;Common
https://doi.org/10.1007/978-3-319-11382-1_20;hal-04322219;Common
https://doi.org/10.14778/3229863.3236252;hal-03337765;Common
https://creativecommons.org/licenses/by/4.0;hal-03769993;Common
https://gitlab.com/ssvitor/dataflow_analyzer/-/tree/master/applications;lirmm-02949807;Common
https://doi.org/10.1145/2685553.2699012;hal-03657095;Common
https://nodered.org;hal-03135088;Common
https://clips.uantwerpen.be/conll2002/ner;hal-03150441;Common
https://faustservicecloud.grame.fr/targets;hal-03087763;Common
https://w3.org/tr/odrl-model;hal-04358408;Common
https://github.com/turingtrain/lyrics_thumbnailing;hal-03812106;Common
https://marenas.sitios.ing.uc.cl/publications/pods99.pdf;hal-03356951;Common
https://academic.oup.com/bioscience;hal-02573627;Common
https://github.com/janothan/dl-tc-generator;hal-04344873;Common
https://contentcheck.inria.fr;hal-02895316;Common
https://cran.rstudio.com/web/packages/gstsm/index.html;lirmm-04283772;Common
https://voiceprivacychallenge.org;hal-02907918;Common
https://doi.org/10.1145/3459637.3482312;hal-04068708;Common
https://github.com/fr0stbyter/jspatcher;hal-03871660;Common
https://web.cs.ucla.edu/~guyvdb/papers/salimitapp16.pdf;hal-03514297;Common
https://github.com/micbuffa/webaudioplugins;hal-02366723;Common
https://doi.org/10.14778/3529337.3529338;lirmm-04305787;Common
https://doi.org/10.1016/j.matcom.2008.01.017;hal-03231805;Common
https://doi.org/10.1145/1166074.1166076;hal-03527888;Common
https://spec.org;hal-03381732;Common
https://doi.org/10.1016/j.eja.2006.04.007;hal-03231805;Common
https://yann.lecun.com/exdb/mnist;hal-03741042;Common
https://inpn.mnhn.fr/taxref/9.0/taxon/95372;hal-01926379;Common
https://krr-oxford.github.io/deeponto;hal-04366893;Common
https://dx.doi.org/10.1007/978-3-319-10518-5;hal-02435371;Common
https://w3.org/tr/task-models;hal-03138755;Common
https://doi.org/10.1145/3411764.3445379;hal-04102737;Common
https://mainline.i3s.unice.fr/ampsim4;hal-02557901;Common
https://microsoft.github.io/monaco-editor;hal-03871500;Common
https://doi.org/10.3233/sw-160251;hal-02933190;Common
https://github.com/marcowindt/passive-ckws-attack;hal-03854573;Common
https://hadoop.apache.org;hal-02969510;Common
https://github.com/teamhg-memex/sklearn-crfsuite;hal-03502001;Common
https://doi.org/10.1145/263690.263806;hal-03779349;Common
https://doi.org/10.1145/2187836.2187922;hal-01673025;Common
https://data.inrae.fr/dataset.xhtml;hal-04084880;Common
https://w3.org/tr/sparql11-query;hal-03516459;Common
https://github.com/wimmics/covidontheweb;hal-04031744;Common
https://arxiv.org/abs/1908.10530;hal-03160473;Common
https://doi.org/10.1007/978-3-642-25073-6_11;hal-03946680;Common
https://tensorflow.org/js;hal-03871500;Common
https://doi.org/10.1109/tsmca.2005.855789;hal-02968427;Common
https://gitlab.com/ssvitor/dataflow_analyzer;lirmm-02949807;Common
https://yann.lecun.com/exdb/mnist;hal-03551329;Common
https://doi.org/10.1145/3005745.3005750;hal-03266462;Common
https://doi.org/10.1109/iot.2012.6402313;hal-02289497;Common
https://old.datahub.io/dataset/foodista;hal-03320929;Common
https://github.com/webaudiomodules/wam-examples;hal-03726153;Common
https://wikia.com;hal-04366893;Common
https://doi.org/10.1007/s00530-015-0462-9;hal-02981760;Common
https://covid19.i3s.unice.fr:8080;hal-03404580;Common
https://doi.org/10.1145/3409251.3411716;hal-04205128;Common
https://tinyurl.com/data-governance-act;hal-03666895;Common
https://dx.doi.org/10.1016/j.ic.2016.07.012;hal-01176763;Common
https://sws.geonames.org/3017382;hal-01926379;Common
https://ns.inria.fr/covid19;hal-04152604;Common
https://doi.org/10.2200/s00881ed1v01y201810dtm053;hal-02935956;Common
https://doi.org/10.1007/bf02289263;hal-03908363;Common
https://dl.acm.org/citation.cfm;hal-02913866;Common
https://opendatacommons.org/licenses/by/1.0;hal-03807744;Common
https://w3.org/tr/mbui-glossary;hal-03138755;Common
https://hpc.usc.edu;hal-02166422;Common
https://opendata.inra.fr/resources/core;hal-03738973;Common
https://creativecommons.org/licenses/by-nc-nd/4.0;lirmm-03639381;Common
https://github.com/micbuffa/webaudioplugins;hal-02366725;Common
https://doi.org/10.1007/11431053_7;hal-02057980;Common
https://doi.org/10.1145/3461727;hal-03698833;Common
https://arxiv.org/abs/1803.11175;hal-04014977;Common
https://doi.org/10.1007/978-3-642-01904-3;hal-03905409;Common
https://sws.geonames.org/3579143;hal-01926379;Common
https://csarven.ca/dokieli-rww;hal-03657095;Common
https://doi.org/10.1145/2636805.2636821;hal-03527888;Common
https://pole-emploi.org/accueil/mot-cle.html;hal-02348004;Common
https://w3.org/ns/shacl;hal-04152604;Common
https://doi.org/10.3233/sw-180338;hal-04014977;Common
https://eol.org/docs/what-is-eol/data-services;hal-03415990;Common
https://doi.org/10.3233/faia200237;hal-04041691;Common
https://w3.org/tr/2015/rec-ldp-20150226;emse-02070625;Common
https://sparql.bonxai.org/docs/sunburst.htmlhttps://sparql.bonxai.org/docs/sunburst.html1/1prepare;hal-02096714;Common
https://doi.org/10.1145/2723372.2742796;lirmm-04305787;Common
https://doi.org/10.1111/tgis.12627;hal-03518717;Common
https://aaai.org/ocs/index.php/kr/kr2010/paper/view/1218;hal-03934346;Common
https://regulatorycircuits-lod.genouest.org;hal-03602177;Common
https://doi.org/10.1109/icde.2009.64;hal-03337765;Common
https://youtu.be/donjw3v6oso;hal-04388974;Common
https://ceur-ws.org/vol-3324/om2022;hal-04366893;Common
https://pubmed.ncbi.nlm.nih.gov;hal-04353523;Common
https://doi.org/10.1016/j.tcs.2015.01.017;hal-03527888;Common
https://gitlab.inria.fr/bdeneu/cnn-sdm;hal-03220977;Common
https://schema.org/enddate;hal-03516420;Common
https://vldb.org/pvldb/vol14/p1137-sun.pdf;hal-04110779;Common
https://creativecommons.org/licenses/by-nc-nd/4.0;hal-04040702;Common
https://team.inria.fr/cedar/projects/relsearch;hal-04102807;Common
https://doi.org/10.14778/3213880.3213888;lirmm-04305787;Common
https://doi.org/10.1016/j.patrec.2017.12.011;hal-04014977;Common
https://tinyurl.com/domycile;hal-03925714;Common
https://doi.org/10.1016/j.artint.2010.04.011;hal-03934420;Common
https://babeljs.io;hal-03871500;Common
https://doi.org/10.1137/0608024;hal-03516360;Common
https://dx.doi.org/10.1007/978-3-642-38288-8;hal-04366893;Common
https://doi.org/10.18653/v1/s19-2011;hal-04014977;Common
https://doi.org/10.18653/v1/n19-1423;hal-04068708;Common
https://github.com/owlcs/owlapi/wiki;hal-03934420;Common
https://tigergraph.com;hal-03791272;Common
https://gaya-technology.com/incollables;hal-02571170;Common
https://doi.org/10.14778/3421424.3421432;hal-03897397;Common
https://doi.org/10.1145/3219819.3219994;hal-03908363;Common
https://doi.org/10.1007/s10458-008-9053-x;emse-04058783;Common
https://proceedings.mlr.press/v108/garreau20a.html;hal-03908363;Common
https://kaggle.com/c/birdclef-2022;hal-03791428;Common
https://doi.org/10.1007/978-3-030-81685-8_33;lirmm-03833578;Common
https://dx.doi.org/10.1007/978-3-642-18009-5;hal-02435371;Common
https://doi.org/10.1137/s0895480191220836;hal-03516360;Common
https://doi.org/10.1109/icde.2010.5447903;hal-03518717;Common
https://wikidata.org/wiki/help:qualiﬁers;hal-03516420;Common
https://arxiv.org/abs/1810.07758;hal-03381732;Common
https://espol.edu.ec;hal-03084671;Common
https://tinyurl.com/4kffdwhc;hal-03326626;Common
https://github.com/podmr/sharql;hal-03125718;Common
https://biodiversite.cevennes-parcnational.fr;hal-02981760;Common
https://exmo.inria.fr/files/publications/david2010b.pdf;hal-03905183;Common
https://creativecommons.org/publicdomain/zero/1.0;hal-03602177;Common
https://doi.org/10.1093/nar/gkz1055;hal-04125922;Common
https://hiit.github.io/dime-server;hal-03140409;Common
https://doi.org/10.1007/978-3-662-54434-1_4;lirmm-03833578;Common
https://doi.org/10.5334/cstp.241;hal-02981760;Common
https://lemonde.fr/blog/binaire/2014/01/19/linformatique-la-science-au-coeur-du-numerique-1;hal-02613465;Common
https://doi.org/10.1007/s10462-011-9277-z;hal-02196903;Common
https://doi.org/10.1145/1242572.1242680;hal-04110779;Common
https://doi.org/10.14778/3476249.3476306;hal-04278100;Common
https://dbpedia.org/property/narrated;hal-03519365;Common
https://hal.inria.fr/hal-02940819;hal-04138880;Common
https://dx.doi.org/10.1145/276627.276632;hal-03657095;Common
https://docs.openlinksw.com/virtuoso/rdfsparqlruleimpl;hal-02051413;Common
https://openminted.eu;hal-03969275;Common
https://gbif.org/fr/ipt;hal-04198414;Common
https://doi.org/10.1109/69.979972;hal-03084029;Common
https://segger.com;hal-03890057;Common
https://ec.europa.eu/research/openscience/pdf/os_rewards_wgreport_final.pdf;hal-02483307;Common
https://doi.org/10.4230/lipics.ipec.2016.30;hal-03516360;Common
https://w3.org/tr/2012/rec-owl2-syntax-20121211;hal-03301330;Common
https://jsbin.com/jeretab/edit;hal-03087763;Common
https://doi.org/10.1145/2882903.2915217;hal-03886320;Common
https://doi.org/10.5441/002/edbt.2016.67;hal-04110779;Common
https://doi.org/10.3390/electronics9050750;hal-03476795;Common
https://w3.org/tr/sparql11-query;hal-03404125;Common
https://source.android.com/security/trusty;hal-02406503;Common
https://w3.org/tr/rec-xml;hal-03231805;Common
https://insee.fr/fr/metadonnees/cpfr21/section/a;hal-02996442;Common
https://doi.org/10.15468/mma2ec;hal-02981760;Common
https://doi.org/10.5281/zenodo.1178123;hal-04233343;Common
https://etp4hpc.eu/sra.html;hal-03332524;Common
https://ecfr.gov/current/title-16/chapter-i/subchapter-c/part-312;hal-04311598;Common
https://gitlab.inria.fr/lcornang/aaai22;hal-03564455;Common
https://doi.org/10.1371/journal.pone.0097122;hal-02639237;Common
https://doi.org/10.3233/sw-223135;hal-04201661;Common
https://dx.doi.org/10.1007/978-3-642-36727-4;hal-02435371;Common
https://w3.org/standards/semanticweb;hal-02319638;Common
https://theses.fr/2014pa100169/document;hal-03228509;Common
https://sequencer.party;hal-04335580;Common
https://vldb.org/conf/2004/rs15p2.pdf;hal-04110779;Common
https://cevennes-parcnational.fr/fr;hal-02981760;Common
https://fasttext.cc/docs/en/crawl-vectors.html;hal-02381152;Common
https://doi.org/10.1109/csse.2008.379;hal-03084671;Common
https://pypi.org/project/pychronicles;hal-02422796;Common
https://segger.com/products/debug-probes/j-trace;hal-03890057;Common
https://solid.inrupt.com;hal-01949641;Common
https://doi.org/10.3758/s13428-012-0226-9;hal-03710323;Common
https://geves.fr/catalogue-france;hal-04289970;Common
https://w3.org/graphics/svg;hal-03087763;Common
https://waaw.csound.com;hal-03087763;Common
https://doi.org/10.1162/dint;hal-04351729;Common
https://hal.inria.fr/hal-03536045;hal-03527888;Common
https://plato.stanford.edu;hal-03414756;Common
https://irisa.fr/lis/ferre/pub/dexa2023;hal-04186117;Common
https://linkinghub.elsevier.com/retrieve/pii/s030645651830127x;hal-03315102;Common
https://scholar.google.fr/citations;hal-02980085;Common
https://doi.org/10.1145/3299869.3319882;hal-04110779;Common
https://doi.org/10.1016/j.biocon.2016.09.004;hal-02981760;Common
https://fao.org/faostat/en;hal-03711320;Common
https://doi.org/10.1038/nclimate1916;hal-03231805;Common
https://youtube.com/watch;hal-02557901;Common
https://sws.geonames.org/2139685;hal-01926379;Common
https://debates.org/voter-education/debate-transcripts/2https://github.com/pierpaologoffredo/fallacydetection;hal-04260221;Common
https://github.com/nicolas-hbt/versatile-embeddings;hal-04344873;Common
https://doi.org/10.24963/ijcai.2017/117;lirmm-04305787;Common
https://xgboost.readthedocs.io/en/latest/python;hal-03599214;Common
https://doi.org/10.1145/332040.332455;hal-03811274;Common
https://nordvpn.com/blog/private-search-engines;hal-04228304;Common
https://doi.org/10.3390/xxxxx;hal-04278771;Common
https://doi.org/10.1109/tkde.2020.2985376;hal-04110779;Common
https://hal.inria.fr/hal-01811835;hal-03151014;Common
https://ebi.ac.uk/biomodels;hal-04125922;Common
https://lustre.org;hal-02174445;Common
https://irisa.fr/lis/ferre/sparklis;hal-04269089;Common
https://orcid.org/0000-0001-9108-4278;hal-04269089;Common
https://doi.org/10.1145/2998181.2998239;hal-03657095;Common
https://inaturalist.org;hal-02639237;Common
https://wasabi.i3s.unice.fr/dynamicpedalboard;hal-02366723;Common
https://opensource.org/licenses;hal-03190617;Common
https://tinyurl.com/data-governance-act;hal-03925653;Common
https://wasabihome.i3s.unice.fr;hal-02337828;Common
https://wiwam.be;hal-03686060;Common
https://gd.eppo.int;hal-03889780;Common
https://doi.org/10.1145/564376.564421;hal-04068708;Common
https://schema.org/docs/about.html;hal-04156996;Common
https://orcid.org/0000-0002-6302-2333;hal-04269089;Common
https://doi.org/10.1007/978-3-030-06016-9_6;hal-03905184;Common
https://sites.google.com/view/fgvc9;lirmm-03793595;Common
https://webkb.org/kb/it/o_knowledge/d_odr_content_article.html;hal-02279726;Common
https://wileyonlinelibrary.com/journal/appsplantsci;hal-02910844;Common
https://uriburner.com;hal-03301330;Common
https://doi.org/10.26599/bdma.2018.9020003;hal-04014977;Common
https://doi.org/10.1007/978-3-319-68288-4_30;hal-02066041;Common
https://w3.org/wiki/social;hal-02435371;Common
https://gdpr-info.eu/issues/right-to-be-informed;hal-02066516;Common
https://reseau-canope.fr;hal-02145478;Common
https://github.com/frmichel/morph-xr2rml;hal-03969275;Common
https://gbif.org;hal-03454183;Common
https://doi.org/10.1137/1.9781611975031.80;hal-04278100;Common
https://doi.org/10.1145/3184558.3188737;hal-04335612;Common
https://doi.org/10.1007/978-3-319-98989-1_18;hal-02913866;Common
https://azure.microsoft.com;hal-03189192;Common
https://tata.gforge.inria.fr;hal-03151014;Common
https://w3.org/2000/01/rdf-schema;hal-03738973;Common
https://pdfs.seman;hal-02910844;Common
https://openenclave.io;hal-03941879;Common
https://doi.org/10.1007/978-3-030-28577-7_29;hal-04204378;Common
https://lpdaac.usgs.gov/products/srtmgl1v003;hal-02945382;Common
https://doi.org/10.1007/s10922-014-9336-2;hal-03266462;Common
https://books.google.fr/books;hal-03812106;Common
https://doi.org/10.1109/tvcg.2020.3028891;hal-03516360;Common
https://ghr.nlm.nih.gov/gene/th;hal-02317227;Common
https://herbier-guyane.ird.fr;hal-03601464;Common
https://dx.doi.org/10.1007/978-3-319-10073-9;hal-02435371;Common
https://doi.org/10.1186/s40359-021-00673-9;hal-03811274;Common
https://vldb.org/pvldb/vol9/p348-roy.pdf;hal-03514297;Common
https://doi.org/10.3166/isi.23.3-4.11-56;hal-03135088;Common
https://en.wikipedia.org/wiki/streetlight_effect;hal-02289497;Common
https://doi.org/10.1145/16894.16863;hal-03516360;Common
https://doi.org/10.1145/2452376.2452412;hal-03320929;Common
https://hdigitag.fr/com;hal-02174445;Common
https://doi.org/10.1016/j.gene.2013.11.006;hal-03100032;Common
https://arxiv.org/pdf/2012.02113.pdf;hal-03905183;Common
https://docs.cycling74.com/max8/vignettes/gen_overview;hal-03871500;Common
https://en.wikipedia.org/wiki/netease_music;hal-02557901;Common
https://doi.org/10.3233/sw-150175;hal-03946680;Common
https://w3.org/2001/sw/wiki/tools;hal-03363442;Common
https://wasabi.i3s.unice.fr/dynamicpedalboard;hal-02366725;Common
https://healthit.gov/topic/health-it-initiatives/blue-button;hal-02269222;Common
https://github.com/pckerneis/webaudio-visual-editor;hal-03087778;Common
https://agroportal.lirmm.fr;lirmm-02945170;Common
https://explore.recolnat.org/search/botanique/type=index;hal-02945382;Common
https://doi.org/10.1016/j.websem.2012.03.001;lirmm-04305787;Common
https://ontologydesignpatterns.org/ont/dul/ontopic.owl;hal-03812106;Common
https://doi.org/10.1145/2523616.2523633;hal-03897397;Common
https://docs.openlinksw.com/virtuoso/rdfsqlfromsparqldescribe;hal-02933190;Common
https://doi.org/10.1109/icra.2014.6907401;hal-04075393;Common
https://doi.org/https://doi.org/10.1016/j.future.2018.11.006;hal-03266462;Common
https://doi.org/10.1109/icde.2007.367929;hal-04110779;Common
https://github.com/chengli-um/deepcas;hal-03134181;Common
https://doi.org/10.1145/3350546.3352502;hal-03519365;Common
https://doi.org/10.1186/1471-2202-13-s1-p149;hal-03231805;Common
https://doi.org/10.1504/ijmso.2010.032649;hal-04205128;Common
https://jena.apache.org/documentation/tdb2;hal-03932371;Common
https://bioportal.lirmm.fr/ontologies/cisp-2;hal-01967586;Common
https://doi.org/10.1145/2517872.2517877;hal-02950994;Common
https://doi.org/10.1016/j.is.2017.09.003;hal-03329908;Common
https://gitlab.com/pem360/pem360;hal-03825059;Common
https://doi.org/10.1145/3066911.3066914;hal-03021075;Common
https://doi.org/10.1007/978-3-319-44564-9_26;hal-04204378;Common
https://doi.org/10.1016/j.dib.2023.109532;hal-04387090;Common
https://doi.org/10.1002/spe.2402;hal-03320929;Common
https://corenlp.run;hal-03866048;Common
https://data.europa.eu/doi/10.2777/51536;hal-03770578;Common
https://doi.org/10.1007/11663430_14;hal-03231805;Common
https://rdf.js.org;hal-02058664;Common
https://covidclinical.net;hal-02918344;Common
https://doi.org/10.1007/978-3-642-20795-2_6;hal-03892080;Common
https://ceur-ws.org/vol-60/bry_schaffert.pdf;lirmm-04305787;Common
https://hub.docker.com/r/openalea/strawberry;hal-04084880;Common
https://monetdb.org;lirmm-02127456;Common
https://ncbi.nlm.nih.gov/pubmed;hal-02879293;Common
https://academic.oup.com/jxb/pages/openaccess;hal-01895279;Common
https://rdocumentation.org/packages/scmamp/versions/0.2.55/topics/plotcd;hal-03599214;Common
https://proceedings.mlr.press/v37/ioffe15.html;hal-04041691;Common
https://shorturl.at/axz23;hal-03517826;Common
https://gbif.org/species/2895315;hal-04182535;Common
https://charlie-roberts.com/genish;hal-02366725;Common
https://doi.org/10.1109/cvpr.2015.7298682;hal-02980085;Common
https://github.com/issa-project/issa-pipeline/blob/main/dataset/dataset.ttl;hal-03807744;Common
https://hal.archives-ouvertes.fr/hal-02414771;hal-03114304;Common
https://doi.org/10.1109/tkde.2015.2411594;lirmm-03806053;Common
https://healthit.gov/topic/health-it-initiatives/blue-button;hal-02269216;Common
https://doi.org/https://doi.org/10.1016/j.compag.2020.105542;hal-02980085;Common
https://lpdaac.usgs.gov/products/srtmgl1v003;hal-03167637;Common
https://doi.org/10.5281/zenodo.2478791;hal-03231805;Common
https://doi.org/10.1007/978-3-319-08867-9;hal-02532706;Common
https://doi.org/10.5281/zenodo.6769891;hal-03871500;Common
https://rdfhdt.org/datasets;hal-03559309;Common
https://doi.org/10.1007/s10270-004-0061-2;hal-03231805;Common
https://doi.org/10.1145/2857274.2857276;hal-02060966;Common
https://dbpedia.org/class/yago;hal-03502001;Common
https://app.ampedstudio.com;hal-04337545;Common
https://openproceedings.org/icdt/2014/paper_17.pdf;hal-03356951;Common
https://ceur-ws.org/vol-2704/paper4.pdf;hal-04132566;Common
https://hadoop.apache.org;hal-02174445;Common
https://dx.doi.org/10.1007/978-3-642-17551-0;hal-02435371;Common
https://doi.org/10.5281/zenodo.1436634;hal-02174445;Common
https://doi.org/10.20870;hal-03347926;Common
https://doi.org/10.1007/978-3-642-04081-8_25;lirmm-03833578;Common
https://ceur-ws.org/vol-3324/oaei22;hal-04366893;Common
https://hobbit-project.github.io/oaei;hal-04351729;Common
https://mainline.i3s.unice.fr/wasabi-pedalboard;hal-03087763;Common
https://arxiv.org/abs/1712.07557;hal-04092216;Common
https://dl.acm.org/citation.cfm;hal-03315102;Common
https://projector.tensorflow.org;hal-03601145;Common
https://doi.org/10.1109/mis.2007.62;emse-02070625;Common
https://gitlab.com;hal-04289970;Common
https://doi.org/10.18653/v1/d19-1474;hal-04014977;Common
https://doi.org/10.1145/1059513.1059515;hal-04278100;Common
https://doi.org/10.1145/2457317.2457353;hal-04110779;Common
https://ns.inria.fr/probabilistic-shacl;hal-04031744;Common
https://hal.archives-ouvertes.fr/hal-01999453;lirmm-02364411;Common
https://wortwolken.com;hal-03812106;Common
https://github.com/webaudiomodules;hal-03812916;Common
https://librairie-archimede.com;hal-02145478;Common
https://iridia.ulb.ac.be/~psmets;hal-02441654;Common
https://doi.org/10.48550/arxiv.2205.05649;hal-04278100;Common
https://doi.org/10.1145/2882903.2882944;hal-03886320;Common
https://dbpedia.org/property/parentpeak;hal-03519365;Common
https://github.com/gaudel/ranking;hal-03163763;Common
https://doi.org/10.5555/3295222.3295230;hal-04132566;Common
https://github.com/webaudiomodules/api;hal-03951799;Common
https://dx.doi.org/10.1007/978-3-642-25073-6;hal-02435371;Common
https://ceur-ws.org/vol-2481/paper56.pdf;hal-04014977;Common
https://drill.apache.org;lirmm-03148271;Common
https://hal.inria.fr/hal-01325900;hal-01978784;Common
https://w3.org/2001/xmlschema;hal-03516420;Common
https://doi.org/10.1007/s10111-019-00566-3;hal-03138755;Common
https://w3.org/ns/dcat;hal-04366893;Common
https://arxiv.org/abs/2206.03044;hal-04092216;Common
https://doi.org/10.4230/lipics.csl.2020.29;lirmm-03833578;Common
https://alexandria.unisg.ch/255802;hal-02289497;Common
https://nbcnews.to/3sep8rl;hal-03916393;Common
https://diale.org/tube_emulation.html;hal-03087768;Common
https://doi.org/10.1371/journal.pone.0230254;hal-03918080;Common
https://dbpedia.org/class/yago;hal-02389918;Common
https://aicrowd.com;hal-02945382;Common
https://mesinfos.fing.org/english;hal-02269222;Common
https://w3.org/tr/shacl;hal-02066041;Common
https://jocondelab.iri-research.org/ns/jocondelab;hal-03363442;Common
https://doi.acm.org/10.1145/2046707.2046716;hal-02913866;Common
https://doi.org/10.4230/lipics.icdt.2018.9;lirmm-04305787;Common
https://doi.org/10.1145/3318464.3383132;hal-04278100;Common
https://doi.org/10.1145/3460210.3493561;hal-03905184;Common
https://doi.org/10.4230/lipics.icdt.2021.4;hal-03527888;Common
https://labs.mondeca.com/vocab/endpointstatus;hal-03301330;Common
https://openstreetmap.org;hal-02319539;Common
https://inpn.mnhn.fr/programme/referentiel-taxonomique-taxref;hal-02190170;Common
https://doi.org/10.1145/3035918.3035955;hal-04110779;Common
https://doi.org/10.1016/j.physrep.2009.11.002;hal-04014977;Common
https://en.wikipedia.org/wiki/21st_century_skills;hal-02145478;Common
https://doi.org/10.14778/3229863.3236245;hal-03886320;Common
https://youtu.be/cn_iwq7yvve;hal-03404580;Common
https://pages.saclay.inria.fr/ioana.manolescu;hal-04199455;Common
https://doi.acm.org/10.1145/1707801.1706355;hal-02902853;Common
https://typescriptlang.org;hal-03087778;Common
https://doi.org/10.1145/3511808.3557489;hal-04388942;Common
https://doi.org/10.3390/s17122772;hal-04386951;Common
https://doi.org/10.1145/3231644.3231668;hal-04132566;Common
https://doi.org/10.1145/38713.38749;hal-01673025;Common
https://buzzfeed.com/alexspence/nigel-farages-brexit-party-twitter-following;hal-03189474;Common
https://livy.apache.org;lirmm-03148271;Common
https://hal.inria.fr/inria-00070387;hal-03905409;Common
https://dx.doi.org/10.1613/jair.2375;hal-03934420;Common
https://ilpubs.stanford.edu:8090/846/2/main.pdf;hal-03356951;Common
https://doi.org/10.1145/3303991;hal-03934389;Common
https://wageningenacademic.com/doi/10.3920/978-90-8686-803-2_7;hal-03315102;Common
https://w3c.github.io/dxwg/dcat;hal-02060966;Common
https://kaon2.semanticweb.org;lirmm-03714595;Common
https://mosaicode.github.io;hal-03519504;Common
https://doi.org/10.1145/1242572.1242667;hal-03476795;Common
https://doi.org/10.3390/info9120310;hal-02060966;Common
https://mxnet.incubator.apache.org;hal-02573627;Common
https://doi.org/10.1007/s10207-013-0192-y;hal-02913866;Common
https://doi.org/10.1007/978-3-319-13704-9;hal-03905409;Common
https://perlego.com/book/1008615/medical-biochemistry-pdf;hal-03771760;Common
https://mesinfos.fing.org/english;hal-02269216;Common
https://doi.org/10.1145/141800.141805;hal-03266462;Common
https://vvvv.org;hal-03871500;Common
https://morganclaypool.com/doi/abs/10.2200/s00362ed1v01y201105dtm016;hal-03356951;Common
https://gitlab.inria.fr/tcao/text2insee;hal-02121389;Common
https://doi.org/10.1016;hal-04386951;Common
https://link.springer.com/article/10.1007/s11160-010-9197-z;hal-03228509;Common
https://identify.plantnet.org/explo/cevennes;hal-02981760;Common
https://doi.org/10.3897/biss.3.37421;hal-02168164;Common
https://creativecommons.org/licenses/by-nc-nd/4.0;hal-03347926;Common
https://doi.org/10.1016/j.fishres.2011.05.002;hal-03228509;Common
https://github.com/helemanc/gryffindor;hal-04262826;Common
https://ibm.biz/provlake;lirmm-03324881;Common
https://en.wikipedia.org/wiki/propaganda;hal-03351621;Common
https://oeg-upm.net;hal-03065217;Common
https://doi.org/10.1007/978-3-030-00250-3_9;hal-03151014;Common
https://doi.org/10.1109/ms.2016.117;hal-03138755;Common
https://github.com/daajoe/detkdecomp;hal-03516360;Common
https://dl.acm.org/citation.cfm;hal-03266462;Common
https://doi.org/10.1145/2882903.2882937;hal-03516360;Common
https://doi.org/10.1145/3350546.3352502;hal-03892080;Common
https://ceur-ws.org/vol-1317/oaei14;hal-04351729;Common
https://doi.org/10.1109/wsc.1990.129562;hal-03231805;Common
https://doi.org/10.1145/3290605.3300340;hal-03698833;Common
https://archive.ics.uci.edu/ml;hal-01941862;Common
https://faust.grame.fr/ide;hal-02366723;Common
https://doi.org/10.1145/2987550.2987566;hal-03897397;Common
https://tata.gforge.inria.fr;hal-04165835;Common
https://doi.org/10.1145/3281629;hal-01673025;Common
https://doi.org/10.1023/b:aire.0000045502.10941.a9;hal-01999453;Common
https://publish.plantnet-project.org/project/wildcofdb_en;hal-04182535;Common
https://euziere.org;hal-02981760;Common
https://doi.org/10.1145/3183713.3190657;hal-03517826;Common
https://openreview.net/forum;hal-04358408;Common
https://gen.lib.rus.ec/book/index.php;hal-03406994;Common
https://hal.archi;hal-03150701;Common
https://math.stackexchange.com/a/615136/378365;hal-03356951;Common
https://doi.org/10.1007/b104891;hal-04278100;Common
https://app.ampedstudio.com;hal-03871660;Common
https://dx.doi.org/10.1109/4235.942529;hal-02936253;Common
https://doi.org/doi/10.2766/826962;hal-04132566;Common
https://github.com/grame-cncm/faust2webaudio;hal-03087778;Common
https://doi.org/10.1016/j.compag.2013.04.003;hal-03231805;Common
https://tata.gforge.inria.fr;hal-01811835;Common
https://mosaicode.github.io;hal-03087778;Common
https://doi.org/10.1007/978-3-030-62466-8_5;hal-04031744;Common
https://birds.cornell.edu/ccb;hal-02989101;Common
https://doi.org/10.1145/1247480.1247518;hal-03337765;Common
https://doi.org/10.1109/tnnls.2020.2978386;hal-04041691;Common
https://plantnet.org;hal-02981760;Common
https://github.com/olegkapitonov/kapitonov-plugins-pack;hal-03087763;Common
https://example.org/evidence;hal-02064075;Common
https://sites.google.com/view/fgvc8;hal-03353487;Common
https://doi.org/10.1109/icde.2009.119;hal-04110779;Common
https://w3.org/2005/04/fresnel-info;hal-02058664;Common
https://aclanthology.org/u16-1008;hal-03518717;Common
https://arxiv.org/abs/2102.04521;hal-04014977;Common
https://w3.org/community/ml-schema;lirmm-02335500;Common
https://github.com/j-funk/js-dsp-test;hal-02366725;Common
https://mics.tools;hal-03658842;Common
https://future-ai-research.it;hal-04353543;Common
https://rdfquotient.inria.fr;hal-02530206;Common
https://gitlab.com/tomaye/comma2020-adversarial_examples;hal-02933266;Common
https://wasabi.i3s.unice.fr;hal-03133188;Common
https://w3id.org/rml/portal;hal-04201661;Common
https://ceur-ws.org/vol-1417/paper9.pdf;lirmm-04305787;Common
https://hal.inria.fr/hal-03189474;hal-03989703;Common
https://plantnet.org;hal-02639237;Common
https://pages.saclay.inria.fr/ioana.manolescu;hal-02895316;Common
https://w3.org/tr/void;hal-03946680;Common
https://dl.acm.org/citation.cfm;hal-01999453;Common
https://w3.org/2005/incubator/urw3/xgr-urw3-20080331;hal-02058664;Common
https://doi.org/10.1016/j.ijhcs.2015.05.004;hal-03710323;Common
https://franz.com/agraph/allegrograph;lirmm-02265932;Common
https://doi.org/10.1145/3538969.3538992;hal-03904200;Common
https://data.ign.fr/def/geoﬂa;hal-03426150;Common
https://opendata.inra.fr/resources/atweb/annotation;hal-03738973;Common
https://eol.org;hal-04322219;Common
https://mainline.i3s.unice.fr/fausteditorweb/dist;hal-02557901;Common
https://arxiv.org/abs/2207.02547;hal-04041691;Common
https://citeseerx.ist.psu.edu/viewdoc/download;hal-03228509;Common
https://aihub.cloud.google.com;hal-04157720;Common
https://openreview.net/pdf;hal-04353543;Common
https://trossenrobotics.com/p/phantomx-ax-12-reactor-robot-arm.aspx;hal-02289497;Common
https://doi.org/10.1145/16894.16872;hal-01673025;Common
https://doi.org/10.1007/3-540-34518-3;hal-03905409;Common
https://json.org;hal-02968427;Common
https://doi.org/10.1162/dint;hal-04366893;Common
https://statista.com;hal-03854573;Common
https://hatvp.fr;hal-03716868;Common
https://youtube.com/watch;hal-03087768;Common
https://geoservices.ign.fr/documentation/geoservices;hal-02190170;Common
https://donneespubliques.meteofrance.fr;hal-03619869;Common
https://doi.org/10.1371/journal.pone.0243300;hal-04014977;Common
https://authorea.com;hal-03657095;Common
https://doi.org/10.1016/j.future.2017.01.012;hal-03231805;Common
https://doi.org/10.1007/978-3-030-88361-4;hal-04041691;Common
https://doi.org/10.1007/978-981-33-4069-5_15;hal-04132566;Common
https://doi.org/10.1145/3290605.3300341;hal-03698833;Common
https://w3.org/tr/prov-o;hal-03905184;Common
https://doi.org/10.1007/s00778-017-0480-7;hal-03516360;Common
https://dl.acm.org/citation.cfm;hal-02289497;Common
https://doi.org/10.1007/s10994-011-5259-2;hal-03905409;Common
https://web.hypothes.is;hal-03657095;Common
https://doi.org/10.1145/2933242.2933258;hal-03657095;Common
https://lpdaac.usgs.gov/products/srtmgl1v003;hal-02989077;Common
https://github.com/cambridgeltl/hyperlex;hal-04250849;Common
https://drive.google.com/file/d/1yog5j1qvq2zq9wk4p3ujg4zxn_nzscjb/view;hal-04255496;Common
https://doi.org/10.1371/journal.pone.0232078;hal-03220977;Common
https://ceur-ws.org/vol-2100/paper26.pdf;hal-03937274;Common
https://share-project.org/home0.html;hal-03666895;Common
https://doi.org/10.1145/2001269.2001288;hal-02057980;Common
https://spacy.io/models/fr;hal-02121389;Common
https://kaggle.com/c/geolifeclef-2021;hal-03353487;Common
https://library.fa.ru/files/roth2.pdf;hal-03514297;Common
https://doi.org/10.1016/j.eja.2011.11.002;hal-03231805;Common
https://doi.org/10.1145/3487553.3524225;hal-04335612;Common
https://doi.org/10.1016/j.gpeds.2022.100016;hal-03770578;Common
https://doi.org/10.4230/dfu.vol4.12111.1;hal-02196903;Common
https://doi.org/10.1145/2745754.2745758;hal-03934420;Common
https://doi.org/10.1023/a:1010933404324;hal-04138880;Common
https://fr.dbpedia.org/resource;hal-03502001;Common
https://hal.inria.fr/inria-00418560;hal-03231805;Common
https://datatracker.ietf.org/group/core/about;emse-02070625;Common
https://doi.org/10.5281/zenodo.3833753;hal-03084029;Common
https://fr.wikipedia.org/wiki/self_data;hal-03140409;Common
https://imageclef.org;hal-02273257;Common
https://midata.coop;hal-02269292;Common
https://collexpersee.eu/projet/issa;hal-03969275;Common
https://github.com/agriculturalmodelexchangeinitiative/crop2ml;hal-02962262;Common
https://books.google.com/books;hal-02435371;Common
https://doi.org/10.1007/978-90-481-3619-3_4;hal-03231805;Common
https://doi.org/10.1109/icde.2018.00146;hal-04110779;Common
https://wstnet.webscience.org;hal-03189474;Common
https://github.com/iherman/canonical_rdf;hal-02058664;Common
https://doi.org/10.3390/info9120310;hal-02168164;Common
https://tensorflow.org/js;hal-03519504;Common
https://kaggle.com/kaggle-survey-2019;hal-03347677;Common
https://purl.org/dc/terms;hal-03502001;Common
https://flickr.com/groups/806927@n20;hal-02060966;Common
https://github.com/openalea/strawberry;hal-04084880;Common
https://core.ac.uk/download/pdf/82063901.pdf;hal-03356951;Common
https://dl.acm.org/citation.cfm;emse-02070625;Common
https://papers.neurips.cc/paper/9015-;hal-03406994;Common
https://aclweb.org/anthology/s19-2193;hal-03189474;Common
https://allennlp.org;hal-02972180;Common
https://dx.doi.org/10.1109/access.2018.2870052;hal-04388942;Common
https://epubs.siam.org/doi/abs/10.1137/0212053;hal-03356951;Common
https://sparsity-technologies.com;hal-03189192;Common
https://doi.org/10.14778/3352063.3352101;hal-03320929;Common
https://doi.org/10.1016/b978-155860869-6/50096-2;lirmm-04305787;Common
https://jena.apache.org;hal-03866083;Common
https://doi.org/10.1142/s0218126698000043;hal-02968427;Common
https://chrisbotella.shinyapps.io/plectranthus_barbatus_sa_maps;hal-03771760;Common
https://idigbio.org;hal-03454183;Common
https://purl.org/lodatlas;hal-03946680;Common
https://doi.org/10.1109/rew.2017.84;hal-03138755;Common
https://doi.org/10.1145/2934872.2934904;hal-03266462;Common
https://github.com/adelinemomo/cnn-plant-disease;hal-02470280;Common
https://grappa.univ-lille3.fr/tata;hal-01176763;Common
https://neo4j.com/developer/kb/understanding-cypher-cardinality;hal-03886320;Common
https://inria.fr/tproduct;hal-03516713;Common
https://imt-mines-ales.fr;hal-03938382;Common
https://doi.org/10.1007/978-3-030-01090-4_31;lirmm-03833578;Common
https://gdpr-info.eu;hal-02269200;Common
https://github.com/aappleby/smhasher/wiki/murmurhash3;hal-02073854;Common
https://alexa.com/topsites;hal-03811257;Common
https://doi.org/10.1109/icdcs.2018.00048;hal-03510012;Common
https://github.com/raadjoe/obama-lod-identity-analysis;hal-03301330;Common
https://doi.org/10.1145/3357384.3358147;lirmm-04305787;Common
https://creativecommons.org/licenses/by/4.0;hal-03738973;Common
https://doi.org/10.5441/002/edbt.2021.58;hal-03516360;Common
https://science-and-you.com;hal-02145478;Common
https://ceur-ws.org/vol-2518/paper-womocoe2.pdf;hal-03905183;Common
https://odds.cs.stonybrook.edu/shuttle-dataset;hal-02166428;Common
https://dbpedia.org/resource/44th;hal-03301330;Common
https://wiki.bordeaux.inria.fr/realopt/pmwiki.php/project/bapcod;hal-02319521;Common
https://protonmail.com/support;hal-03138769;Common
https://tomtom.com/en;hal-04351729;Common
https://doi.org/10.1162/tacl_a_00028;hal-03648498;Common
https://doi.org/10.1109/32.106986;hal-03138755;Common
https://arxiv.org/abs/1812.04608;hal-04388942;Common
https://oeis.org/a003095;hal-02376981;Common
https://creativecommons.org/licenses/by/4.0;hal-03498165;Common
https://papers.ssrn.com/sol3/papers.cfm;hal-03140409;Common
https://aclanthology.org/s19-2109;hal-04014977;Common
https://doi.org/10.3897/biss.4.58933;hal-02973673;Common
https://trends.google.com/trends;hal-03854573;Common
https://doi.org/10.1145/3383313.3412249;hal-04068708;Common
https://ai4media.eu;hal-03710323;Common
https://doi.org/10.1016;hal-03315102;Common
https://hal.inria.fr/hal-02070827;hal-02446427;Common
https://aaai.org/ocs/index.php/aaai/aaai16/paper/view/12395;lirmm-04305787;Common
https://doi.org/10.19103/as.2019.0061.10;hal-03231805;Common
https://doi.org/10.1145/3514221.3526057;hal-04110779;Common
https://dx.doi.org/10.1007/11602569;hal-02435371;Common
https://nonsensical.com/1;hal-03946680;Common
https://doi.org/10.4230/lipics.icdt.2015.195;hal-03937274;Common
https://doi.org/10.1145/2791347.2791365;hal-03231805;Common
https://arxiv.org/abs/1511.08060;hal-03064464;Common
https://github.com/faceb;hal-02894994;Common
https://doi.org/10.5244/c.28.122;hal-03363442;Common
https://doi.org/10.1145/2629489;hal-03946680;Common
https://doi.org/10.5281/zenodo.3254977;hal-02894994;Common
https://doi.org/10.1007/s11119-020-09727-1;hal-04386951;Common
https://youtube.com/shorts/vm_mrtegeva;hal-03726153;Common
https://goessner.net/articles/jsonpath;hal-01926379;Common
https://doi.org/10.1007/978-3-662-49896-5_12;hal-03904200;Common
https://doi.org/10.1109/icde.2018.00078;hal-03320929;Common
https://philippe-fournier-viger.com/spmf/index.php;hal-03025572;Common
https://qmro.qmul.ac.uk/xmlui/handle/123456789/26089;hal-04335612;Common
https://colab.research.google.com/drive/...;hal-04068708;Common
https://doi.org/10.1007/978-3-642-04346-8_62;hal-04138880;Common
https://dl.acm.org/citation.cfm;hal-03960471;Common
https://hal.inria.fr/hal-01591001;hal-03892080;Common
https://doi.org/10.1002/2688-8319.12023;hal-02937618;Common
https://w3.org/tr/owl2-overview;hal-01925496;Common
https://spark.apache.org/mllib;hal-03347677;Common
https://w3.org/tr/rdf11-mt;hal-02446427;Common
https://identify.plantnet.org/stats;hal-02981760;Common
https://cacm.acm.org/magazines/2017/6/217732-weaving-the-web/fulltext;hal-02748219;Common
https://tensorﬂow.org;hal-03025671;Common
https://statsearch.inria.fr;hal-02121389;Common
https://doi.org/10.1109/icde.2002.994756;hal-04110779;Common
https://leanxcale.com;lirmm-03148271;Common
https://doi.org/10.1145/2488388.2488495;emse-02070625;Common
https://eol.org;hal-02283184;Common
https://doi.org/10.1007/3-540-48910-x_8;hal-03904200;Common
https://dbpedia.org/resource;hal-02936253;Common
https://doi.org/10.18653/v1/2020.acl-main.740;hal-03648498;Common
https://github.com/djebr/archer;hal-02933190;Common
https://doi.org/10.5281/zenodo.1178891;hal-04233343;Common
https://doi.org/10.1109/tkde.2007.1063;hal-02532706;Common
https://snap.stanford.edu/data;hal-03134181;Common
https://creativecommons.org/licenses/by-nc-nd/4.0;hal-03934346;Common
https://ns.inria.fr/covid19/graph/acta;hal-03404580;Common
https://cran.r-project.org/web/packages/bayesiantools/index.html;hal-03771760;Common
https://github.com/xaiseries/xem;hal-03599214;Common
https://doi.org/10.1109/vr50410.2021.00051;hal-04102737;Common
https://arxiv.org/abs/1912.12610;hal-03514297;Common
https://doi.org/10.1007/bfb0014151;hal-03516360;Common
https://doi.org/10.1145/2534169.2486019;hal-03266462;Common
https://doi.org/10.5281/zenodo.6921965;hal-03771760;Common
https://doi.org/10.1002/cpe.6544;lirmm-03324881;Common
https://doi.org/10.1016/j.websem.2003.09.001;hal-02984951;Common
https://doi.org/10.1007/978-3-030-28577-7;hal-02945382;Common
https://doi.org/10.1109/mcse.2010.118;hal-03231805;Common
https://bit.ly/3ae4xnz;hal-03916393;Common
https://doi.org/10.48550/arxiv.2211.11518;hal-04228304;Common
https://pypi.python.org/pypi/skills;hal-02566930;Common
https://doi.org/10.1016/j.tcs.2014.07.032;hal-04125922;Common
https://doi.org/10.1596/1-5525-0114-0;hal-03228509;Common
https://share-project.org/home0.html;hal-03925653;Common
https://gitlab.inria.fr/cedar/connectionlens;hal-02934277;Common
https://dx.doi.org/10.1155/2009/783194;lirmm-02364411;Common
https://doi.org/10.1890/07-2153.1;hal-02639237;Common
https://w3.org/tr/2013/rec-sparql11-query-20130321;hal-02060966;Common
https://doi.org;hal-03347926;Common
https://aaai.org/ocs/index.php/icwsm/icwsm12/paper/view/4629;hal-03518717;Common
https://arxiv.org/abs/2003.08271;hal-04014977;Common
https://nextcloud.com;hal-02269222;Common
https://huggingface.co/choubert;hal-04377395;Common
https://hasocﬁre.github.io/hasoc/2020/index.html;hal-04014977;Common
https://doi.org/10.24963/ijcai.2018/269;hal-02277678;Common
https://monetdb.org;lirmm-03443548;Common
https://json.org/json-en.html;hal-03087763;Common
https://w3.org/tr/webaudio;hal-03087778;Common
https://ns.com/author123;hal-03774599;Common
https://doi.org/10.1145/1367497.1367606;hal-02060966;Common
https://ameli.frlast;hal-03580286;Common
https://arxiv.org/abs/1405.3631;lirmm-04305787;Common
https://doi.org/10.3166/jancl.17.129-155;hal-02984951;Common
https://alt.qcri.org/semeval2017/task8;hal-02990781;Common
https://gapminder.org/tools;hal-03936512;Common
https://eol.org;lirmm-02945170;Common
https://doi.org/10.1257/jep.23.3.93;hal-04132566;Common
https://youtu.be/dldonqujybc;hal-03726153;Common
https://github.com/openalea/hydroshoot;hal-02253260;Common
https://doi.org/10.1145/3375395.3389130;hal-04278100;Common
https://wiki.dbpedia.org;hal-03082579;Common
https://doi.org/10.1007/s10458-020-09468-5;hal-04075393;Common
https://prodinra.inra.fr/ft;hal-03315102;Common
https://usableprivacy.org;hal-03065217;Common
https://ssrn.com/abstract=2354377;hal-03189474;Common
https://rebeltech.org/product/owl-pedal;hal-03087763;Common
https://academic.oup.com/tas;hal-03315102;Common
https://faircrowd.work/unions-for-crowdworkers;hal-03189474;Common
https://grid5000.fr;hal-03369137;Common
https://wasabi.i3s.unice.fr/dynamicpedalboard;hal-02557901;Common
https://cocodataset.org;hal-03363442;Common
https://creep-project.eu;hal-02381152;Common
https://github.com/j-funk/js-dsp-test;hal-03087763;Common
https://arxiv.org/abs/1412.6575;hal-02066041;Common
https://doi.org/10.1109/tkde.2016.2633993;hal-01673025;Common
https://tinkerpop.apache.org;hal-03189192;Common
https://sass-lang.com;hal-03087778;Common
https://doi.org/10.1145/3323503.3360619;hal-04014977;Common
https://dbpedia.org/resource/severe;hal-03301330;Common
https://doi.org/10.1007/s00799-014-0110-6;hal-04138880;Common
https://dspace.mit.edu/handle/1721.1/73002;hal-03657095;Common
https://nextcloud.com;hal-02269216;Common
https://doi.org/10.1016/j.envsoft.2007.02.004;hal-03231805;Common
https://transitfeeds.com/l/541-nice-france;hal-02319539;Common
https://doi.org/10.3384/diss.diva-139487;hal-03905409;Common
https://w3.org/rdf;hal-04344873;Common
https://yaroslavvb.com/papers/dyer-on.pdf;hal-03356951;Common
https://krr-oxford.github.io/guarded-saturation;lirmm-03714595;Common
https://doi.org/10.1145/298514.298591;hal-01673025;Common
https://dgraux.github.io;hal-03890035;Common
https://github.com/openalea/strawberry/tree/master/share/data;hal-04084880;Common
https://doi.org/10.4230/lipics.icdt.2018.12;lirmm-04320944;Common
https://doi.org/10.1145/2578726.2582618;hal-02981760;Common
https://cables.gl;hal-03519504;Common
https://doi.org/10.1080/19345747.2018.1496501;hal-04132566;Common
https://www-intuidoc.irisa.fr/children-handwritings-database;hal-02940236;Common
https://ceur-ws.org/vol-1317/oaei14;hal-04366893;Common
https://ceur-ws.org/vol-1577/paper_40.pdf;lirmm-04305787;Common
https://doi.org/10.14778/3149193.3149196;hal-01673025;Common
https://fr.dbpedia.org/sparql;hal-02064421;Common
https://macsur.eu;hal-03342381;Common
https://doi.org/10.1109/aiccsa47632.2019.9035228;hal-04014977;Common
https://ub-madoc.bib.uni-mannheim.de/29351;hal-03426142;Common
https://wasabi.inria.fr/sparql;hal-03812106;Common
https://doi.org/10.1137/0208032;hal-03127717;Common
https://doi.org/10.14778/2733004.2733031;lirmm-04305787;Common
https://creativecommons.org/licenses/by/4.0;hal-04387090;Common
https://github.com/remifelin/rdfmining/tree/eswc_2023;hal-04031744;Common
https://doi.org/10.1109/69.390249;hal-03937274;Common
https://dx.doi.org/10.1007/978-3-319-15579-1_13;hal-01176763;Common
https://sciencedirect.com/science/article/pii/s0002929715003742;hal-03100032;Common
https://nijianmo.github.io/amazon/index.html;hal-03347677;Common
https://kcl.ac.uk/policy-institute/assets/divided-britain.pdf;hal-03031812;Common
https://biodiversa.org/702;hal-04405026;Common
https://doi.org/10.18452/21483;hal-04278100;Common
https://homepages.inf.ed.ac.uk/libkin/papers/kr16.pdf;hal-03356951;Common
https://fspm2020.net;hal-02964060;Common
https://acm.org/publications/policies/artifact-review-and-badging-current;hal-03190617;Common
https://doi.org/10.1093/bioinformatics/btl172;hal-04125922;Common
https://doi.org/10.1109/bigdata.2016.7840589;lirmm-04305787;Common
https://doi.org/https://doi.org/10.1109/mis.2006.16;hal-03905409;Common
https://query.wikidata.org;hal-04386268;Common
https://dbpedia.org/ontology;hal-02389918;Common
https://compriseh2020.eu;hal-02907918;Common
https://doi.org/10.1080/13658810701850547;hal-03913497;Common
https://github.com/sebpiq/webpd;hal-03519504;Common
https://doi.org/10.1016/j.chb.2021.106878;hal-04132566;Common
https://math.cmu.edu/~af1p/teaching/mcc17/papers/enumerate.pdf;hal-03356951;Common
https://doi.org/10.1007/bfb0030341;hal-03934389;Common
https://grid5000.fr;lirmm-02973633;Common
https://sequencer.party;hal-04337545;Common
https://doi.org/10.1145/3366424.3383528;hal-04201661;Common
https://gitlab.inria.fr/boreal-artifacts/pvldb2023;lirmm-04305787;Common
https://doi.org/10.1093/nar/gky1055;hal-03516360;Common
https://wma.net/en/30publications/10poli;hal-03770578;Common
https://doi.org/10.1145/78935.78937;hal-03937274;Common
https://github.com/trys/pedalboard;hal-03812948;Common
https://doi.org/10.1145/174644.174651;lirmm-03833578;Common
https://opendata.inra.fr/resources/microfiltration;hal-03738973;Common
https://theplantlist.org;hal-02981760;Common
https://hdl.handle.net/2123/7608;hal-03726153;Common
https://postgis.net/docs/st_pointonsurface.html;hal-03913497;Common
https://imageclef.org;hal-04322219;Common
https://cables.gl;hal-03087778;Common
https://doi.org/10.5591/978-1-57735-516-8/ijcai11-166;lirmm-04320944;Common
https://owl.cs.manchester.ac.uk/tools/list-of-reasoners;hal-04353543;Common
https://doi.org/10.1007/978-3-030-64266-2_4;hal-03079818;Common
https://ceur-ws.org/vol-2032/oaei17;hal-04351729;Common
https://naturgucker.de;hal-02639237;Common
https://threejs.org;hal-03519504;Common
https://timeseriesclassification.com/dataset.php;hal-03469487;Common
https://ilpubs.stanford.edu:8090/252/1/1997-3.pdf;hal-03514297;Common
https://pytorch.org;hal-02573627;Common
https://doi.org/10.1109/tcyb.2019.2931042;hal-04102737;Common
https://w3.org/2000/01/rdf-schema;hal-04153252;Common
https://doi.org/10.13140/rg.2.2.16456.19202;hal-04335612;Common
https://hal.inria.fr/hal-03776508;hal-03890057;Common
https://doi.org/10.1109/icde.2018.00093;hal-03337765;Common
https://musicdsp.org/showone.php;hal-03087768;Common
https://i3s.unice.fr/~faron;hal-03890035;Common
https://doi.acm.org/10.1145/2534169.2486019;hal-03266462;Common
https://inria.fr;hal-02748219;Common
https://journals.cambridge.org/abstract_;hal-03315102;Common
https://github.com/nyxpho/subrank;hal-03134181;Common
https://openreview.net/forum;hal-04353543;Common
https://doi.org/10.48550/arxiv.2212.10847;hal-04388942;Common
https://tinyurl.com/domycile;hal-03666895;Common
https://huggingface.co/gryffindor-isws;hal-04262826;Common
https://haveibeenpwned.com;hal-02269201;Common
https://github.com/sebpiq/webpd;hal-03087778;Common
https://webcomponents.org;hal-02366725;Common
https://kubernetes.io;lirmm-02265932;Common
https://aicrowd.com/challenges/lifeclef-2021-plant;hal-03353469;Common
https://doi.org/10.1109/cluster48925.2021.00043;hal-04157720;Common
https://w3.org/tr/sparql11-query;hal-01925496;Common
https://schema.org;hal-03230741;Common
https://arxiv.org/abs/1712.06246;hal-04014977;Common
https://dl.acm.org/citation.cfm;lirmm-02364411;Common
https://dbpedia.org/ontology/place;hal-03913504;Common
https://doi.org/10.1145/2491568.2491592;hal-02388854;Common
https://arxiv.org/pdf/1905.08819.pdf;hal-03140409;Common
https://doi.org/10.1145/1065167.1065203;hal-03937274;Common
https://w3.org/tr/owl-mapping-to-rdf;hal-02066041;Common
https://doi.org/10.1007/s10817-013-9296-3;hal-03934420;Common
https://researchgate.net/publication/226508658_on_counting_and_approximation;hal-03356951;Common
https://doi.org/10.1145/2723372.2742796;hal-01673025;Common
https://share-project.org/home0.html;hal-03925714;Common
https://doi.org/10.1145/3167132.3167341;hal-04031744;Common
https://doi.org/10.1111/j.1365-2656.2008.01390.x;hal-03220977;Common
https://doi.org/10.1145/3287560.3287574;hal-02277678;Common
https://freshwaterwatch.thewaterhub.org;hal-03658842;Common
https://epic.awi.de/id/eprint/29967/1/wmo2011i.pdf;hal-03619869;Common
https://doi.org/10.1007/3-540-46093-4_2;hal-03937274;Common
https://doi.org/10.1080/13658816.2018.1458986;hal-03518717;Common
https://guitarix.org;hal-02366725;Common
https://soul.dev;hal-03087763;Common
https://doi.org/10.13031;hal-03347926;Common
https://oaei.ontologymatching.org/2023/results/commonkg/index.html;hal-04366893;Common
https://oaei.ontologymatching.org/2019/results/knowledgegraph/small;hal-04351729;Common
https://google.com/search;hal-03946680;Common
https://doi.org/10.5281/zenodo.6767596;hal-04093045;Common
https://cs.toronto.edu/~yuana/di-complexity.html;hal-03936512;Common
https://flore.silene.eu/index.php;hal-02190170;Common
https://hal.inria.fr/hal-03059523/file/abstract7.pdf;hal-04084880;Common
https://doi.org/10.1007/s00236-013-0190-6;hal-02532706;Common
https://eosc-portal.eu;hal-03658842;Common
https://cordis.europa.eu/projects/en;hal-03516296;Common
https://doi.org/10.1016/j.is.2014.09.003;hal-03937274;Common
https://openenclave.io/sdk;hal-03996787;Common
https://wasabi.i3s.unice.fr;hal-03812106;Common
https://identify.plantnet.org/stats/cevennes;hal-02981760;Common
https://hal.archives-ouvertes.fr/hal-00746772;hal-02289497;Common
https://epa.gov/heasd/airsensortoolbox;hal-03329908;Common
https://hal.inria.fr/hal-01178140;hal-02935956;Common
https://aes.org/e-lib/browse.cfm;hal-03087763;Common
https://community.ﬁco.com/s;hal-03899151;Common
https://github.com/scalanlp/breeze/wiki;hal-03347677;Common
https://doi.org/10.4230/lipics.mfcs.2018.10;lirmm-03833578;Common
https://w3.org/tr/prov-overview;lirmm-03227618;Common
https://dl.sciencesocieties.org/publications/jas/abstracts;hal-03315102;Common
https://doi.org/10.1109/vr.2018.8446574;hal-03698833;Common
https://doi.org/10.1109/isre.1995.512551;hal-03138755;Common
https://claimreviewproject.com;hal-03945733;Common
https://noswearing.com;hal-02281137;Common
https://internet.org;hal-03189474;Common
https://dashersw.github.io/pedalboard.js;hal-03812948;Common
https://ceur-ws.org/vol-1585/mepdaw2016;hal-02435371;Common
https://pep.security/docs;hal-03138769;Common
https://haveibeenpwned.com;hal-02269209;Common
https://escholarship.org/content/qt51z7d647/qt51z7d647.pdf;lirmm-04225369;Common
https://mongodb.com;hal-02968427;Common
https://plantnet.org/en;hal-02573627;Common
https://w3.org/tr/prov-dm;lirmm-02335500;Common
https://protege.stanford.edu;hal-04346839;Common
https://doi.org/10.1145/1242572.1242680;hal-03886320;Common
https://vega.github.io;hal-02918344;Common
https://healthit.gov/topic/health-it-initiatives/blue-button;hal-01949641;Common
https://arxiv.org/abs/1705.07878;hal-03160473;Common
https://doi.org/10.1007/978-3-319-02999-3;hal-04014977;Common
https://doi.org/10.1007/978-3-642-25106-1;hal-03905409;Common
https://aaai.org/ocs/index.php/kr/kr2010/paper/view/1216;lirmm-04320944;Common
https://doi.org/10.1145/1066157.1066173;hal-03516360;Common
https://insee.fr/fr/statistiques/1288156;hal-02121389;Common
https://mainline.i3s.unice.fr/wam2/packages/_;hal-04337545;Common
https://doi.org/10.1007/978-3-319-46520-3_8;lirmm-03833578;Common
https://sequencer.party;hal-03871660;Common
https://vvvv.org;hal-03519504;Common
https://doi.org/10.1007/978-3-030-64266-2_2;hal-03811274;Common
https://urbansoundtale.com;hal-03871500;Common
https://doi.org/10.1145/3318464.3380567;hal-03517826;Common
https://dannorth.net/whats-in-a-story;hal-03138755;Common
https://doi.org/10.1017;hal-03315102;Common
https://doi.org/10.5441/002/edbt.2016.67;hal-03886320;Common
https://dx.doi.org/10.5281/zenodo.6769408;hal-04335580;Common
https://doi.org/10.1145/3155133.3155160;hal-01673025;Common
https://doi.org/10.3233/sw-2010-0021;hal-03905184;Common
https://hal.inria.fr/hal-02057980;hal-02269134;Common
https://frama.link/google;hal-02936130;Common
https://doi.org/10.1007/978-3-319-68204-4;hal-04201661;Common
https://doi.org/10.1109/searis.2015.7854099;hal-04102737;Common
https://proceedings.mlr.press/v70/shrikumar17a.html;hal-03908363;Common
https://doi.org/10.1080/026999398379574;hal-03710323;Common
https://doi.org/10.1145/2619239.2626336;hal-03266462;Common
https://chat.openai.com/share/6538a7f4-0a19-4e54-b5d8-d246dac3781a;hal-04311401;Common
https://library.wmo.int/doc_num.php;hal-03890035;Common
https://doi.org/10.1007/978-3-030-85610-6_24;hal-03657095;Common
https://doi.org/10.4230/lipics.icdt.2018.19;hal-03527888;Common
https://github.com/openalea-incubator/wheatfspm;hal-02903070;Common
https://tinyurl.com/y9vny8qu;hal-03087763;Common
https://doi.org/10.1016/j.future.2019.05.011;hal-04157720;Common
https://doi.org/10.1007/978-3-540-92673-3_0;hal-03519365;Common
https://doi.org/10.1093/bioinformatics/btx741;lirmm-03324873;Common
https://perso.liris.cnrs.fr/remy.delanaux/papers/wise2019appx.pdf;hal-02444752;Common
https://github.com/google-research/bleurt;hal-04257838;Common
https://doi.org/10.1016/j.biosystemseng.2021.08.005;hal-04386951;Common
https://faust.grame.fr/ide;hal-02557901;Common
https://doi.org/10.1109/mis.2017.4531226;hal-04075393;Common
https://keras.io;hal-03066941;Common
https://cos4bio.eu;hal-03658842;Common
https://annozilla.mozdev.org;hal-03657095;Common
https://doi.org/10.1145/3200766;hal-04188896;Common
https://doi.org/10.1145/6012.6013;hal-01673025;Common
https://google.com/gen_20;hal-04228304;Common
https://jspat.shren.site/dist;hal-04093045;Common
https://doi.org/10.1002/abc.20062;hal-04132566;Common
https://team.inria.fr/wimmics;hal-02939363;Common
https://doi.org/10.1016/j.compedu.2013.01.015;hal-04132566;Common
https://dx.doi.org/10.1007/978-3-642-04329-1;hal-02435371;Common
https://elections2022.imag.fr;hal-04129915;Common
https://wileyonlinelibrary.com/journal/appsplantsci;hal-02894994;Common
https://doi.org/10.1145/2723372.2746484;hal-03897397;Common
https://doi.org/10.1145/3299869.3319882;hal-03886320;Common
https://books.google.fr/books;hal-04014977;Common
https://doi.org/10.1007/978-3-030-59152-6_27;lirmm-03833578;Common
https://github.com/agroportal/ontology_mapping_harvester;lirmm-02945170;Common
https://w3.org/tr/rdf11-primer;hal-03516393;Common
https://arxiv.org/abs/cs/0003044;hal-03514297;Common
https://github.com/rtavenar/tslearn;hal-02513295;Common
https://docker.com;hal-04161546;Common
https://doi.org/10.1145/1878450.1878463;hal-03657095;Common
https://doi.org/10.1016/j.jsc.2008.10.007;hal-03934420;Common
https://dx.doi.org/10.1145/3411764.3445365;hal-04388942;Common
https://digi.me/sources;hal-03140409;Common
https://eric.ed.gov;hal-04132566;Common
https://drive.google.com/uc;hal-03905094;Common
https://tata.gforge.inria.fr;hal-03134596;Common
https://ns.inria.fr/meteo/weatherstation;hal-04230234;Common
https://doi.org/10.1186/1687-5281-2013-52;hal-02873670;Common
https://doi.org/10.1109/searis.2015.7854099;hal-03698833;Common
https://doi.org/10.14778/2735479.2735494;hal-04278100;Common
https://dx.doi.org/10.1016/j.websem.2005.06.005;hal-02435371;Common
https://doi.org/10.14778/3554821.3554878;hal-03517826;Common
https://ﬁgshare.com/articles/earthquake;hal-02373429;Common
https://onto.fel.cvut.cz/dataset-dashboard;hal-03946680;Common
https://rogerclarke.com/ii/iwtbf.html;hal-03189474;Common
https://assist.ceh.ac.uk/e-surveyor;hal-04405026;Common
https://github.com/wimmics/d2kab/tree/main/meteo/sparql-examples;hal-03619869;Common
https://cozy.io/en;hal-02269222;Common
https://pytorch.org/docs/stable/generated/torch.nn.bcewithlogitsloss.html;hal-03363442;Common
https://dl.acm.org/citation.cfm;hal-03657095;Common
https://w3.org/tr/mathml2;hal-03231805;Common
https://tinyurl.com/domycile;hal-03925653;Common
https://arxiv.org/abs/1805.04049;hal-03160473;Common
https://compriseh2020.eu;hal-02355115;Common
https://microsoft.com/en-;hal-03266462;Common
https://doi.org/10.1145/3227609.3227689;hal-03905184;Common
https://mesinfos.fing.org/english;hal-01949641;Common
https://w3.org/tr/owl2-syntax;hal-02936253;Common
https://arxiv.org/abs/1610.05492;hal-03160473;Common
https://esdac.jrc.ec.europa.eu/conte;hal-03150701;Common
https://agroportal.lirmm.fr/ontologies/c3po;hal-04289970;Common
https://github.com/scikit-learn-contrib/metric-learn;hal-03100076;Common
https://doi.org/10.1145/2484425.2484443;hal-01673025;Common
https://sgn.cornell.edu/search/organisms;hal-04182535;Common
https://doi.org/10.4230/lipics.icdt.2021.20;hal-04278100;Common
https://doi.org/10.1145/3035918.3064029;hal-03897397;Common
https://gitlab.inria.fr/enajm/related-doc;lirmm-03785968;Common
https://meeco.me;hal-02269292;Common
https://sciencedirect.com/science/article/pii/0020019082901399;hal-03356951;Common
https://arxiv.org/abs/1610.02132;hal-03160473;Common
https://apsnet.org/edcenter/apsnetfeatures/pages/melbourne.aspx;hal-04289970;Common
https://doi.org/10.1016/b978-012722442-8/50080-x;hal-03886320;Common
https://publish.plantnet-project.org/project/caypub;hal-02137748;Common
https://ns.inria.fr/covid19/property;hal-03230741;Common
https://doi.org/10.1145/3459637.3482023;hal-03913504;Common
https://spark.apache.org/docs/latest/tuning.html;hal-02106521;Common
https://doi.org/10.1007/s00224-014-9543-y;hal-03516360;Common
https://doi.org/10.14778/3415478.3415512;lirmm-04305787;Common
https://arxiv.org/pdf/2004.04192.pdf;hal-03695760;Common
https://amazon.fr/merchants-doubt-scientists-obscured-warming;hal-03337765;Common
https://cellml.org/specifications/cellml_1.1/index_html;hal-02962262;Common
https://onlinelibrary.wiley.com/doi/abs/10.1111;hal-03315102;Common
https://cozy.io/en;hal-02269216;Common
https://medium.com/@tao_66792;hal-03522878;Common
https://dbpedia.org/ontology/work;hal-03519365;Common
https://doi.org/10.1504/ijccbs.2013.058407;hal-03657095;Common
https://reasoning.cs.ucla.edu/ace;hal-03111679;Common
https://doi.org/10.1145/3034786.3034789;hal-04278100;Common
https://jsbin.com/qifexor/edit;hal-03087763;Common
https://doi.org/10.1016/j.scico.2011.10.004;hal-02289497;Common
https://qwant.com;hal-04228304;Common
https://mydex.org;hal-03941879;Common
https://doi.org/10.1007/s00778-020-00612-x;lirmm-03148271;Common
https://doi.org/10.1145/2232817.2232852;hal-04138880;Common
https://ns.inria.fr/covid19/arg/4f8.../0;hal-03230741;Common
https://w3.org/egov/wiki/linked;hal-02100230;Common
https://vldb.org/pvldb/vol11/p2002-aebeloe.pdf;hal-04110779;Common
https://ns.inria.fr/meteo/observation/2021;hal-04230234;Common
https://doi.org/10.1145/2745754.2745767;hal-02096714;Common
https://gdpr-info.eu;hal-02269211;Common
https://doi.org/10.1007/s10506-021-09301-8;hal-04388942;Common
https://aikenamps.com/the-last-word-on-biasing;hal-03087768;Common
https://archive.ics.uci.edu;hal-04353543;Common
https://tools.wmflabs.org/wikidata-game/distributed;hal-02066041;Common
https://birds.cornell.edu/brp;hal-02345644;Common
https://creativecommons.org/licenses/by-nc-nd/4.0;hal-02470280;Common
https://strawberry.rtfd.io;hal-04084880;Common
https://spot.lrde.epita.fr;hal-04344167;Common
https://doi.org/10.24963/kr.2020/78;hal-03934346;Common
https://doi.org/10.1145/3357384.3357895;hal-04068708;Common
https://ceur-ws.org/vol-1202/paper6.pdf;hal-03518717;Common
https://doi.org/10.1109/icde.2007.367929;hal-03886320;Common
https://agritrop.cirad.fr;hal-03807744;Common
https://iana.org/assignments/media-types/media-types.xhtml;hal-03404125;Common
https://lium.univ-lemans.fr/ted-lium3;hal-03706944;Common
https://ssrn.com/abstract=3134745;hal-03140409;Common
https://team.inria.fr/wimmics;hal-02058664;Common
https://youtube.com/watch;hal-03087763;Common
https://github.com/wikitimeline/wikitimeline.github.io;hal-03516420;Common
https://en.wikipedia.org/wiki/ftse;hal-02191810;Common
https://doi.org/10.1214/aos/1176342871;hal-01999453;Common
https://vldb.org/pvldb/2/vldb09-115.pdf;hal-02057980;Common
https://doi.org/10.1080/21553769.2017.1412361;hal-03871553;Common
https://elastic.co/kibana;lirmm-03324873;Common
https://doi.org/10.1109/sp.2018.00020;hal-03904200;Common
https://any23.apache.org;hal-02073854;Common
https://dl.acm.org/citation.cfm;hal-01981553;Common
https://ec.europa.eu/info/law/law-topic/data-protection;hal-03094885;Common
https://arxiv.org/abs/1407.3561;emse-02070625;Common
https://doi.org/10.3233/sw-150210;hal-03482955;Common
https://timeseriesclassiﬁcation.com/dataset.php;hal-03599214;Common
https://oaei.ontologymatching.org/2010/im/index.html4.https://oaei.ontologymatching.org/2018/spimbench.html5.https://github.com/lgalarra/vickey;hal-03512110;Common
https://github.com/frmichel/morph-xr2rml;hal-03619869;Common
https://jocondelab.iri-research.org/data/notice/00000055013;hal-03363442;Common
https://dx.doi.org/10.1109/4235.942529;hal-03082579;Common
https://reactjs.org;hal-03871500;Common
https://w3.org/tr/2013/rec-sparql11-overview-20130321;hal-02279726;Common
https://plotly.com/javascript;hal-04388974;Common
https://doi.org/10.1007/978-3-319-11382-1_20;hal-03415990;Common
https://doi.org/10.1145/1559845.1559890;hal-03516360;Common
https://educazur.fr;hal-02145478;Common
https://doi.org/10.1007/978-3-662-46078-8;hal-03527888;Common
https://doi.org/10.1109/tro.2012.2190178;hal-04075393;Common
https://gitlab.com/ssvitor/dataﬂow;hal-04161546;Common
https://doi.org/10.14778/3007263.3007297;hal-03337765;Common
https://hypergraphql.org;hal-02058664;Common
https://mongodb.org;hal-01926379;Common
https://lodatlas.lri.fr;hal-01978784;Common
https://jsbin.com/zotaver/edit;hal-03087768;Common
https://doi.org/10.1007/978-3-540-92673-3_0;hal-03892080;Common
https://fr0stbyter.github.io/jspatcher/dist;hal-03519504;Common
https://w3.org/tr/prov-o;hal-03230741;Common
https://doi.org/10.14778/3368289.3368292;hal-03516360;Common
https://public.tableau.com/s;hal-03779349;Common
https://xeno-canto.org;hal-02989101;Common
https://creativecommons.org/licenses/by/4.0;hal-02962262;Common
https://github.com/g200kg/webaudiodesigner;hal-03871500;Common
https://dx.doi.org/10.1007/978-3-642-41338-4;hal-02435371;Common
https://doi.org/10.1016/j.ic.2009.03.003;hal-02532706;Common
https://project.inria.fr/edgelet;hal-03925679;Common
https://ceur-ws.org/vol-2788/oaei20;hal-04351729;Common
https://w3.org/tr/2014/rec-json-ld-20140116;hal-02060966;Common
https://academic.oup.com/jas/article/68/2/562-572/4631828;hal-03315102;Common
https://purl.org/dc/terms;hal-04372234;Common
https://doi.org/10.1007/s10618-016-0483-9;hal-03315102;Common
https://ns.inria.fr/munc;hal-02064075;Common
https://arxiv.org/abs/1912.01703;hal-04041691;Common
https://ai4media.eu;hal-04349796;Common
https://dx.doi.org/10.1007/s10817-014-9305-1;hal-03934420;Common
https://umbrialogic.com/hirsch-thesis.pdf;lirmm-03714595;Common
https://doi.org/10.1145/2457317.2457353;hal-03886320;Common
https://dgraux.github.io/osm-in-h2020;hal-03516296;Common
https://doi.org/10.1145/1023720.1023737;hal-03266462;Common
https://dl.acm.org/citation.cfm;hal-02984949;Common
https://w3.org/tr/annotation-model;hal-03657095;Common
https://asmjs.org;hal-03087763;Common
https://github.com/g200kg/webaudio-controls;hal-03812948;Common
https://doi.org/10.1145/3137574.3137579;hal-04075393;Common
https://doi.org/10.1007/978-3-030-33223-5_37;hal-03937274;Common
https://doi.acm.org/10.1145/263690.263806;hal-02879313;Common
https://github.com/pdm-book/community;hal-04094449;Common
https://doi.org/10.1016/j.stueduc.2006.08.002;hal-04132566;Common
https://w3.org/tr/xmlschema11-2;hal-02057980;Common
https://docs.cozy.io/en/tutorials/konnector;hal-03140409;Common
https://scopus.com;hal-03686060;Common
https://doi.org/10.1145/3369554;hal-03937274;Common
https://ceur-ws.org/vol-2032/oaei17;hal-04366893;Common
https://doi.org/10.1007/978-3-662-03678-5;hal-03135088;Common
https://doi.org/10.1109/69.755613;hal-02057980;Common
https://doi.org/10.1016/j.envsoft.2018.02.002;hal-03231805;Common
https://phenome-emphasis.fr/phenome_eng;hal-02962579;Common
https://aaai.org/ocs/index.php/kr/kr16/paper/view/12813;hal-03934346;Common
https://eur-lex.europa.eu/legal-content/en/txt;hal-02066516;Common
https://doi.org/10.1007/978-3-030-64266-2_2;hal-03635452;Common
https://ns.inria.fr/nrv/v1/nrv_v1.html;hal-03065217;Common
https://dx.doi.org/10.1007/s00799-007-0010-0;hal-03657095;Common
https://bitbucket.org/sebferre/graph-fca;hal-03866030;Common
https://w3.org/tr/2017/rec-ldn-20170502;emse-02070625;Common
https://doi.org/10.1016/j.ijar.2017.08.012;hal-03905409;Common
https://doi.org/10.1145/38713.38749;hal-04110779;Common
https://w3.org/tr/2007/rec-soap12-part0-20070427;emse-02070625;Common
https://webkb.org/kb/it/o_knowledge/d_odr_content/sub;hal-02279726;Common
https://github.com/mlflow/mlflow;lirmm-03799097;Common
https://millionsongdataset.com/musixmatch;hal-03812106;Common
https://doi.org/10.1016/j.jcss.2013.01.002;hal-03937274;Common
https://uwsgi-docs.readthedocs.io/en/latest;lirmm-02265932;Common
https://wavesurfer-js.org;hal-03812916;Common
https://dx.doi.org/10.2307/2273878;hal-01176763;Common
https://doi.org/10.1109/kse.2019.8919368;hal-04014977;Common
https://corese.inria.fr;hal-02064421;Common
https://issa.cirad.fr;hal-03938382;Common
https://doi.org/10.1145/3183713.3190654;hal-04110779;Common
https://doi.org/10.1145/1149114.1149117;hal-01673025;Common
https://cookiecutter.readthedocs.io/en/1.7.2;hal-03231805;Common
https://dx.doi.org/10.1007/11574620;hal-02435371;Common
https://gqlstandards.org/existing-languages;hal-04094449;Common
https://huggingface.co/sentence-transformers/distiluse-base-multilingual-cased-v2;hal-04014977;Common
https://doi.org/10.1038/s41467-020-18112-5;hal-04125922;Common
https://doi.org/10.1109/32.42731;hal-01673025;Common
https://doi.org/10.1145/2213556.2213584;hal-04278100;Common
https://tinyurl.com/e-tonomy;hal-03666895;Common
https://open.vocab.org/terms;hal-03301330;Common
https://doi.org/10.1109/focs.2014.53;hal-04278100;Common
https://doi.org/10.1371/journal.pone.0232078;hal-02981760;Common
https://doi.org/10.1145/3448016.3452821;hal-03897397;Common
https://mainline.i3s.unice.fr/idewap;hal-02366723;Common
https://doi.org/10.1016/j.jss.2019.110453;hal-03657095;Common
https://doi.org/10.14778/3352063.3352094;hal-03320929;Common
https://hal.archives-ouvertes.fr/hal-03652865;hal-04372234;Common
https://doi.org/10.3233/sw-170254;hal-02060966;Common
https://evs.nci.nih.gov/ftp1/med-rt/med-rt;hal-03502001;Common
https://oaei.ontologymatching.org/2019/results/knowledgegraph/small;hal-04366893;Common
https://knime.com;hal-03936512;Common
https://hal.inria.fr/hal-02073854;hal-02289497;Common
https://doi.org/10.1007/s10661-017-6025-0;hal-03220977;Common
https://epi.asso.fr;hal-02145478;Common
https://doi.org/10.1145/3411764.3445588;hal-04102737;Common
https://boardgamegeek.com/boardgame/1868/conquistador;hal-02388854;Common
https://wired.co.uk/article/china-social-credit-system-explained;hal-03189474;Common
https://side-sante.org;hal-02915414;Common
https://doi.org/10.1109/qsic.2007.4385524;hal-03138755;Common
https://doi.org/10.14778/2824032.2824096;hal-02066041;Common
https://wam-studio.i3s.univ-cotedazur.fr;hal-04337523;Common
https://doi.org/10.1080/10447318.2022.2074645;hal-04132566;Common
https://orcid.org/0009-0005-6955-5439;hal-04269089;Common
https://download.geofabrik.de;hal-02319539;Common
https://rdfs.org/sioc/argument;hal-03404580;Common
https://doi.org/10.1371/journal.pone.0232078;hal-02639237;Common
https://kaggle.com/robikscube/hourly-energy-consumption;hal-02371221;Common
https://doi.org/10.1007/s00145-013-9160-y;hal-02913866;Common
https://tseaudio.com/software/x50v2;hal-03087768;Common
https://oaei.ontologymatching.org/2022/results/knowledgegraph/knowledge;hal-04351729;Common
https://doi.org/10.1287/isre.1090.0265;hal-03103700;Common
https://wikimediafoundation.org;hal-03502001;Common
https://doi.org/10.5281/zenodo.5769192;hal-03601145;Common
https://docs.cycling74.com/max8/vignettes/gen_genexpr;hal-03087778;Common
https://youtube.com/watch;hal-04233343;Common
https://doi.org/10.1145/2463676.2463692;hal-02057980;Common
https://internetactu.net/2015/11/13/breve-histoire-de-lempowerment-a-la-reconquete-du-sens-politique;hal-03140409;Common
https://musicradar.com/news/tech/a-brief-history-of-computer-music-177299;hal-04335612;Common
https://onisep.fr;hal-03403125;Common
https://dl.acm.org/citation.cfm;hal-03021960;Common
https://cambridge.org/fr/knowledge/isbn/item5758776;hal-01176763;Common
https://doi.org/10.1186/s13326-017-0160-y;hal-03905184;Common
https://doi.org/10.1145/67544.66948;hal-01673025;Common
https://doi.org/10.1055/s-0028-;hal-03347926;Common
https://github.com/issa-project/issa-pipeline/blob/main/doc;hal-03969275;Common
https://portal.acm.org/citation.cfm;hal-03536045;Common
https://doi.org/10.1016/j.disc.2007.07.104;hal-03937274;Common
https://aicrowd.com/challenges/lifeclef-2020-plant;hal-02980085;Common
https://data.gov.uk;hal-01978784;Common
https://papers.ssrn.com/sol3/papers.cfm;hal-02066516;Common
https://aikenamps.com/index.php/what-is-sag;hal-03087768;Common
https://doi.org/10.1145/2463664.2465229;hal-03934420;Common
https://dx.doi.org/10.1145/371920.372166;hal-02879313;Common
https://webpack.js.org;hal-03087778;Common
https://doi.org/10.1080/13658810601037096;hal-03913504;Common
https://dl.acm.org/citation.cfm;hal-01673025;Common
https://github.com/obofoundry/obofoundry.github.io/issues/826;lirmm-02945170;Common
https://doi.org/10.1186/1746-4811-8-3;hal-04386951;Common
https://ipmimages.org;hal-03415972;Common
https://doi.org/10.1109/tits.2016.2639320;hal-04188896;Common
https://doi.org/10.1007/978-3-319-11382-1;hal-02945382;Common
https://hatespeechdata.com;hal-04014977;Common
https://doi.org/10.1109/icde.2009.119;hal-03886320;Common
https://github.com/giuseppe-rizzo/tctnew;hal-04353543;Common
https://sms.i3s.unice.fr/sparql-ms/flickr/getphotosbytaxon_sd/servicedescription;hal-02060966;Common
https://publicadministration.un.org/en/internetgovernance;hal-03189474;Common
https://tinyurl.com/wnw2yl7;hal-03087763;Common
https://hal.archives-ouvertes.fr/tel-01081392;lirmm-04277973;Common
https://doi.org/10.1137/0207013;hal-04278100;Common
https://doi.org/10.1007/s007780050036;hal-03516360;Common
https://doi.org/10.5441/002/edbt.2018.62;hal-01673025;Common
https://hermit-reasoner.com;hal-04353543;Common
https://link.springer.com/chapter/10.1007/978-1-4615-5643-5_10;hal-03356951;Common
https://cozy.io;hal-03692175;Common
https://arxiv.org/abs/1906.01581;hal-02190793;Common
https://doi.org/10.1145/1851182.1851192;hal-03266462;Common
https://w3.org/tr/sparql11-query;hal-01673025;Common
https://openminted.eu;hal-03807744;Common
https://identifiers.org/ec-code;lirmm-02945170;Common
https://annotorious.github.io;hal-03657095;Common
https://dl.acm.org/citation.cfm;hal-03426142;Common
https://issa.cirad.fr/en;hal-03807744;Common
https://doi.org/10.1145/1634.1886;hal-03514297;Common
https://petrus.inria.fr/~anciaux/papers/tr.pdf;hal-02269200;Common
https://doi.org/10.3233/fi-2018-1627;lirmm-04320944;Common
https://homes.cs.washington.edu/~suciu/jacm-dichotomy.pdf;hal-03356951;Common
https://github.com/hpcdb/d-chiron;lirmm-03227618;Common
https://wimmics.inria.fr/projects/prissma;hal-02058664;Common
https://vldb.org/pvldb/vol13/p953-ota.pdf;hal-03337765;Common
https://ns.inria.fr/prissma;hal-02058664;Common
https://doi.org/10.1007/978-3-030-57855-8;hal-04366893;Common
https://doi.org/10.1214/aoms/1177706645;hal-03904200;Common
https://github.com/bourgaux/orbits;hal-03801032;Common
https://doi.org/10.1016/j.entcs.2005.06.025;hal-03151014;Common
https://doi.org/10.1109/csf.2018.00026;hal-03329878;Common
https://doi.org/10.1145/3439602.3439618;hal-03510012;Common
https://doi.org/10.1111/gcb.13038;hal-03220977;Common
https://storyzy.com;hal-02990781;Common
https://cloud.google.com/storage/docs/gsutil;hal-04157720;Common
https://doi.org/10.4230/lipics.icdt.2019.5;hal-02532706;Common
https://doi.org/10.1007/978-3-319-65813-1_24;hal-04322219;Common
https://dbpedia.org/resource/coronavirus;hal-03301330;Common
https://metropolitanshuttle.com/pricing;lirmm-02913503;Common
https://arxiv.org/abs/1702.08608;hal-04388942;Common
https://doi.org/10.18653/v1/s19-2156;hal-03518717;Common
https://vldb.org/conf/1996/p378.pdf;hal-02070827;Common
https://doi.org/10.1145/2187980.2188242;hal-03516360;Common
https://doi.org/10.1145/1142473.1142574;hal-03779349;Common
https://doi.org/10.1007/s00778-016-0434-5;hal-04278100;Common
https://hal.inria.fr/hal-00684943;hal-03654722;Common
https://github.com/google/shell-encryption;hal-02406503;Common
https://creativecommons.org/licenses/by-nc-nd/4.0;hal-03897397;Common
https://doi.org/10.1111/ele.12757;hal-03220977;Common
https://github.com/kg-construct;hal-04201661;Common
https://github.com/twktheainur/pyclinrec;hal-03807744;Common
https://cabi.org;hal-02981760;Common
https://github.com/jendersen/kg;hal-04372234;Common
https://doi.org/10.1145/3149858.3149859;hal-03518717;Common
https://caligraph.org/sparql;hal-04372234;Common
https://doi.org/10.3897/mycokeys.5.4302;hal-02168164;Common
https://github.com/hyperopt/hyperopt;hal-02879293;Common
https://github.com/kappa-dev/regraph;hal-02138771;Common
https://bitnine.net/agensgraph;hal-03189192;Common
https://huggingface.co/stabilityai/stable-diffusion-2-1;hal-04262826;Common
https://jupyter.org;hal-02918344;Common
https://florent.capelli.me/coussinet;hal-03955911;Common
https://doi.org/10.1145/1242572.1242667;hal-03517826;Common
https://doi.org/10.1145/1322432.1322433;hal-03937274;Common
https://s1.lemde.fr/mmpub/data/decodex/hoax/hoax_debunks.json;hal-02895316;Common
https://docker.com;hal-04157720;Common
https://ceur-ws.org/vol-1690/paper113.pdf;hal-01673025;Common
https://c4c.inria.fr/carpeso;hal-04322179;Common
https://w3.org/tr/dwbp;hal-02279726;Common
https://github.com/psf/requests;hal-04161546;Common
https://github.com/jspatcher/package-cac;hal-03812972;Common
https://grid5000.fr;hal-04344975;Common
https://cassandra.apache.org;hal-02969510;Common
https://github.com/pkalogiros/audiomass;hal-03812916;Common
https://w3.org/tr/void;hal-03230741;Common
https://faustide.grame.fr;hal-03087763;Common
https://doi.org/10.3389/fpls.2017.00786;hal-03231805;Common
https://dbpedia.org/ontology/park;hal-03519365;Common
https://npmjs.com/settings/webaudiomodules/packages;hal-03812916;Common
https://dgraux.github.io/sparql-hash;hal-03516436;Common
https://tinyurl.com/e-tonomy;hal-03925653;Common
https://mqtt.org;hal-04161546;Common
https://sun.ac.za/hpc;hal-03771760;Common
https://ponga.com;hal-03657095;Common
https://frapnadrome.org/notre-revue;hal-02937618;Common
https://unesdoc.unesco.org/ark:/48223/pf0000370215;hal-03658842;Common
https://who.int/ipcs/methods/h;hal-03770578;Common
https://eur-lex.europa.eu/legal-content/en/txt/pdf;hal-04311598;Common
https://chorochronos.datastories.org;lirmm-02386429;Common
https://cstheory.stackexchange.com/users/65605/pcpthm;hal-03940590;Common
https://doi.org/10.4230/lipics.icdt.2019.12;hal-03140067;Common
https://sciencedirect.com/science/article/pii/0304397551900072;hal-03356951;Common
https://doi.org/10.1111/2041-210x.13256;hal-02981760;Common
https://neo4j.com;hal-03791272;Common
https://github.com/silk-framework/silk/issues/57;hal-04351729;Common
https://nextcloud.com;hal-01949641;Common
https://w3.org/1999/02/22-rdf-syntax-ns;hal-03738973;Common
https://doi.org/10.1007/3-540-46766-1_9;hal-03904200;Common
https://doi.org/10.1145/3442381.3449837;hal-04228304;Common
https://solidarites-sante.gouv.fr/img/pdf/181012_-_rapport_health_data_hub.pdf;hal-03140409;Common
https://scikit-optimize.github.io/stable;hal-03310540;Common
https://tinyurl.com/cisco-internet-report;hal-03925653;Common
https://github.com/grame-cncm/faustide;hal-03087763;Common
https://orcid.org/0000-0001-8776-4705;hal-03150701;Common
https://doi.org/10.1016/j.ecolmodel.2013.02.016;hal-03231805;Common
https://digital-strategy.ec.europa.eu/en/policies/strategy-better-internet-kids;hal-04311598;Common
https://doi.org/10.1109/iciw.2007.59;hal-02060966;Common
https://hal.inria.fr/hal-01417123;hal-02913866;Common
https://doi.org/10.18653/v1/n19-1361;hal-03648498;Common
https://ssrn.com/abstract=2687120;hal-03189474;Common
https://uicn.fr/liste-rouge-flore;hal-02190170;Common
https://webassembly.org;hal-03087763;Common
https://doi.org/10.1109/icde.1998.655753;hal-01673025;Common
https://fr.dbpedia.org/resource/tubule;hal-03301330;Common
https://dl.acm.org/citation.cfm;hal-02196903;Common
https://doi.org/10.1145/3340531.3417461;hal-03908363;Common
https://d3js.org;hal-03871500;Common
https://christophm.github.io/interpretable-ml-book;hal-04377363;Common
https://dx.doi.org/10.48550/arxiv.2301.05433;hal-04388942;Common
https://youtu.be/vygqjakkywo;hal-03519504;Common
https://github.com/engynasr/mse-benchmark/releases/tag/v1.1;hal-04366893;Common
https://datatracker.ietf.org/doc/html/rfc768;hal-04161546;Common
https://doi.org/10.1145/3486622.3494025;hal-03892080;Common
https://musicdsp.org/showone.php;hal-03087763;Common
https://gdpr-info.eu;hal-02269207;Common
https://tools.ietf.org/html/draft-;hal-03138769;Common
https://etp4hpc.eu/sra.html;hal-04161546;Common
https://orcid.org/0000-0002-2161-9940;hal-03150701;Common
https://w3.org/2002/07/owl;hal-03738973;Common
https://doi.org/10.1007/bf02523189;hal-04278100;Common
https://doi.org/10.1007/978-3-642-02737-6_1;hal-03934389;Common
https://doi.org/10.5281/zenodo.2548630;hal-02137748;Common
https://zenodo.org/record/3884398;lirmm-03852429;Common
https://doi.org/10.7717/peerj-cs.479;hal-03741042;Common
https://doi.org/10.2390/biecoll-jib-2015-271;hal-04125922;Common
https://webaudiomodules.org;hal-04337545;Common
https://gbif.org;hal-02981760;Common
https://grid5000.fr;lirmm-03148271;Common
https://doi.org/10.3233/sw-140153;lirmm-04305787;Common
https://github.com/micbuffa/webaudioplugins;hal-03087763;Common
https://iso.org/iso/catalogue;hal-02435371;Common
https://doi.org/10.5281/zenodo.1212303;hal-03812106;Common
https://neo4j.com;hal-01926379;Common
https://doi.org/10.1371/journal.pone.0221152;hal-04014977;Common
https://patrinat.fr/fr;hal-04198414;Common
https://doi.org/10.1016/j.ijar.2013.03.001;hal-02277678;Common
https://doi.org/10.1007/11523468;hal-02532706;Common
https://bbc.com/news/business-48357772;hal-03916393;Common
https://hal.inria.fr/hal-01925496;hal-03320929;Common
https://github.com/chatziko/location-guard;hal-03329908;Common
https://doi.org/10.1016/j.envsoft.2014.12.013;hal-03231805;Common
https://ns.inria.fr/covid19/arg/4f8.../6;hal-03230741;Common
https://w3.org/designissues/linkeddata.html;emse-02070625;Common
https://ebi.ac.uk;hal-03711320;Common
https://youtube.com/watch;hal-02909794;Common
https://mainline.i3s.unice.fr/distortionbook/sounds;hal-03726153;Common
https://linkinghub.elsevier.com/retrieve/pii/s0306437915000733;hal-03315102;Common
https://wikidata.org/entity;hal-04152604;Common
https://doi.org/10.14778/3184470.3184474;hal-03897397;Common
https://pytorch.org;hal-03601464;Common
https://help.ads.microsoft.com/apex/index/3/en/60000;hal-04228304;Common
https://doi.org/10.1016/j.artint.2011.03.002;lirmm-04305787;Common
https://doi.org/10.2307;hal-03150701;Common
https://ns.inria.fr/probabilistic-shacl;hal-04152604;Common
https://github.com/vasturiano/timelines-chart;hal-03516420;Common
https://doi.org/10.1016/j.entcs.2008.05.017;hal-02970761;Common
https://doi.org/10.1145/3290605.3300789;hal-04388942;Common
https://github.com/umdjs/umd;hal-03087763;Common
https://academic.oup.com/qjmath/article-abstract/33/4/493/1498307;hal-03356951;Common
https://w3.org/2001/xmlschema;hal-03738973;Common
https://ceur-ws.org/vol-2788/oaei20;hal-04366893;Common
https://w3.org/tr/xquery-30;hal-04186117;Common
https://doi.org/10.1145/3461727;hal-03635452;Common
https://doi.org/10.1137/s009753979122370x;hal-01673025;Common
https://en.wikipedia.org/wiki/lake;lirmm-02945170;Common
https://youtu.be/vygqjakkywo;hal-03087778;Common
https://hal.inria.fr/hal-01321201;hal-02446427;Common
https://doi.org/10.14778/3352063.3352143;lirmm-04305787;Common
https://google.com/maps;lirmm-02913503;Common
https://insee.fr/fr/statistiques/3137421;hal-02319539;Common
https://r-project.org;hal-03686060;Common
https://orcid.org/0000-0002-2828-4389;hal-03150701;Common
https://cvh.ac.cn/articles/details.php;hal-03871553;Common
https://doi.org/10.1145/1375761.1375762;hal-03657095;Common
https://github.com/plantnet/plantnet-300k;hal-03474556;Common
https://doi.org/10.1145/3079628.3079670;hal-04068708;Common
https://developer.musixmatch.com;hal-03812106;Common
https://doi.org/10.1007/978-3-030-56877-1_18;hal-03904200;Common
https://doi.org/10.1137/0218012;hal-03904200;Common
https://scholar.google.it;hal-03065217;Common
https://doi.org/10.1007/978-3-030-94583-1_1;lirmm-03833578;Common
https://adobservatory.org;hal-04129915;Common
https://nacada.ksu.edu;hal-04132566;Common
https://vldb.org/conf/2003/papers/s25p03.pdf;hal-04110779;Common
https://doi.org/10.1007/978-1-4612-4380-9;hal-04014977;Common
https://doi.org/10.1016/j.agsy.2016.05.014;hal-03231805;Common
https://w3.org/tr/webmidi;hal-03087778;Common
https://macaulaylibrary.org;hal-04345437;Common
https://w3.org/community/wwca;hal-03189474;Common
https://leanxcale.com/scientific-articles;lirmm-03228968;Common
https://doi.org/10.14778/3342263.3342646;hal-03897397;Common
https://doi.org/10.4230/lipics.icalp.2022.33;hal-03955911;Common
https://github.com/rubenverborgh/sparql.js;hal-03516436;Common
https://arxiv.org/abs/cs/0606075;hal-03356951;Common
https://github.com/micbuffa/wasabidataset/blob/master/ontology/wsb-1.0.ttl;hal-03425819;Common
https://doi.org/10.1109/tkde.2014.2302294;hal-03886320;Common
https://example.org/resource/london;hal-04152998;Common
https://dx.doi.org/10.1145/1376616.1376726;hal-02934277;Common
https://doi.org/10.1080/00207168908803778;hal-03384058;Common
https://icerm.brown.edu/events/ht19-1-sml;lirmm-02335500;Common
https://cran.r-project.org/package=matrix;hal-03916393;Common
https://project.inria.fr/corese;hal-02289497;Common
https://solid.mit.edu;hal-03140409;Common
https://query.wikidata.org/sparql;hal-02064421;Common
https://github.com/robertjgabriel/google-profanity-words;hal-04351644;Common
https://api.qwant.com/v3/redirect;hal-04228304;Common
https://doi.org/10.3389/fpsyg.2017.02116;hal-03710323;Common
https://arxiv.org/abs/1812.02903;hal-04092216;Common
https://doi.org/10.1007/s10270-019-00773-6;hal-03231805;Common
https://tinyurl.com/e-tonomy;hal-03925714;Common
https://propublica.org/article;hal-03916393;Common
https://faustservicecloud.grame.fr;hal-03087763;Common
https://cs.cmu.edu/~liuy/distlearn.htm;hal-03100076;Common
https://arxiv.org/abs/2112.01108;hal-04278100;Common
https://videos.cern.ch/record/2671957;emse-04058783;Common
https://ns.inria.fr/semed/eduprogression;hal-02571170;Common
https://my.plantnet.org;hal-03658842;Common
https://doi.org/10.1145/1938551.1938568;hal-03937274;Common
https://datatracker.ietf.org/rg/t2trg/about;emse-02070625;Common
https://doi.org/10.1007/11534273_36;hal-04278100;Common
https://offshoreleaks.icij.org;hal-03337765;Common
https://jstor.org/stable/3804433;hal-03913497;Common
https://reactome.org;lirmm-02945170;Common
https://kaggle.com/c/birdclef-2021;hal-03415990;Common
https://gurobi.com;hal-02319521;Common
https://github.com/pierresenellart/theoremkb;hal-03293643;Common
https://doi.org/10.1145/3434642;hal-04110779;Common
https://tinyurl.com/cisco-internet-report;hal-03925714;Common
https://doi.org/10.1145/2723372.2735372;hal-03897397;Common
https://w3.org/tr/prov-dm;lirmm-01679967;Common
https://arxiv.org/abs/1806.07498;hal-03908363;Common
https://doi.org/10.1007/978-3-319-11382-1_20;hal-04204378;Common
https://youtu.be/zbhn7odezuq;hal-03087763;Common
https://doi.org/10.1145/210332.210335;lirmm-04305787;Common
https://doi.org/10.1038/sdata.2016.18;hal-03338811;Common
https://mydex.org;hal-03692175;Common
https://doi.org/10.1145/2509558.2509568;hal-04152998;Common
https://pypi.python.org/pypi/elo/0.1.dev;hal-02566930;Common
https://webaudiomodules.org;hal-03871660;Common
https://w3.org/rdf;hal-02530206;Common
https://onlinelibrary.wiley.com/doi/pdf/10.1002/ss.37119821703;hal-04132566;Common
https://sws.geonames.org/3424932;hal-01926379;Common
https://tpc.org/tpch;lirmm-03148271;Common
https://doi.org/10.1007/978-3-030-31304-3;hal-04125922;Common
https://doi.org/10.1504/ijaose.2007.016266;hal-02289497;Common
https://doi.org/10.1145/3331154;hal-03657095;Common
https://doi.org/10.4018/ijswis.2014040104;hal-02066041;Common
https://pytorch.org;hal-03890057;Common
https://abonnes.lemonde.fr/les-decodeurs/portfolio/2017/04/18;hal-02895316;Common
https://github.com/tanmaygit/knn;lirmm-04225369;Common
https://doi.org/10.1145/988584.988586;hal-03657095;Common
https://scikit-learn.org/stable;hal-03522878;Common
https://github.com/gabolsgabs/dali;hal-03295581;Common
https://project.inria.fr/corese;hal-03135088;Common
https://gitlab.univ-nantes.fr/clara/pipeline;hal-04201661;Common
https://project.inria.fr/sourcessay;hal-02895316;Common
https://vldb.org/conf/2002/s33p11.pdf;hal-04110779;Common
https://personium.io;hal-03692175;Common
https://doi.org;hal-03426130;Common
https://tinyurl.com/4yj2ppkt;hal-04337523;Common
https://vldb.org/pvldb/vol15/p72-li.pdf;hal-03897397;Common
https://jsbin.com/qifexor/edit;hal-03087768;Common
https://cairn.info/revue-entreprises-et-histoire-2005-3-page-9.htm;hal-02613465;Common
https://doi.org/10.1145/3447772;lirmm-04173545;Common
https://doi.org/10.1007/s00778-012-0280-z;hal-03897397;Common
https://doi.org/10.14778/1920841.1920865;hal-02532706;Common
https://inrupt.com/blog/one-small-step-for-the-web;hal-03140409;Common
https://zeppelin.apache.org;hal-04157720;Common
https://youtu.be/izltlnieray;hal-03726153;Common
https://osf.io/rkqwt;hal-04317927;Common
https://doi.org/10.4230/lipics.giscience.2021.i.6;hal-03518717;Common
https://doi.org/10.1145/3450614.3462243;hal-04205128;Common
https://xapi.com;hal-02355080;Common
https://doi.org/10.3233/sw-180294;hal-04171196;Common
https://spark.apache.org;hal-03084606;Common
https://kaggle.com/c/abstraction-and-reasoning-challenge;hal-04186090;Common
https://doi.org/10.1023/a:1022374703178;hal-03871553;Common
https://doi.org/10.1504/ijaose.2007.016266;emse-02070625;Common
https://cozy.io/en;hal-02269292;Common
https://hal.inria.fr/hal-01325900;hal-02081474;Common
https://procon.org;hal-02990781;Common
https://osti.gov/biblio/990230;hal-03807744;Common
https://doi.org/10.1071/fp08084;hal-03231805;Common
https://hal.inria.fr/hal-01325900;hal-02106521;Common
https://doi.org/10.1007/978-3-030-26601-1_4;hal-03657095;Common
https://backblaze.com/blog/hard-drive-cost-per-gigabyte;hal-02921457;Common
https://brave.com/learn/no-tracking-search-engine;hal-04228304;Common
https://react.semantic-ui.com;hal-03087778;Common
https://flink.apache.org;lirmm-02265729;Common
https://pop.culture.gouv.fr/notice/merimee/ia02002905;hal-02613465;Common
https://fr.dbpedia.org/resource/catégorie:;hal-03502001;Common
https://digi.me;hal-03692175;Common
https://purl.org/dc/elements/1.1;hal-04372234;Common
https://wam-studio.i3s.univ-cotedazur.fr;hal-04335580;Common
https://aclanthology.org/2020.alw-1.5;hal-04014977;Common
https://dx.doi.org/10.1007/978-3-319-46523-4;hal-04351729;Common
https://doi.org/10.1111/2041-210x.12254;hal-04405026;Common
https://nature.com/articles/sdata201635;hal-02070827;Common
https://tools.ietf.org;hal-03138769;Common
https://doi.org/10.1076/iaij.4.1.5.16466;hal-03231805;Common
https://doi.org/10.1016/j.is.2019.101465;hal-04110779;Common
https://doi.org/10.1109/iot.2014.7030116;emse-02070625;Common
https://doi.org/10.1145/3366551.33703xx;hal-02388854;Common
https://doi.org/10.1145/3469096.3475059;hal-04138880;Common
https://aclanthology.org/w18-4401;hal-04014977;Common
https://webassembly.org;hal-03087778;Common
https://doi.org/10.1145/2902251.2902280;hal-03516360;Common
https://wasabi.i3s.unice.fr/dynamicpedalboard;hal-03087763;Common
https://doi.org/10.1109/tvcg.2021.3067783;hal-04102737;Common
https://doi.org/10.1016/j.artint.2019.04.001;hal-03934420;Common
https://mesinfos.fing.org/english;hal-03140409;Common
https://doi.org/10.1145/2960414.2960421;hal-03140067;Common
https://eclipse.org;hal-02375958;Common
https://doi.org/10.1186/2041-1480-5-41;hal-03905184;Common
https://doi.org/10.1145/2494603.2480311;hal-03657095;Common
https://dx.doi.org/10.1145/2463676.2463709;hal-02934277;Common
https://agritrop.cirad.fr;hal-03938382;Common
https://github.com/mdhaﬀar/acoustic;hal-03369206;Common
https://doi.org/10.2139/ssrn.1019580;hal-04132566;Common
https://doi.org/10.1109/tvcg.2021.3067761;hal-04102737;Common
https://doi.org/10.1007/s10506-022-09324-9;hal-04388942;Common
https://covid19.i3s.unice.fr:8080/arviz;hal-03292140;Common
https://w3.org/ns/formats/rml:parentmaprml:childmaprml:objectmaprml:joinconditionrml:objectmaprml:objectmaprml:sourcerml:sourcerml:null:;hal-04201661;Common
https://doi.org/10.1145/3167132.3167345;hal-03905409;Common
https://mainline.i3s.unice.fr/wasabi-pedalboard;hal-03087778;Common
https://sabiod.org/icml4b2013;hal-03641389;Common
https://doi.org/10.14778/3368289.3368294;hal-03897397;Common
https://cucumber.io/docs/gherkin/reference;hal-03138755;Common
https://wikidata.org;hal-03502001;Common
https://doi.org/10.14778/2733085.2733093;lirmm-04320944;Common
https://doi.org/10.1145/2827872;hal-04068708;Common
https://tinyurl.com/s4tbjzew;hal-04233343;Common
https://data.uba.de/umt;lirmm-02945170;Common
https://charlie-roberts.com/genish;hal-03087763;Common
https://guitarix.org;hal-03087768;Common
https://github.com/j-funk/kissfft-js;hal-02366725;Common
https://cozy.io/en;hal-01949641;Common
https://npmjs.com;hal-03871500;Common
https://eprints.illc.uva.nl/1597;hal-03112715;Common
https://doi.org/10.5281/zenodo.7749949;hal-04201661;Common
https://dl.acm.org/citation.cfm;hal-03135088;Common
https://research.cs.wisc.edu/dibook;hal-03337765;Common
https://doi.org/10.57745/lvrfwj;hal-04289970;Common
https://w3.org/wot/wg;emse-02070625;Common
https://aaai.org/ocs/index.php/kr/kr14;hal-03934420;Common
https://doi.org/10.1145/1806689.1806772;lirmm-04277973;Common
https://openstreetmap.org;hal-03516296;Common
https://doi.org/10.1145/113413.113443;hal-03937274;Common
https://project.inria.fr/edgeletdemo;hal-04240543;Common
https://i3s.unice.fr/~tettaman;hal-04346759;Common
https://doi.org/10.1016/j.artint.2021.103603;hal-03934346;Common
https://wam-bank.herokuapp.com;hal-03812948;Common
https://compriseh2020.eu;hal-03197376;Common
https://bitsabout.me;hal-03692175;Common
https://doi.org/doi.org/10.1145/3214708.3214711;hal-04278100;Common
https://dx.doi.org/10.1145/3351095.3375624;hal-04388942;Common
https://doi.org/10.1109/icde.2007.367880;hal-03337765;Common
https://archive.ics.uci.edu/ml;hal-03381732;Common
https://doi.org/10.14778/2831360.2831371;hal-03320929;Common
https://doi.org/10.18653/v1/s19-2010;hal-04014977;Common
https://doi.org/10.1145/290593.290605;hal-01673025;Common
https://tinyurl.com/domycile;hal-03996787;Common
https://donneespubliques.meteofrance.fr;hal-04230234;Common
https://doi.org/10.1145/1098918.1098937;hal-02289497;Common
https://plant-phenotyping.org/infrastructure_map;hal-03686060;Common
https://microsoft.github.io/monaco-editor;hal-03087778;Common
https://doi.org/10.1109/tvcg.2021.3067761;hal-03698833;Common
https://casimedicos.com;hal-04371254;Common
https://w3.org/tr/owl2-syntax;hal-02319638;Common
https://igniteamps.com;hal-03087768;Common
https://doi.org/10.1145/3450613.3456830;hal-04205128;Common
https://gdpr-info.eu;hal-03908363;Common
https://mqtt.org;hal-04157720;Common
https://github.com/openalea/walter;hal-03358998;Common
https://memgraph.com;hal-03189192;Common
https://doi.org/10.1109/tnet.2016.2627005;hal-03266462;Common
https://doi.org/10.5281/zenodo.2634137;hal-03150701;Common
https://github.com/micbuffa/wasabidataset;hal-03812106;Common
https://doi.org/10.1007/3-540-44904-3_11;hal-03151014;Common
https://doi.org/10.1145/3183713.3190657;hal-03140067;Common
https://doi.org/10.1145/3411764.3445315;hal-04388942;Common
https://at2ta.loria.fr;hal-04353543;Common
https://doi.org/10.1093/database/bay101;hal-03905409;Common
https://sourcessay.inria.fr;hal-03945733;Common
https://opendtect.org/osr/main/netherlandsoffshoref3blockcomplete4gb;lirmm-02984969;Common
https://jekyllrb.com;hal-02918344;Common
https://doi.org/10.1109/cvpr.2018.00907;hal-04138880;Common
https://data.unhcr.org/en/situations/mediterranean;hal-04293239;Common
https://github.com/maxpumperla/hyperas;hal-03599214;Common
https://doi.org/10.3390/publications7020038;hal-03373536;Common
https://grid5000.fr;lirmm-01679967;Common
https://cozy.io/en;hal-02269201;Common
https://schema.org/distribution;hal-04351729;Common
https://github.com/thingweb/thingweb-directory;hal-02289497;Common
https://jena.apache.org;hal-03866075;Common
https://doi.org/10.1145/1247480.1247516;hal-03337765;Common
https://doi.org/10.1007/s10458-009-9084-y;hal-02196903;Common
https://montage.ipac.caltech.edu/docs/marchivelist.html;lirmm-02127456;Common
https://doi.org/10.15468/gtebaa;hal-02981760;Common
https://doi.org/10.1145/3434319;lirmm-03833578;Common
https://doi.org/10.1145/3183713.3190657;hal-01673025;Common
https://creativecommons.org/licenses/by-nc-nd/4.0;lirmm-03714595;Common
https://gadm.org;hal-02190170;Common
https://ijcai.org/proceedings/09/papers/341.pdf;lirmm-04305787;Common
https://doi.org/10.14778/3484224.3484235;hal-04386268;Common
https://dl.acm.org/citation.cfm;hal-02406503;Common
https://query.wikidata.org/sparql;hal-03502001;Common
https://arxiv.org/abs/2009.06087;hal-04041691;Common
https://dl.acm.org/conference/imx;hal-04102737;Common
https://doi.org/10.1145/3186727;hal-03320929;Common
https://petrus.inria.fr/~anciaux/papers/tr.pdf;hal-02269211;Common
https://doi.org/10.1016/j.jcss.2012.03.003;hal-03151014;Common
https://arxiv.org/abs/2108.00026;hal-04092216;Common
https://github.com/jsbro;hal-02894994;Common
https://opentheso.huma-num.fr;hal-04156996;Common
https://github.com/j2launay/ape;hal-03908363;Common
https://duckduckgo.com;hal-04228304;Common
https://datastax.com;hal-03189192;Common
https://doi.org/10.1007/978-3-030-00671-6_5;hal-02066041;Common
https://creativecommons.org/licenses/by-nc-nd/4.0;hal-02317227;Common
https://covid19.pubannotation.org;hal-03404580;Common
https://ceur-ws.org/vol-1035/iswc2013_poster_4.pdf;hal-03937274;Common
https://dataviz.i3s.unice.fr/ldviz;hal-03807744;Common
https://doi.org/10.1007/978-3-030-05297-3_11;hal-03811274;Common
https://tigergraph.com;hal-03189192;Common
https://babeljs.io;hal-03087778;Common
https://doi.org/10.18653/v1/d19-1371;hal-03648498;Common
https://w3.org/tr/prov-dm;lirmm-03324881;Common
https://doi.org/10.1093/jamia/ocw128;hal-03905184;Common
https://fiesta.tela-botanica.org;hal-02981760;Common
https://w3.org/2000/01/rdf-schema;hal-02571170;Common
https://ec.europa.eu/info/law/law-topic/data-protection_en;hal-03469487;Common
https://youtu.be/8g3we8dikq8;hal-03951799;Common
https://doi.org/10.1613/jair.3873;lirmm-04320944;Common
https://doi.org/10.1145/3299869.3300085;hal-03897397;Common
https://ns.com/author123;hal-03767967;Common
https://dx.doi.org/10.1007/978-3-319-25007-6;hal-02435371;Common
https://aclanthology.org/l16-1262;hal-03518717;Common
https://dbpedia.org/ontology/league;hal-03519365;Common
https://doi.org/10.1007/bf01277643;hal-02968427;Common
https://doi.org/10.1007/978-1-4419-6045-0_8;hal-03886320;Common
https://lsv.ens-cachan.fr/publis/papers/pdf/bc-ccs14.pdf;hal-02913866;Common
https://scikit-learn.org;hal-03866192;Common
https://cozy.io/en;hal-02269209;Common
https://pubmed.ncbi.nlm.nih.gov/22654893;lirmm-02945170;Common
https://doi.org/10.1007/s00778-021-00695-0;hal-04110779;Common
https://mainline.i3s.unice.fr/ampsim5;hal-03726153;Common
https://zenodo.org/record/5946827;hal-03770516;Common
https://usdb.animux.de;hal-03295581;Common
https://doi.org/10.1007/3-540-36285-1_26;hal-03937274;Common
https://vldb.org/conf/2001/p261.pdf;lirmm-04305787;Common
https://doi.org/10.1002/jocb.363;hal-03103700;Common
https://doi.org/10.1109/mis.2017.9;hal-02196903;Common
https://rdfs.org/sioc/argument;hal-03230741;Common
https://w3.org/tr/sparql11-query;hal-03516436;Common
https://kaggle.com/c/geolifeclef-2022-lifeclef-2022-fgvc9;lirmm-03793595;Common
https://nasa.gov/mission_pages/station/main/index.html;hal-03189474;Common
https://doi.org/10.1109/qomex48832.2020.9123125;hal-03710323;Common
https://nature.com/articles/sdata201635;hal-03150404;Common
https://r-project.org;hal-02319521;Common
https://tinyurl.com/domycile;hal-03925679;Common
https://doi.org/10.5281/zenodo.7375461;hal-04212112;Common
https://w3.org/tr/scxml;hal-03138755;Common
https://doi.org/10.1007/s11023-017-9424-7;hal-03770578;Common
https://developer.mozilla.org/en-us/docs/web/http/redirections;hal-04228304;Common
https://github.com/mmooogit/morai;hal-03099724;Common
https://sciencedirect.com/science/article/pii/030439759390252o;hal-03356951;Common
https://erlangen-crm.org/current;hal-04171196;Common
https://doi.org/10.1109/hpec.2016.7761646;hal-03140067;Common
https://tandfonline.com/doi/full/10.1586/14737175.2016.1158104;hal-03263469;Common
https://julkaisut.valtioneuvosto.fi/bitstream/handle/10024/78439/mydata-nordic-model.pdf;hal-03140409;Common
https://vldb.org/pvldb/vol9/p780-marcus.pdf;hal-03897397;Common
https://cnnumerique.fr/files/users/user192/synthese_egnum.pdf;hal-03140409;Common
https://doi.org/10.1145/2902251.2902309;hal-04278100;Common
https://github.com/keras-team/keras;lirmm-03324873;Common
https://crop2ml.readthedocs.io/en/latest/user/package.html;hal-03231805;Common
https://doi.org/10.1080/0260293032000059630;hal-04132566;Common
https://doi.org/10.5281/zenodo.5931033;hal-03939919;Common
https://doi.org/10.5802/aif.53;hal-02064075;Common
https://creativecommons.org/licenses/by/4.0;hal-02319539;Common
https://w3.org/2001/vcard-rdf/3.0;hal-04125922;Common
https://doi.org/10.1007/978-3-030-59152-6_29;lirmm-03833578;Common
https://github.com/guizmo2000/wasabi-pedalboard/tree/dynamicloading;hal-02557901;Common
https://diigo.com;hal-03657095;Common
https://ec.europa.eu/commission/presscorner/detail/en/speech_12_860;hal-03140409;Common
https://doi.org/10.1049/sej.1996.0002;hal-03138755;Common
https://gitlab.inria.fr/provlight/provlight;hal-04161546;Common
https://creativecommons.org/licenses/by/4.0;hal-03915413;Common
https://covid19.i3s.unice.fr:8080/ldviz;hal-03404580;Common
https://dgraux.github.io;hal-03765857;Common
https://flir.com/oem/adas;hal-03236409;Common
https://doi.org/10.1145/360680.360691;hal-04278100;Common
https://doi.org/10.1145/1567274.1567278;hal-02096714;Common
https://hal.inria.fr/hal-01171125;hal-02196903;Common
https://voiceprivacychallenge.org;hal-02562199;Common
https://doi.org/10.1007/s10817-007-9078-x;lirmm-04305787;Common
https://w3.org/tr/vocab-data-cube;hal-03619869;Common
https://doi.org/10.1145/872757.872762;hal-03337765;Common
https://ec.europa.eu/eurostat;hal-03021075;Common
https://meeco.me/manifesto;hal-03140409;Common
https://github.com/scipr-lab/libsnark;hal-02406503;Common
https://doi.org/10.1093/jxb/erz092;hal-03231805;Common
https://vldb.org/pvldb/vol15/p1645-chen.pdf;hal-04110779;Common
https://digitallibrary.un.org/record/161539;hal-03770578;Common
https://doi.org/10.18146/view.292;hal-04233316;Common
https://dbpedia.org/ontology;hal-02319638;Common
https://snap.stanford.edu/data;hal-02435371;Common
https://bitbucket.org/sebferre/graph-fca;hal-03866048;Common
https://purl.org/dc/terms;hal-03301330;Common
https://doi.org/10.1007/978-3-030-30796-7_2;lirmm-04305787;Common
https://rhordijk.home.xs4all.nl/g2pages/distortion.htm;hal-03726153;Common
https://kaggle.com/competitions/geolifeclef-2022-lifeclef-2022-fgvc9/discussion/327055;lirmm-03793595;Common
https://modelzoo.co;hal-02573627;Common
https://cozy.io;hal-03941879;Common
https://doi.org/10.1109/tkde.2012.228;hal-04110779;Common
https://w3.org/tr/wsdl;hal-03021075;Common
https://opendtect.org/osr/main/netherlandsoffshoref3blockcomplete4gb;lirmm-04283828;Common
https://dev.w3.org/amaya/doc/wx/annotations.html;hal-03657095;Common
https://tensorflow.org;hal-03160473;Common
https://codeocean.com/explore;hal-04157720;Common
https://doi.org/10.1016/j.eswa.2019.112896;hal-03315102;Common
https://sdmx.org;hal-03021075;Common
https://doi.org/10.1145/3457607;hal-04132566;Common
https://ceur-ws.org/vol-1014/paper_63.pdf;hal-02984951;Common
https://w3.org/2000/01/rdf-schema;hal-04201661;Common
https://doi.org/10.1007/978-3-319-93417-4;hal-04014977;Common
https://nodered.org;hal-03190617;Common
https://developer.mozilla.org/en-us/docs/web/html/element/a;hal-04228304;Common
https://image-net.org;hal-03363442;Common
https://elastic.co/kibana;lirmm-03443548;Common
https://github.com/grame-cncm/faust;hal-03087763;Common
https://docs.cycling74.com/max8/vignettes/gen_overview;hal-03519504;Common
https://creativecommons.org/licenses/by/4.0;hal-03114304;Common
https://doi.org/10.3233/978-1-60750-690-4-354;hal-03934346;Common
https://doi.org/10.1109/icde.2019.00038;hal-04110779;Common
https://doi.org/10.1007/978-3-030-10928-8_34;hal-03518717;Common
https://doi.org/10.1145/2939672.2939778;hal-04388942;Common
https://ebi.ac.uk/chebi;hal-04353523;Common
https://arxiv.org/abs/1610.04963;hal-03140067;Common
https://geneontology.org/formats/oboinowl;lirmm-02945170;Common
https://github.com/pckerneis/webaudio-visual-editor;hal-03871500;Common
https://doi.org/10.1093/jxb/erz175;hal-03231805;Common
https://doi.org/10.1145/3375462.3375524;hal-04132566;Common
https://movielens.org;hal-04228304;Common
https://arxiv.org/abs/1805.10820;hal-03908363;Common
https://creativecommons.org/licenses/by/4.0;hal-03111682;Common
https://projetailes.com;hal-04344975;Common
https://arxiv.org/abs/2103.16929;hal-03518717;Common
https://tpc.org/tpc_documents_current_versions/pdf/tpc-h_v2.17.2.pdf;hal-03514297;Common
https://archive.ics.uci.edu/ml/datasets/wine;hal-03741042;Common
https://datatracker.ietf.org/doc/html/rfc6550;hal-04161546;Common
https://krr-nas.cs.ox.ac.uk/ontologies;lirmm-03714595;Common
https://ecocyc.org;lirmm-02945170;Common
https://evalita.it;hal-04014977;Common
https://doi.org/10.14778/2556549.2556579;hal-03516360;Common
https://hadoop.apache.org;hal-02962579;Common
https://doi.org/10.1016/j.scico.2011.10.004;hal-02196903;Common
https://hal.archives-ouvertes.fr/hal-03337650;hal-03886320;Common
https://doi.org/10.1007/s41019-021-00154-4;hal-04110779;Common
https://github.com/maximiliense/glc19;hal-02392637;Common
https://w3.org/rdf;hal-01925496;Common
https://doi.org/10.1145/2559905;hal-04110779;Common
https://doi.org/10.1145/582095.582099;hal-01673025;Common
https://github.com/usc-isi-i2/ckg-covid-19;hal-02939363;Common
https://cornac.readthedocs.io/en/latest/models.html;hal-04068708;Common
https://doi.org/10.1016/j.jcss.2006.10.021;hal-02532706;Common
https://dx.doi.org/10.1145/2207676.2208288;hal-03657095;Common
https://dx.doi.org/10.1007/978-3-319-46523-4;hal-04366893;Common
https://mydata.org/about;hal-03140409;Common
https://public.tableau.com/s;hal-03936512;Common
https://doi.org/10.1145/767193.767195;hal-02532706;Common
https://docs.cycling74.com/max8/vignettes/gen_overview;hal-03087778;Common
https://doi.org/10.1145/872757.872762;hal-04110779;Common
https://doi.org/10.1016/j.nedt.2016.03.003;hal-04132566;Common
https://doi.org/10.1109/wiiat.2008.379;hal-02060966;Common
https://doi.org/10.1145/66926.66939;hal-03937274;Common
https://doi.org/10.5441/002/edbt.2017.47;hal-01673025;Common
https://gitlab.com/ssvitor/dataflow_analyzer/-/tree/master/library;lirmm-02949807;Common
https://youtube.com/watch;hal-02895316;Common
https://doi.org/10.1145/1376616.1376706;hal-04110779;Common
https://doi.org/10.3233/fi-2013-846;hal-03905409;Common
https://doi.org/10.1109/icde.2002.994693;hal-04110779;Common
https://gogocharters.com/blog/charter-bus-prices;lirmm-02913503;Common
https://doi.org/10.18608/jla.2014.11.3;hal-04132566;Common
https://project.inria.fr/corese;hal-03363442;Common
https://odditysoftware.com/page-datasales1.htm;hal-03295581;Common
https://link.sprin;hal-03150701;Common
https://agroportal.lirmm.fr/ontologies/cropusage;hal-04289970;Common
https://demos.isl.ics.forth.gr/lodsyndesis/rest-api/objectcoreference;hal-03301330;Common
https://cran.r-project.org/package=predtoolsts;lirmm-03452170;Common
https://embleema.com/fr/patienttruth;hal-03140409;Common
https://linkinghub.elsevier.com/retrieve/pii;hal-03315102;Common
https://flickr.com/photos/biodivlibrary;hal-02060966;Common
https://ifttt.com;hal-03135088;Common
https://weakg.i3s.unice.fr/sparql;hal-04230234;Common
https://w3.org/ns/oa;hal-03230741;Common
https://doi.org/10.1007/s00146-020-01053-4;hal-04388942;Common
https://w3.org/1999/02/22-rdf-syntax-ns;hal-04153252;Common
https://github.com/micbuffa/wasabidataset;hal-03425819;Common
https://sites.skoltech.ru/compvision/noimi;lirmm-02973633;Common
https://doi.org/10.1007/978-3-030-28577-7_29;hal-04322219;Common
https://github.com/microsoft/seal;hal-02406503;Common
https://doi.org/10.1145/3239060.3239072;hal-04205128;Common
https://doi.org/10.1007/978-3-319-65813-1;hal-02945382;Common
https://w3.org/tr/owl-overview;hal-03502001;Common
https://dl.acm.org/citation.cfm;hal-03812106;Common
https://dx.doi.org/10.1007/978-3-642-38288-8;hal-04351729;Common
https://doi.org/10.1016/j.ic.2008.01.002;hal-03937274;Common
https://doi.org/10.1007/978-3-030-28577-7;hal-03641389;Common
https://rdfs.org/sioc/argument;hal-02939363;Common
https://doi.org/10.1109/icdm.2004.10095;hal-04014977;Common
https://w3.org/2005/ajar/tab;hal-02058664;Common
https://dbpedia.org/class/yago/retrovirus101336282;hal-02389918;Common
https://github.com/homenc/helib;hal-02406503;Common
https://support.google.com/my-ad-center-help;hal-04311598;Common
https://doi.org/10.3390/math9233137;hal-03469487;Common
https://oxfordsemantic.tech;lirmm-03714595;Common
https://doi.org/10.5441/002/edbt.2018.13;hal-02066041;Common
https://doi.org/10.1137/0213002;hal-04278100;Common
https://doi.org/10.1145/3411763.3441332;hal-03811274;Common
https://doi.org/10.1109/vr.2019.8797997;hal-03698833;Common
https://github.com/ambiverse-nlu/ambiverse-nlu;hal-03150441;Common
https://w3.org/2002/07/owl;hal-04153252;Common
https://dl.acm.org/citation.cfm;hal-03934420;Common
https://aclanthology.org/h05-1091;hal-03518717;Common
https://doi.org/10.14778/1454159.1454226;hal-03315102;Common
https://doi.org/10.3897/biss.5.73857;hal-04430929;Common
https://en.wikipedia.org/wiki/sigmoid;hal-02317227;Common
https://doi.org/10.1007/978-3-319-27030-2;hal-03633526;Common
https://doi.org/10.1109/seaa.2011.76;hal-03138755;Common
https://scinfolex.com/2018/02/05/pour-une-protection-sociale-des-donnees-personnelles;hal-03140409;Common
https://typescriptlang.org;hal-03871500;Common
https://w3.org/tr/sparql11-overview;hal-04199455;Common
https://doi.org/10.1145/1634.1636;lirmm-04305787;Common
https://doi.org/10.1603/en13312;hal-02639237;Common
https://doi.org/10.1080/0260293042000188267;hal-04132566;Common
https://vis.stanford.edu/papers/senseus;hal-03657095;Common
https://ec.europa.eu/programmes/horizon2020;hal-03516296;Common
https://doi.org/10.3389/fpls.2016.01419;hal-03064464;Common
https://hal.archives-ouvertes.fr/hal-03310540;hal-04161546;Common
https://keras.io/datasets;hal-03066941;Common
https://doi.org/10.14778/3275366.3275369;hal-03320929;Common
https://jocondelab.iri-research.org/jocondelab;hal-03363442;Common
https://doi.org/10.1145/3404199;hal-03657095;Common
https://ojs.aaai.org/index.php/aaai/article/view/5455;hal-04041691;Common
https://npmjs.com/settings/webaudiomodules/packages;hal-03812948;Common
https://doi.org/10.1007/978-3-319-44564-9_26;hal-04322219;Common
https://doi.org/10.1007/s00778-004-0128-2;hal-03516360;Common
https://archive.ics.uci.edu/ml/datasets/heart+disease;hal-03110739;Common
https://op.europa.eu/en/publication-detail/-;hal-03770578;Common
https://doi.org/10.1093/bioinformatics/btn390;hal-03231805;Common
https://creativecommons.org/licenses/by/4.0;hal-03134596;Common
https://grid5000.fr;lirmm-03227618;Common
https://doi.org/10.1145/3377323;hal-04014977;Common
https://w3.org/2000/01/rdf-schema;hal-04152604;Common
https://storm.apache.org;lirmm-02265729;Common
https://github.com/halliwelln/penalized-rgcn;hal-03771424;Common
https://inpn.mnhn.fr/taxref/label/60587;hal-01926379;Common
https://doi.org/10.1145/800061.808733;hal-03934389;Common
https://w3.org/2001/xmlschema;hal-04153252;Common
https://doi.org/10.3390/ijgi9120703;hal-03913497;Common
https://doi.org/10.7717/peerj-cs.149;hal-03231805;Common
https://doi.org/10.1145/2623330.2623612;lirmm-03324881;Common
https://github.com;hal-04157720;Common
https://schema.org/distribution;hal-04366893;Common
https://timeseriesclassification.com;lirmm-03798483;Common
https://doi.org/10.14778/2994509.2994532;lirmm-04305787;Common
https://dx.doi.org/10.1007/11564126;hal-02435371;Common
https://w3.org/rdf;hal-03363442;Common
https://github.com/webaudiomodules/wam-examples;hal-03812948;Common
https://doi.org/10.1007/s11280-021-00926-y;hal-04110779;Common
https://doi.org/10.1093/jas/skz167;hal-03315102;Common
https://github.com/adelinemomo/cnn-plant-disease;hal-03064464;Common
https://github.com/jsbroks/coco-annotator;hal-03601464;Common
https://gitlab.inria.fr/tguyet/medtrajectory_datagen;hal-03326618;Common
https://doi.org/10.1007/978-3-540-89255-7_15;hal-03904200;Common
https://ddbj.nig.ac.jp;hal-03711320;Common
https://adstransparency.google.com/political;hal-04129915;Common
https://hpo.jax.org/app/browse/term/hp:0040279;hal-04002207;Common
https://cs.ox.ac.uk/isg/projects/concur/oaei/2022;hal-04351729;Common
https://doi.org/10.1214/aoms/1177699516;lirmm-02364411;Common
https://w3.org/tr/rdf11-mt;hal-02921457;Common
https://scholar.google.fr/citations;hal-03353469;Common
https://mosaicode.github.io;hal-03871500;Common
https://data.agroportal.lirmm.fr/mappings;lirmm-02945172;Common
https://jsbin.com/jeretab/edit;hal-02366725;Common
https://w3.org/2011/rdf-wg/wiki/xsd;hal-02933190;Common
https://petrus.inria.fr/~anciaux/papers/tr.pdf;hal-02269207;Common
https://doi.org/10.1109/69.298174;hal-03937274;Common
https://project.inria.fr/rdfquotient;hal-02106521;Common
https://doi.org/10.4018/ijswis.2016070105;hal-03946680;Common
https://doi.org/10.3390/rs11010023;hal-04386951;Common
https://plantlife.org.uk/everyflowercounts;hal-04405026;Common
https://ontosql.inria.fr;hal-02065993;Common
https://secg.org/sec2-ver-1.0.pdf;hal-03904200;Common
https://github.com/openalea/hydroroot;hal-03701955;Common
https://opencypher.org;hal-02138771;Common
https://doi.org/10.1007/978-3-030-33220-4_14;hal-02348004;Common
https://dl.acm.org/citation.cfm;hal-02984951;Common
https://doi.org/10.1007/978-3-030-00671-6_19;hal-03937274;Common
https://orientdb.com/orientdb;hal-02435371;Common
https://doi.org/10.1007/978-0-387-30164-8_832;hal-04138880;Common
https://doi.org/10.1371/journal.pone.0123111;hal-03347926;Common
https://oecd.org/economy/the-economic-consequences-of-brexit-a-taxing-decision.htm;hal-02895316;Common
https://github.com/chrisbotella/plectranthus_barbatus;hal-03771760;Common
https://arxiv.org/abs/2009.04283;hal-03337765;Common
https://proceedings.mlr.press/v139/kairouz21a.html;hal-03904200;Common
https://dx.doi.org/10.1561/0400000042;hal-03110739;Common
https://openreview.net/forum;hal-03635452;Common
https://doi.org/10.4230/lipics.concur.2020.50;lirmm-03833578;Common
https://doi.org/10.1007/bfb0055745;hal-03904200;Common
https://data.enedis.fr;hal-03726234;Common
https://doi.org/10.4230/lipics.mfcs.2021.47;lirmm-03833578;Common
https://creativecommons.org/licenses/by/4.0;hal-03686060;Common
https://doi.org/10.48550/arxiv.1410.0151;hal-03904200;Common
https://versionclimber.readthedocs.io;hal-02262591;Common
https://github.com/hv0nnus/optimal;hal-03479241;Common
https://orcid.org/0000-0001-5851-2699;hal-03150701;Common
https://perval.fr;hal-02319539;Common
https://fao.org/faostat/en;hal-03358998;Common
https://doi.org/10.3233/978-1-61499-379-7-i;hal-03905409;Common
https://lustre.org;hal-02969510;Common
https://doi.org/10.1136/amiajnl-2012-001272;hal-03160473;Common
https://waaw.csound.com;hal-02366725;Common
https://doi.org/10.1093/bioinformatics/bty643;hal-03100032;Common
https://ns.inria.fr/sure;hal-04153252;Common
https://doi.org/10.1016/c2013-0-10739-8;hal-04278100;Common
https://ns.inria.fr/covid19/covidontheweb-1-2;hal-03404580;Common
https://tel.archives-ouvertes.fr/tel-03322720;hal-03517826;Common
https://w3.org/tr/annotation-model;hal-02879313;Common
https://doi.org/10.1515/mper-2017-0037;hal-03635452;Common
https://doi.org/10.5281/zenodo.5925413;hal-03619869;Common
https://w3.org/talks/www94tim;hal-02748219;Common
https://github.com/wimmics/d2kab-alignments;hal-03889780;Common
https://zenodo.org/record/8169473;hal-04322179;Common
https://haveibeenpwned.com;hal-03814840;Common
https://jfsowa.com/pubs/semnet.htm;hal-02058664;Common
https://purl.uniprot.org/uniprot;lirmm-02945170;Common
https://openenclave.io/sdk;hal-04228038;Common
https://doi.org/10.1016/j.websem.2012.07.001;hal-03905409;Common
https://arxiv.org/abs/2302.07200;hal-04041691;Common
https://ceur-ws.org/vol-2180/paper-01.pdf;hal-04110779;Common
https://doi.org/10.4230/lipics.icdt.2019.21;lirmm-04277973;Common
https://map.baidu.com;lirmm-02913503;Common
https://github.com/openalea/mtg;hal-02262908;Common
https://adssettings.google.com;hal-04311598;Common
https://mainline.i3s.unice.fr/wam2/packages/_;hal-03871660;Common
https://w3.org/ns/oa;hal-02939363;Common
https://doi.org/10.1007/bf02679467;hal-03934389;Common
https://sameas.org/rdf;hal-03301330;Common
https://ceur-ws.org/vol-2699/paper03.pdf;hal-03908363;Common
https://doi.org/10.1007/978-3-642-34961-4_38;hal-03904200;Common
https://go-fair.org;hal-03807744;Common
https://compriseh2020.eu;hal-02610447;Common
https://doi.org/10.1109/tpds.2009.145;hal-02289497;Common
https://doi.org/10.14778/3352063.3352103;hal-03897397;Common
https://doi.org/10.1093/aob/mcr199;hal-02228974;Common
https://personium.io;hal-03941879;Common
https://doi.org/10.1145/2274576.2274607;hal-04278100;Common
https://ccc19.org;hal-02918344;Common
https://cstheory.stackexchange.com/q/46746;hal-03940590;Common
https://wasabi.inria.fr/sparql;hal-04372234;Common
https://pubmed.ncbi.nlm.nih.gov;hal-03404580;Common
https://doi.org/10.1093/nar/gkx1023;hal-03231805;Common
https://doi.org/10.1145/2850413;hal-01673025;Common
https://zhydhkcws.github.io/tutorial/sigmo;hal-03103700;Common
https://onlinelibrary.wiley.com/terms-and-conditions;hal-04043460;Common
https://w3.org/tr/rdf-schema;hal-04353523;Common
https://doi.org/10.1051/0004-6361/201423806;hal-01999453;Common
https://ieeexplore.ieee.org/document;hal-03315102;Common
https://calculus-project.eu;hal-04068708;Common
https://schema.org;hal-04372234;Common
https://doi.org/10.1145/2815833.2815835;hal-03519365;Common
https://doi.org/10.1613/jair.1.11376;hal-04075393;Common
https://doi.org/10.1007/978-3-030-00668-6_23;hal-03516360;Common
https://archive.softwareheritage.org/browse/origin;hal-03527888;Common
https://doi.org/10.1145/2699442;hal-03527888;Common
https://doi.org/10.3390/ijgi8040184;hal-03913504;Common
https://dbpedia.org/resources/ontology;hal-03905409;Common
https://doi.org/10.1016/j.anifeedsci.2021.115034;hal-03347926;Common
https://github.com/jacobgil/keras-grad-cam;hal-03469487;Common
https://doi.org/10.1145/3152434.3152441;hal-03266462;Common
https://hal.inria.fr/hal-03960471;hal-03989703;Common
https://arxiv.org/abs/2007.14045;hal-03514297;Common
https://t.co/dcoshfmfxk;hal-02972184;Common
https://doi.org/10.5281/zenodo.5603369;hal-03812106;Common
https://hyperimage.ws/en;hal-03657095;Common
https://github.com/creativeintent/temper;hal-03087768;Common
https://doi.org/10.1145/1176617.1176632;hal-03231805;Common
https://digi.me;hal-03941879;Common
https://doi.org/10.1007/s42452-020-04134-7;hal-04102737;Common
https://public.wmo.int/en;hal-03619869;Common
https://vldb.org/pvldb/vol14/p1570-herodotou.pdf;hal-03897397;Common
https://homepages.inf.ed.ac.uk/libkin/papers/pods18.pdf;hal-03356951;Common
https://doi.org/10.1016/j.compag.2021.106329;hal-03315102;Common
https://doi.org/10.1145/nnnnnnn.nnnnnnn;hal-03791272;Common
https://sparontologies.github.io/frbr/current/frbr.html;hal-03065217;Common
https://eds.aphp.fr/covid-19;hal-03326636;Common
https://github.com/rtavenar/localized_random_shapelets;hal-02513295;Common
https://research.google.com/colaboratory/faq.html;hal-04157720;Common
https://dl.acm.org/citation.cfm;hal-01176763;Common
https://doi.org/10.1051/0004-6361/201322653;lirmm-03806053;Common
https://team.inria.fr/petrus;hal-04240543;Common
https://doi.org/10.1007/978-3-030-16670-0;hal-03905409;Common
https://doi.org/10.1287/mnsc.2015.2178;hal-03103700;Common
https://doi.org/10.1016/j.ins.2018.09.037;hal-03934420;Common
https://unstats.un.org/unsd/methodology/m49;hal-03021075;Common
https://ontoportal.org;lirmm-02945172;Common
https://englishclub.com/vocabulary/pronouns-;hal-03314797;Common
https://guitarix.org;hal-03087763;Common
https://dbpedia.org/california;hal-04131977;Common
https://pubmed.ncbi.nlm.nih.gov;hal-03889968;Common
https://eic.cefet-rj.br;lirmm-03452154;Common
https://doi.org/10.2527/af.2017.0106;hal-03315102;Common
https://eprint.iacr.org/2022/793;hal-03904200;Common
https://ilpubs.stanford.edu:8090/162;hal-01673025;Common
https://doi.org/10.1007/s00778-015-0394-1;hal-02066041;Common
https://doi.org/10.1007/978-3-319-63962-8;hal-03135088;Common
https://github.com/nyxpho/graphcite;hal-03648498;Common
https://doi.org/10.1007/978-3-642-80350-5_20;hal-03633526;Common
https://doi.org/10.1109/sfcs.1977.16;hal-03151014;Common
https://doi.org/10.1890/07-2153.1;hal-03220977;Common
https://net7.github.io/pundit2;hal-03657095;Common
https://youtu.be/4epxluavumq;hal-03726153;Common
https://w3.org/ns/dcat;hal-04351729;Common
https://github.com/wimmics/covidontheweb/blob/master/doc/01-data-modeling.md;hal-02939363;Common
https://doi.org/10.1145/168588.168596;hal-03904200;Common
https://kaggle.com;hal-03415990;Common
https://doi.org/10.1080;hal-03315102;Common
https://hal.archives-ouvertes.fr/tel-01081392;hal-04278100;Common
https://doi.org/10.1145/2389241.2389250;hal-01673025;Common
https://doi.org/10.5281/zenodo.4292245;hal-03231805;Common
https://creativecommons.org/licenses/by/4.0;hal-02348004;Common
https://arxiv.org/abs/2010.12472;hal-04014977;Common
https://kaggle.com/competitions/geolifeclef-2022-lifeclef-2022-fgvc9/data;hal-03817452;Common
https://reddit.com/r/moviesuggestions/...lost;hal-04068708;Common
https://doi.org/10.1109/ccgrid.2019.00060;hal-03510012;Common
https://dx.doi.org/10.1007/978-3-642-24704-0;hal-02435371;Common
https://github.com/aliayadi/bno-ontology-version-1.0;hal-02317227;Common
https://project.inria.fr/espdms/game3/1/2pdms;hal-03580286;Common
https://inpn.mnhn.fr/taxref/habitat;hal-01926379;Common
https://doi.org/10.1145/1376916.1376938;lirmm-04320944;Common
https://doi.org/10.1007/11526988_2;lirmm-04305787;Common
https://fr0stbyter.github.io/jspatcher/dist;hal-03087778;Common
https://doi.org/10.1145/253260.253302;hal-03516360;Common
https://w3.org/groups/wg/rdf-star;hal-04201661;Common
https://sites.google.com/view/trac2/home;hal-04014977;Common
https://cs.ubc.ca/~laks/cpsc504/dc-leo.pdf;hal-03356951;Common
https://arg.dundee.ac.uk/aif;hal-03230741;Common
https://kaggle.com/nltkdata/punkt;hal-02317227;Common
https://doi.org/10.1109/tkde.2020.2975793;hal-04110779;Common
https://webdam.inria.fr/alice;hal-03356951;Common
https://doi.org/10.1145/3524273.3533936;hal-04102737;Common
https://ceur-ws.org/vol-1933/paper-3.pdf;hal-04289970;Common
https://goessner.net/articles/jsonpath;hal-03189192;Common
https://doi.org/10.4230/lipics.icdt.2021.5;hal-04278100;Common
https://bitsabout.me;hal-03941879;Common
https://w3.org/tr/void;hal-02933190;Common
https://w3.org/tr/rdf11-mt;hal-02051413;Common
https://doi.org/10.1007/978-3-319-67008-9;hal-04201661;Common
https://zenodo.org/record/3865263;hal-03454183;Common
https://keras.io;lirmm-03443660;Common
https://ns.inria.fr/semed/linquest;hal-02571170;Common
https://creativecommons.org/licenses/by/4.0;hal-01706665;Common
https://doi.org/10.1145/2541928.2541934;hal-03231805;Common
https://dl.acm.org/citation.cfm;hal-03897397;Common
https://doi.org/10.18653/v1/n19-1423;hal-03648498;Common
https://janusgraph.org;hal-03189192;Common
https://doi.org/10.1016/j.tcs.2015.01.017;hal-02532706;Common
https://doi.org/10.5281/zenodo.8005904;hal-04212137;Common
https://doi.org/10.1007/s10994-019-05856-5;hal-03908363;Common
https://kaggle.com/datasets/blastchar/telco-customer-churn;hal-04181257;Common
https://doi.org/10.1145/2815833.2815835;hal-03905409;Common
https://doi.org/10.1002/2688-8319.12023;hal-02981760;Common
https://tinyurl.com/cisco-internet-report;hal-03666895;Common
https://recolnat.org/en;hal-03601464;Common
https://archivesic.ccsd.cnrs.fr/sic_01690547/document;hal-02483307;Common
https://sabiod.org/nips4b;hal-03415990;Common
https://compriseh2020.eu;hal-03332224;Common
https://github.com/fwallyn/counterfactualviz;hal-04255496;Common
https://www2.culture.gouv.fr/documentation/joconde/fr/pres.htm;hal-03363442;Common
https://doi.org/10.1108/ijwis-05-2013-0013;hal-01673025;Common
https://dl.acm.org/citation.cfm;hal-03140067;Common
https://wam-examples.vidalmazuy.fr;hal-04337545;Common
https://doi.org/10.5441/002/edbt.2021.68;hal-04110779;Common
https://elastic.co/kibana;hal-03779349;Common
https://doi.org/10.1145/3406325.3451014;hal-03516360;Common
https://w3.org/ns/prov;hal-04372234;Common
https://doi.org/10.1145/3411763.3451627;hal-03710323;Common
https://drops.dagstuhl.de/opus/frontdoor.php;lirmm-04305787;Common
https://w3.org/tr/owl2-overview;hal-02100230;Common
https://doi.org/10.1017/cbo9781107415324.004;hal-03231805;Common
https://doi.org/10.1007/s10619-015-7185-y;hal-03337765;Common
https://doi.org/10.14778/3229863.3236252;hal-02935956;Common
https://github.com/naomiaro/waveform-playlist;hal-03812916;Common
https://doi.org/10.1101/280917;hal-03139460;Common
https://gnu.org/software/libmicrohttpd;hal-03087763;Common
https://github.com/ibm/multi-data-lineage-capture-py;lirmm-03324881;Common
https://creativecommons.org/licenses/by/4.0;hal-02573627;Common
https://bit.ly/3cmvfbn;hal-03916393;Common
https://grid5000.fr;hal-02355115;Common
https://doi.org/10.3897/bdj.3.e5361;hal-02639237;Common
https://doi.org/10.1145/3209219.3209261;hal-04205128;Common
https://w3.org/tr/prov-o;hal-03500522;Common
https://doi.org/10.1145/155271.155274;hal-03937274;Common
https://ns.inria.fr/covid19/covidontheweb-1-1;hal-02939363;Common
https://cozy.io/fr;hal-04234719;Common
https://gbif.org/dataset/7a3679ef-5582-4aaa-81f0-8c2545cafc81;hal-03658842;Common
https://ncbi.nlm.nih.gov/pmc/articles/pmc7097836;hal-03379679;Common
https://pypi.org/project/pycld2;hal-03807744;Common
https://explore.recolnat.org/search/botanique/type=index;hal-02980085;Common
https://books.google.fr/books;hal-03536045;Common
https://doi.org/10.7250/csimq.2016-7.05;hal-03138755;Common
https://tpc.org/tpcx-bb;hal-02549758;Common
https://arxiv.org/abs/1307.5322;hal-02984951;Common
https://academic.oup.com/af;hal-03315102;Common
https://doi.org/10.1145/1242572.1242667;hal-03937274;Common
https://aikenamps.com/index.php;hal-03087763;Common
https://doi.org/10.1145/1804669.1804675;hal-01673025;Common
https://github.com/ixa-ehu/antidote-casimedicos;hal-04371254;Common
https://lod-cloud.net;hal-03892080;Common
https://w3id.org/stn;hal-03135088;Common
https://doi.acm.org/10.1145/263690.263806;hal-03657095;Common
https://icerm.brown.edu/events/ht19-1-sml;lirmm-03324881;Common
https://arxiv.org/abs/1906.10263;hal-03741042;Common
https://doi.org/10.1145/3331154;hal-03811274;Common
https://professionnels.ign.fr/bdtopo;hal-02319539;Common
https://doi.org/10.1007/bf01744431;hal-03934389;Common
https://tajnyzivotmesta.sk;hal-02981760;Common
https://youtu.be/unp-0hzveeo;hal-03087768;Common
https://github.com/graphmark/gmark;hal-03118422;Common
https://dbpedia.org;hal-03502001;Common
https://vertx.io/blog/vert-x3-web-easy-as-pi;hal-02289497;Common
https://doi.org/10.1145/3184558.3188727;hal-02057980;Common
https://keras.io;hal-03266004;Common
https://www2.culture.gouv.fr/documentation/joconde/fr/mentions_legales.htm;hal-03363442;Common
https://youtube.com/watch;hal-04335580;Common
https://fabien.info;hal-02748219;Common
https://ns.inria.fr/covid19/f74923b3...;hal-03230741;Common
https://forms.gle/dha8zdypldyqdjqm9;hal-03871500;Common
https://doi.org/10.1145/2567574.2567625;hal-03084671;Common
https://example.com/mydatagraph;hal-04152604;Common
https://ieeexplore.ieee.org/abstract/document/160242;hal-03356951;Common
https://arxiv.org/abs/1810.04805;hal-02990781;Common
https://s3.amazonaws.com/artifacts.opencypher.org/opencypher9.pdf;hal-02138771;Common
https://doi.org/10.1145/1055558.1055564;lirmm-04305787;Common
https://data.europa.eu/en;hal-03516296;Common
https://dx.doi.org/10.14778/2994509.2994516;hal-02934277;Common
https://sass-lang.com;hal-03871500;Common
https://ibc-montpellier.fr;lirmm-01867717;Common
https://gitlab.epfl.ch/sacs/distributed-ml/non-iid-topology-simulator;hal-03905091;Common
https://en.wikipedia.org/wiki/elbow;hal-03716868;Common
https://doi.org/10.1145/2566486.2567982;hal-03320929;Common
https://github.com/issa-project/issa-pipeline/blob/main/doc;hal-03807744;Common
https://doi.org/10.1007/978-94-007-5583-3;hal-02196903;Common
https://doi.org/10.5860/crl.78.3.403;hal-04388942;Common
https://doi.org/10.1145/276698.276749;hal-03934389;Common
https://github.com/afshinsadeghi/gfa-nn;hal-03516350;Common
https://doi.org/10.1145/3297001.3297014;hal-04110779;Common
https://dico-snds.health-data-hub.fr;hal-03326618;Common
https://identify.plantnet.org;hal-03965684;Common
https://doi.acm.org/10.1145/1368310.1368324;hal-02913866;Common
https://doi.org/10.1109/icde.2018.00214;hal-03934346;Common
https://gbif.org;hal-02283184;Common
https://doi.org/10.1007/11853107_12;hal-02057980;Common
https://github.com/kermitt2/entity-fishing;hal-02939363;Common
https://arxiv.org/abs/1412.0011;hal-03140067;Common
https://pubmed.ncbi.nlm.nih.gov;hal-03716868;Common
https://project.inria.fr/espdms;hal-04240543;Common
https://w3.org/ns/sparql-service-description;hal-03301330;Common
https://aclweb.org/anthology/d14-1162;hal-03279850;Common
https://doi.org/10.1109/icde.2007.367929;hal-03337765;Common
https://wikiart.org;hal-03363442;Common
https://w3.org/community/ml-schema;lirmm-03324881;Common
https://fireworks.js.org;hal-03871500;Common
https://dbpedia.org;hal-02389918;Common
https://trumpetproject.eu;hal-04092216;Common
https://doi.acm.org/10.1145/3196959.3196971;hal-01891483;Common
https://doi.org/10.1007/978-3-642-18308-9_5;hal-03426130;Common
https://purl.org/spar/amo;hal-03230741;Common
https://example.org/resource/lhr;hal-04152998;Common
https://doi.org/10.1145/3385634.3385636;hal-04278100;Common
https://tinyurl.com/dispers-hrc;hal-03814840;Common
https://doi.org/10.1016/j.ijar.2018.11.019;hal-02277678;Common
https://doi.org/10.1145/781027.781075;hal-03266462;Common
https://doi.org/10.1038/nplants.2017.102;hal-03231805;Common
https://w3.org/tr/owl2-syntax;hal-02100230;Common
https://doi.org/10.1145/2000119.2000133;hal-03811274;Common
https://doi.org/10.1007/978-3-319-65813-1_24;hal-03415990;Common
https://yoctoproject.org;hal-04157720;Common
https://team.inria.fr/cedar/projects/rdfquotient;hal-01978784;Common
https://artificialintelligenceact.eu;hal-04181257;Common
https://doi.org/10.1016/j.artint.2021.103649;hal-04041691;Common
https://doi.org/10.1093/bioinformatics/btg015;hal-03231805;Common
https://core.ac.uk/download/pdf/82500417.pdf;hal-03356951;Common
https://doi.org/10.1109/mmul.2007.82;hal-02289497;Common
https://github.com/pckerneis/webaudio-visual-editor;hal-03519504;Common
https://gitlab.inria.fr/lcornang/persist;hal-03934438;Common
https://lod-cloud.net;emse-02070625;Common
https://doi.org/10.1109/cloud.2010.64;hal-03189130;Common
https://appdynamics.com/media/uploaded-;hal-03310540;Common
https://openreview.net/pdf;hal-04353523;Common
https://hal.umontpellier.fr/hal-02281455;hal-03641389;Common
https://doi.org/10.1109/sp.2019.00065;hal-03160473;Common
https://wam-examples.vidalmazuy.fr;hal-03871660;Common
https://doi.org/10.1007/978-3-642-24206-9_17;lirmm-04305787;Common
https://doi.org/10.1111/nph.15385;hal-03231805;Common
https://threejs.org;hal-04093045;Common
https://doi.org/10.1109/vr.2018.8446177;hal-04102737;Common
https://w3.org/tr/prov-o;hal-04372234;Common
https://mycloud.com;hal-02269292;Common
https://youtube.com/watch;hal-04335612;Common
https://cerre.eu/sites/cerre/files/cerre_making_data_portability_more_effective_for_the_digital_economy_june2020.pdf;hal-03140409;Common
https://cables.gl;hal-03871500;Common
https://gitlab.inria.fr/e2clab/e2clab;hal-03310540;Common
https://doi.org/10.1109/tmm.2021.3124080;hal-04102737;Common
https://doi.org/10.1145/3311955;lirmm-03324873;Common
https://doi.org/10.1093/insilicoplants/diaa007;hal-03231805;Common
https://aclanthology.org/2020.lrec-1.625;hal-04014977;Common
https://doi.org/10.1016/j.envsoft.2018.07.015;hal-03231805;Common
https://arg.dundee.ac.uk/aif;hal-02939363;Common
https://fews.net/data;hal-04411802;Common
https://doi.org/10.1109/iot.2014.7030116;hal-02196903;Common
https://qwant.com/action/click_serp;hal-04228304;Common
https://doi.org/10.2527/tas2017-0016;hal-03315102;Common
https://youtube.com/watch;hal-03726153;Common
https://aicrowd.com/challenges/lifeclef-2022-plant;lirmm-03793591;Common
https://doi.org/10.1145/985040.985051;hal-03635452;Common
https://doi.org/10.14778/3476249.3476306;lirmm-04277973;Common
https://dx.doi.org/10.1145/371920.372166;hal-03657095;Common
https://github.com/fchollet/keras/tree/1.2.2;lirmm-02010805;Common
https://aicrowd.com/challenges/lifeclef-2022-23-plant;hal-04345310;Common
https://doi.org/10.1145/16301.16303;hal-03934346;Common
https://ameli.frlast;hal-03941868;Common
https://doi.org/10.1016/j.future.2017.05.017;hal-03189130;Common
https://startpage.com;hal-04228304;Common
https://fastutil.di.unimi.it;hal-03084606;Common
https://doi.org/10.1145/2213836.2213866;hal-02532706;Common
https://doi.org/10.57745/r6amn3;hal-04387090;Common
https://wikiba.se/ontology;hal-03301330;Common
https://doi.org/10.1007/978-3-030-21348-0_8;hal-02389918;Common
https://doi.org/10.1145/3131944.3133941;hal-03266462;Common
https://jbiomedsem.biomedcentral.com/articles/10.1186/2041-1480-3-s1-s1;hal-03657095;Common
https://doi.org/10.1145/1242572.1242667;hal-02066041;Common
https://arxiv.org/abs/2010.10596;hal-03908363;Common
https://gitlab.inria.fr/e2clab/examples/provenance-iot-edge;hal-04161546;Common
https://creativecommons.org/licenses/by/4.0;hal-03904200;Common
https://open-data-assurance-maladie.ameli.fr;hal-03326618;Common
https://creativecommons.org/licenses/by-nc-nd/4.0;hal-04199455;Common
https://doi.org/10.1145/12130.12168;hal-03904200;Common
https://github.com/eclipse/mosquitto;hal-04161546;Common
https://doi.org/10.1145/1879141.1879152;hal-04228304;Common
https://doi.org/10.1145/2213836.2213866;hal-03527888;Common
https://law.cornell.edu/cfr/text/29/1607.4;hal-04273353;Common
https://github.com/sebpiq/webpd;hal-03871500;Common
https://doi.org/10.1007/s007780050084;hal-03937274;Common
https://hal.archives-ouvertes.fr/hal-03205744;hal-04075393;Common
https://onlinelibrary.wiley.com/doi/pdf/10.1002/9780470627242.ch18;hal-01999453;Common
https://doi.org/10.1007/978-3-030-33246-4;hal-04201661;Common
https://doi.org/10.5281/zenodo.3911713;hal-03231805;Common
https://doi.org/10.1142/s1793351x17400219;hal-03138755;Common
https://doi.org/10.17743/jaes.2022.0056;hal-04093045;Common
https://www-cs.stanford.edu/~chrismre/papers/jcss-probdb.pdf;hal-03356951;Common
https://doi.org/10.1111/aab.12268;hal-02228974;Common
https://gitlab.com;hal-02573627;Common
https://doi.org/10.1145/3360598;hal-02950994;Common
https://purl.uniprot.org/uniprot/a0a0b4k7j2;lirmm-02945170;Common
https://github.com.cnpmjs.org/openmined;hal-02406503;Common
https://t.co/iyvf7xcdhr;hal-03807744;Common
https://aws.amazon.com/neptune;hal-03189192;Common
https://arxiv.org/abs/2102.13076;hal-04388942;Common
https://tel.archives-ouvertes.fr/tel-00378201;emse-02070625;Common
https://doi.org/10.3390/info13040197;hal-04132566;Common
https://grid5000.fr/w/nancy:hardware;hal-04161546;Common
https://github.com/wimmics/d2kab/blob/main/meteo/ontology/features-properties-vocabulaire.ttl;hal-03619869;Common
https://prestodb.io;lirmm-03148271;Common
https://ted.europa.eu/ted/main/homepage.do;hal-03065217;Common
https://doi.org/10.1007/s10618-022-00823-6;hal-03599214;Common
https://doi.org/10.1007/11555261_17;hal-03635452;Common
https://doi.org/10.1145/3126908.3126951;hal-03266462;Common
https://threejs.org;hal-03871500;Common
https://creativecommons.org/licenses/by/4.0;hal-02253260;Common
https://eprint.iacr.org/2016/086;hal-03580286;Common
https://w3.org/tr/prov-o;hal-02167174;Common
https://doi.org/10.1016/j.comcom.2009.05.009;hal-04228304;Common
https://dit.unitn.it/~pavel/om2018/papers/oaei18_paper1.pdf;hal-02984949;Common
https://oaei.ontologymatching.org/2022/results/commonkg/index.html;hal-04351729;Common
https://w3.org/tr/owl2-syntax;hal-02936193;Common
https://doi.org/10.1016/j.anifeedsci.2020.114611;hal-03315102;Common
https://github.com/facebookresearch/detectron2;hal-03601464;Common
https://dbpedia.org/resource;lirmm-02945170;Common
https://aclweb.org/anthology/c18-1182;hal-03518717;Common
https://doi.org/10.1007/978-3-031-15034-0;hal-04125922;Common
https://doi.org/10.5281/zenodo.2635501;hal-03150701;Common
https://caffe.berkeleyvision.org;hal-02573627;Common
https://doi.org/10.1109/csse.2008.379;hal-04132566;Common
https://doi.org/10.2478/popets-2021-0005;hal-03103528;Common
https://ads.google.com;hal-04311598;Common
https://dx.doi.org/10.1006/inco.2000.2878;hal-01176763;Common
https://doi.org/10.1145/3147.3165;hal-03320929;Common
https://doi.org/10.1006/jcss.2000.1727;hal-04278100;Common
https://doi.org/10.1007/978-3-030-45442-5_70;hal-02873670;Common
https://dx.doi.org/10.1007/978-3-319-11964-9;hal-02435371;Common
https://doi.org/10.1515/jib-2019-0021;hal-04125922;Common
https://doi.org/10.1101/2020.01.15.907808;hal-03100032;Common
https://schema.org;hal-03774599;Common
https://aclanthology.org/w17-1101;hal-04014977;Common
https://doi.org/10.1007/s40070-018-0087-2;hal-03770578;Common
https://neo4j.com/developer/cypher;hal-04199455;Common
https://doi.org/10.1137/1.9781611975031.80;lirmm-04277973;Common
https://doi.org/10.1145/1979742.1979486;hal-03811274;Common
https://grid5000.fr;lirmm-02265726;Common
https://webdam.inria.fr/alice;hal-03514297;Common
https://doi.org/10.1016/j.artint.2015.05.001;hal-03934420;Common
https://doi.org/10.1109/icdew.2015.7129548;hal-02935956;Common
https://doi.org/10.1111;hal-03150701;Common
https://doi.org/10.1007/s41109-022-00505-8;hal-04125922;Common
https://wileyonlinelibrary.com/journal/appsplantsci;hal-02137748;Common
https://tools.ietf.org/html/rfc4253;hal-02913866;Common
https://example.org;hal-02064075;Common
https://wiki.dbpedia.org;hal-02100230;Common
https://fspm2020.net;hal-03059482;Common
https://doi.org/10.1051/ita:2007046;hal-04278100;Common
https://eclipse.org;hal-02968427;Common
https://doi.org/https://doi.org/10.1016/j.knosys.2021.107975;hal-04031744;Common
https://doi.org/10.1007/s00778-021-00695-0;hal-03886320;Common
https://github.com/eclipse/mosquitto.rsmb;hal-04161546;Common
https://doi.org/10.1007/978-3-319-44902-9_17;hal-03138755;Common
https://aollagnier.github.io;hal-03765857;Common
https://tinyurl.com/data-governance-act;hal-03925714;Common
https://grid5000.fr;lirmm-02045144;Common
https://doi.org/10.48550/arxiv.2208.09011;hal-03904200;Common
https://github.com/facebookresearch/maskrcnn-benchmark;hal-03454183;Common
https://doi.org/10.48550/arxiv.2207.02026;hal-03897397;Common
https://github.com/frmichel/taxrefmatch-silk-plugin;hal-03889780;Common
https://w3.org/tr/sparql11-query;hal-02064421;Common
https://openreview.net/forum;hal-03406994;Common
https://doi.org/10.1007/978-3-319-44564-9;hal-02945382;Common
https://creativecommons.org/licenses/by-nc-nd/4.0;hal-03701955;Common
https://github.com/benjaminocampo/ishate;hal-04214094;Common
https://doi.org/10.24963/ijcai.2017/27;hal-02984951;Common
https://doi.org/10.1145/3334480.3375178;hal-03811274;Common
https://lta.cr.usgs.gov/srtmvf;hal-02639237;Common
https://mydex.org;hal-02269292;Common
https://doi.org/10.1016/j.isci.2022.104784;hal-03871553;Common
https://doi.org/10.1109/qomex48832.2020.9123126;hal-03710323;Common
https://purl.org/spar/amo;hal-02939363;Common
https://sciencedirect.com/science/article/pii/030439759290369q;hal-03356951;Common
https://doi.org/10.18653/v1/d19-1250;hal-04068708;Common
https://gbif.org;hal-02190170;Common
https://doi.acm.org/10.1145/1292591.1292594;hal-03657095;Common
https://bitcoin.org/bitcoin.pdf;hal-03820603;Common
https://github.com/op-ted/epo;hal-04201661;Common
https://doi.org/10.1145/179606.179671;hal-03633526;Common
https://doi.org/10.1145/1247480.1247516;hal-03886320;Common
https://doi.org/10.5281/zenodo.4292231;hal-03231805;Common
https://dbpedia.org/resource;hal-03301330;Common
https://doi.org/10.1145/2810103.2813687;hal-03160473;Common
https://rd-alliance.org;hal-03807744;Common
https://doi.org/10.1504/ijcbdd.2019.099761;lirmm-03324873;Common
https://doi.org/10.34971/zaz0-n247;hal-02981760;Common
https://doi.org/10.1109/icws.2017.26;hal-02060966;Common
https://doi.org/10.1145/1242572.1242667;hal-01673025;Common
https://ec.europa.eu;hal-04257838;Common
https://mainline.i3s.unice.fr/ampsim5;hal-03087763;Common
https://openannotation.org/spec/core;hal-03657095;Common
https://arxiv.org/abs/1802.04434;hal-03160473;Common
https://doi.org/10.1145/3199919.3199924;hal-02196903;Common
https://doi.org/10.3115/v1/p15-1150;hal-03897397;Common
https://w3.org/1999/02/22-rdf-syntax-ns;hal-04125922;Common
https://doi.org/10.1016/j.artint.2012.10.004;hal-03934420;Common
https://doi.org/10.18653/v1/p16-1220;hal-03476795;Common
https://doi.org/10.1007/978-3-319-52593-8_13;hal-03138755;Common
https://onlinelibrary.wiley.com/doi/10.1002/pts.2720;hal-04043460;Common
https://schema.org/place;hal-03913504;Common
https://eur-lex.europa.eu/legal-content/en/txt;hal-04311598;Common
https://arxiv.org/abs/1712.08443;hal-03908363;Common
https://cs.ox.ac.uk/isg/ontologies;hal-04212137;Common
https://arxiv.org/abs/2002.09172;hal-03500522;Common
https://doi.org/10.1587/transinf.2016dap0025;hal-02060966;Common
https://creativecommons.org/licenses/by/4.0;hal-01895279;Common
https://madhulikamohanty.com;hal-04199455;Common
https://dblp.org/rdf/schema;hal-04311370;Common
https://u-test.eu;hal-02441654;Common
https://doi.org/10.1145/2882903.2915217;hal-04110779;Common
https://wiki.dbpedia.org;hal-02936193;Common
https://openreview.net/forum;hal-04041691;Common
https://doi.org/10.1109/tkde.2012.228;hal-03886320;Common
https://xeno-canto.org;hal-03791428;Common
https://homes.cs.washington.edu/~suciu/jacm-dichotomy.pdf;hal-03514297;Common
https://creativecommons.org/licenses/by-nc-nd/4.0;hal-03315102;Common
https://sciencedirect.com/science/article/pii/s2352154618301943;hal-04041691;Common
https://digi.me;hal-02269292;Common
https://webdam.inria.fr/alice;lirmm-04304601;Common
https://doi.org/10.1145/3077334;hal-03633526;Common
https://doi.org/10.1007/978-3-642-54792-8_15;lirmm-03833578;Common
https://covid19.i3s.unice.fr:8080/hal;hal-03404580;Common
https://doi.org/10.48550/arxiv.2205.05649;lirmm-04277973;Common
https://doi.org/10.1145/3375395.3387970;hal-03934346;Common
https://example.org/thing;hal-03946680;Common
https://hal.inria.fr/hal-03652865;hal-03989703;Common
https://doi.org/10.1016/j.tcs.2004.10.033;lirmm-04305787;Common
https://atelierihm.unice.fr/vitrine;hal-02388854;Common
https://w3.org/tr/void;hal-04372234;Common
https://doi.org/10.15468/dl.9q36sf;hal-03771760;Common
https://orcid.org/0009-0001-4604-2009;hal-04269089;Common
https://my.plantnet.org;hal-02937618;Common
https://github.com/wimmics/weather-kg/blob/main/meteo/dataset-metadata/dsd-definition.ttl;hal-03890035;Common
https://cifkao.github.io/spe;hal-03256451;Common
https://github.com/issa-project;hal-03969275;Common
https://reddit.com/r/askreddit/comments/b3nwm6/the;hal-03351649;Common
https://arxiv.org/abs/1806.06277;hal-02381105;Common
https://rebeltech.org/product/owl-pedal;hal-02366725;Common
https://aclanthology.org/c14-1197;hal-03518717;Common
https://gitlab.inria.fr/hayats/luke-redect;hal-03704042;Common
https://python.org;hal-02253260;Common
https://github.com/vitaliy-bobrov/js-rocks;hal-03812948;Common
https://link.springer.com/article/10.1007/s00224-012-9392-5;hal-03514297;Common
https://zenodo.org/record/5777028;hal-03601464;Common
https://doi.org/10.24963/kr.2022/19;hal-03937274;Common
https://ceur-ws.org/vol-477/paper_33.pdf;hal-03934420;Common
https://hal.inria.fr/hal-02956526;hal-03293643;Common
https://arxiv.org/abs/2209.14878;hal-03940590;Common
https://www2.pcs.usp.br/~coin/coin_springer.html;emse-02070625;Common
https://linkeddata.org;hal-02100230;Common
https://grid5000.fr;hal-02962964;Common
https://doi.org/10.1145/3340531.3417460;hal-03517826;Common
https://gdpr-info.eu;hal-03814840;Common
https://doi.org/10.1145/2502081.2502251;hal-02981760;Common
https://gitlab.inria.fr/hayats/luke-redect;hal-03866083;Common
https://doi.org/10.1145/3318464.3384684;hal-03516360;Common
https://github.com/fr0stbyter/jspatcher;hal-03812972;Common
https://doi.org/10.14778/3368289.3368296;hal-03897397;Common
https://instacart.com/datasets/grocery-shopping-2017;hal-02505913;Common
https://openreview.net/forum;hal-04262826;Common
https://cs.uwaterloo.ca/~david/cs848s14/il84.pdf;hal-03356951;Common
https://w3.org/tr/skos-reference;hal-03502001;Common
https://creativecommons.org/licenses/by/4.0;hal-04411802;Common
https://doi.org/10.5281/zenodo.1112342;hal-02910844;Common
https://doi.org/10.1180/mgm.2021.21;hal-04346839;Common
https://w3.org/tr/owl-time;hal-03662183;Common
https://nextcloud.com;hal-03814840;Common
https://cnil.fr/sites/default/files/atoms/files/cnil-38e_rapport_annuel_2017.pdf;hal-03140409;Common
https://sabiod.univ-tln.fr;hal-02345644;Common
https://framagit.org/irit;hal-04366893;Common
https://doi.org;hal-04386951;Common
https://unece.org/fileadmin/dam/trans/danger/publi;hal-03770578;Common
https://doi.org/10.1145/872757.872762;hal-03886320;Common
https://jupyterlab.readthedocs.io;hal-03231805;Common
https://w3.org/tr/r2rml;hal-04257838;Common
https://github.com/g200kg/webaudiodesigner;hal-03519504;Common
https://doi.org/10.1145/1376616.1376706;hal-03886320;Common
https://doi.org/10.1109/icde.2002.994693;hal-03886320;Common
https://bitsabout.me;hal-02269292;Common
https://doi.org/10.1145/1206035.1206036;hal-03516360;Common
https://doi.org/10.1145/276305.276342;lirmm-04277973;Common
https://bit.ly/32yeqh1;hal-02936193;Common
https://doi.org/10.1145/3286689.3286709;hal-02388854;Common
https://arxiv.org/abs/1906.09226;hal-03356951;Common
https://sites.computer.org/debull/95sep-cd.pdf;hal-03897397;Common
https://github.com/kingfish777/covid19;hal-02939363;Common
https://agroportal.lirmm.fr;lirmm-02945172;Common
https://doi.org/10.1145/3034786.3056125;hal-03140067;Common
https://spj.science.org;hal-04322179;Common
https://scihub.copernicus.eu;hal-03693593;Common
https://github.com/versionclimber/versionclimber/blob/master/example/tuto;hal-02262591;Common
https://github.com/creativeintent/temper;hal-03087763;Common
https://springer.com/gp/book/9780412022715;hal-03228509;Common
https://sweetgum.nybg.org/science/ih;hal-02137748;Common
https://doi.org/10.1016/j.eswa.2019.03.012;hal-02277678;Common
https://vldb.org/pvldb/vol14/p2715-woltmann.pdf;hal-03897397;Common
https://doi.org/10.1145/2723372.2731084;hal-03516360;Common
https://academic.oup.com/af/article/9/2/6/5448574;hal-03315102;Common
https://doi.org/10.5281/zenodo.4726653;hal-03474556;Common
https://tinyurl.com/r223p7c;hal-02557901;Common
https://tiny.cc/v9s43y;hal-02269134;Common
https://tdwg.org/community/species/plinian-core;hal-04198414;Common
https://collexpersee.eu/projet/issa;hal-03807744;Common
https://arg.dundee.ac.uk/aif;hal-03404580;Common
https://ns.inria.fr/meteo/weatherstation/07434;hal-03890035;Common
https://reactjs.org;hal-03087778;Common
https://ifttt.com;hal-02196903;Common
https://abet.org;hal-04132566;Common
https://doi.org/10.2478/popets-2020-0079;hal-04228304;Common
https://doi.org/10.1145/142394.142401;hal-03657095;Common
https://doi.org/10.1109/mc.2016.59;lirmm-02265730;Common
https://doi.org/10.1109/sfcs.1995.492470;hal-03127717;Common
https://doi.org/10.1016/j.patcog.2005.01.025;hal-03315102;Common
https://soundtrackyourbrand.com;hal-03812106;Common
https://doi.org/10.1145/2656335;hal-03516360;Common
https://hal.inria.fr/hal-01577464;hal-02935956;Common
https://horizon.documentation.ird.fr/exl-;hal-03228509;Only in file1
https://hal.inrae.fr/hal-03220977;hal-03220977;Only in file1
https://github.com/nicolas-hbt/versatile-;hal-04344873;Only in file1
https://oaei.ontologymatching.org/2010/im/index.html;hal-04368386;Only in file1
https://regexlib.com;hal-03104155;Only in file1
https://proceedings.mlr.press/v32/le14.html;hal-04346759;Only in file1
https://sdss3.org/dr8;hal-02274497;Only in file1
https://hal.science/hal-03426547;hal-03426547;Only in file1
https://doi.org;hal-03662183;Only in file1
https://inria.hal.science/hal-03140409;hal-03140409;Only in file1
https://aclweb.org;hal-04014977;Only in file1
https://aaai.org/ocs/index;hal-04353543;Only in file1
https://en.wikipedia.org/wiki/delta_method;hal-02152844;Only in file1
https://hal.archives-ouvertes.fr;hal-02446427;Only in file1
https://oeg-dataintegration.github.io;hal-04201661;Only in file1
https://inria.hal.science/hal-04335580;hal-04335580;Only in file1
https://hal.inrae.fr/hal-03658842;hal-03658842;Only in file1
https://github.com/interactions-hsg/yggdrasil/tree/iot2019;hal-03135088;Only in file1
https://doi.org/10.2307;hal-02228974;Only in file1
https://hal.science/hal-03163763;hal-03163763;Only in file1
"https://dbpedia.org/ontology/plant;";hal-02936253;Only in file1
https://doi.org/10.1006/jcss.1999;lirmm-04305787;Only in file1
https://voiceprivacychallenge.org/docs/voiceprivacy_;hal-02610447;Only in file1
https://imageclef.org/lifeclef2019;hal-02273257;Only in file1
https://orcid.org/0000-0002-6505-2536;hal-03719603;Only in file1
https://hal.science/hal-03425819;hal-03425819;Only in file1
https://hal.science/hal-03025671;hal-03025671;Only in file1
https://doi.org/10.3897/bdj.5.e21139;hal-03871553;Only in file1
https://doi.org/10.21105/joss.01667;hal-02293689;Only in file1
https://nodered.org;hal-02441654;Only in file1
https://doi.org/10.1093/nar/gku1181;hal-04125922;Only in file1
https://doi.org/10.1162;hal-03220977;Only in file1
https://mainline.i3s.unice.fr/wam2new/packages/_;hal-03951799;Only in file1
https://alexandria.unisg.ch/255762;hal-03135088;Only in file1
https://arxiv.org/abs;hal-02470280;Only in file1
https://doi.org/10.1007/s13593-013-0170-9;hal-02228974;Only in file1
https://compriseh2020;hal-02562199;Only in file1
https://doi.org/10.15252/msb.20199110;hal-04125922;Only in file1
https://doi.org/10.1038/s41746-019-0162-5;hal-03602177;Only in file1
https://aisel.aisnet.org;hal-04358408;Only in file1
https://aclanthology.org/2021.emnlp-main.634;hal-03807744;Only in file1
https://code.google.com/archive/p/word2vec;hal-03100039;Only in file1
https://doi.acm.org/10.1145/2079296.2079304;hal-03266462;Only in file1
https://inria.hal.science/hal-03134596;hal-03134596;Only in file1
https://web.archive.org/web/20170510073633/http:;hal-03301330;Only in file1
"https://purl.obolibrary.org/obo/pr_a0a0b4k7j2""";lirmm-02945170;Only in file1
https://w3.org/tr/prov-overview;lirmm-02265932;Only in file1
https://hal.archives-ouvertes.fr;hal-03292172;Only in file1
https://github.com/damian0815/compel;hal-04262826;Only in file1
https://github.com/dariomalchiodi/mdai2020;hal-02931396;Only in file1
https://inria.hal.science/hal-03619869;hal-03619869;Only in file1
https://hal.science/hal-02387680;hal-02387680;Only in file1
https://doi;hal-03079818;Only in file1
https://w3.org/tr/void;hal-04230234;Only in file1
https://hal.inrae.fr/hal-03353487;hal-03353487;Only in file1
https://mdpi.com/2079-9292/9/5/750;hal-04041691;Only in file1
https://socialsciences.manchester.ac.uk/social-statistics/research;hal-03189474;Only in file1
https://doi.org/10.1093/aob/mcu099;hal-02228974;Only in file1
https://towardsdatascience.com/understanding-auc-roc-curve-;hal-03066941;Only in file1
https://hal;hal-03135088;Only in file1
https://doi.org/10.1111/faf.12328;hal-03228509;Only in file1
https://hal.science/hal-03866192;hal-03866192;Only in file1
https://fr.dbpedia.org/sparql;hal-03404580;Only in file1
https://langual.org/langual;hal-04351729;Only in file1
https://doi.org/10.3390/biology11091293;hal-03771760;Only in file1
https://doi.org/10;hal-03369680;Only in file1
https://dhsite.fbk.eu/2018/09/whatsa;hal-03765860;Only in file1
https://aclweb.org/anthology/d12-1054;hal-03812106;Only in file1
https://hal.science/hal-04290243;hal-04290243;Only in file1
https://huggingface.co/docs/transformers/indexscikit-learn7library.therandomseedwassetto42.thepostagswereobtainedusingthespacy8library.themaximumtensorsizeissetto256,ensuringthatallnecessarytextinformationisin-cludedwithouttruncation.therepresentationofthisencodingisshowedintheappendixa.theproposedneuralarchitecturecontains328millionparameters9.thislargeparametercountenablesthemodeltocaptureintricatepatternsanddependencieswithinthedata,enhancingitscapac-ityforcomplexinformationprocessingandgen-eratingmoreaccuratepredictions.weevaluatedthe“multifusion”approachonthebaselinemodelthatshowedthebestresults.despitehavingap-proximatelyhalfofthetrainableparametersofbert(e.g.,65mfordistilbertvs.109mforbert),bertoutperformeddistilbert.conse-quently,weadoptedbertasthearchitectureforimplementingtheapproachdescribedabove.weutilizedthenvidiaquadrortx8000gpu(32gb)forourexperiments.theaverageruntimewasof21minutesfortrainingandtestingalltheconfigurationsofourmodels.5evaluationtable3presentstheresultsofthetestedmodelsforfallaciesdetectioninthepoliticaldebates.resultsarecalculatedusingthemacroaveragef1metric,consideringthefollowingfallacylabels:(i)adhominem,(ii)appealtoauthority,(iii)appealtoemotion,(iv)falsecause,(v)slipperyslope,(vi)slogans,and(vii)other(bandilabelsaremerged).despitetherelativelysmallersizeofthedatasetandthetaskcomplexity,theresultsob-tainedfromthedifferentmodelsarepromising.asintroducedbefore,amongthebaselines,bert“db-mdz/bert-large-cased-finetuned-conll03-english”achievedthebestperformance.thus,multifu-sionbert,incorporatingargumentativefeatures(componentsandrelations)aswellaspostags,significantlyoutperformedtheothermodels(theperformanceincreasewithrespecttobertftcisof2.12%).7https://scikit-learn.org/stable/modules/generated/sklearn.model_selection.train_test_split.html8https://spacy.io9thestandardbertftcmodelisaroundthreetimessmaller,approximately109millionparameters;hal-04260221;Only in file1
https://doi.org/10.5334/dsj-2020-015;hal-02483307;Only in file1
https://dublincore.org/specifications/dublin-core/dcmi-terms;hal-03230741;Only in file1
https://hal.science/hal-03426130;hal-03426130;Only in file1
https://ouvrirlascience.fr/projet-visa-tm;hal-03969275;Only in file1
https://doi.org/10.1016/1045-926x(92)90034-j;hal-03871500;Only in file1
https://project-hobbit.eu/outcomes/hobbit-platform;hal-04366893;Only in file1
https://localhost:8080/1;hal-02269201;Only in file1
https://hal.inria.fr;hal-01978784;Only in file1
https://hal.science/hal-02392637;hal-02392637;Only in file1
https://i2b2.org;hal-02918344;Only in file1
https://bibliontology.com/specification.html;hal-03230741;Only in file1
https://sentinels.copernicus.eu/web/sentinel;hal-04411802;Only in file1
https://remix-;hal-02228974;Only in file1
https://ceur-ws.orgissn;hal-04346759;Only in file1
https://github.com/stardog-union/stardog-examples/tree;hal-03500522;Only in file1
https://w3.org/rdf;hal-04386268;Only in file1
https://doi.org/10.1145/2488388;hal-02066041;Only in file1
https://cs.cmu.edu/afs/cs;hal-04358408;Only in file1
https://w3.org/tr/2018/wd-wot-thing-;hal-02289497;Only in file1
https://inria.hal.science/hal-02274497v2;hal-02274497;Only in file1
https://doi.org/10.1016/j.biosystemseng.2007.08.008;hal-03347926;Only in file1
https://catalog.ldc.upenn.edu/ldc99t42;hal-02435371;Only in file1
https://team.inria.fr/cedar/rdfs-reasoning-experiments;hal-02051413;Only in file1
https://schema.org/dataset;hal-02060966;Only in file1
https://hal.archives-ouvertes.fr/hal-03292172;hal-03807744;Only in file1
https://doi.org/10.1515/sem-;hal-04293239;Only in file1
https://github.com/boourns/wam-community;hal-04337545;Only in file1
https://researchgate.net/publication/279530330_atlas_des_poissons_d'eau_douce_de;hal-03228509;Only in file1
https://inria.hal.science/hal-02375958;hal-02375958;Only in file1
https://d2kab.org;hal-03889968;Only in file1
https://doi.org/10.1145/1376616.1376772;lirmm-02949807;Only in file1
https://ebi.ac.uk/ols/ontologies/prov;hal-04351729;Only in file1
https://arxiv.org/abs;hal-03897397;Only in file1
"https://identifiers.org/go/go:0005623""";hal-04125922;Only in file1
https://inria.hal.science/hal-03347677;hal-03347677;Only in file1
https://data-issa.cira.fr;hal-03807744;Only in file1
https://hal-lirmm.ccsd.cnrs.fr/lirmm-03345614;lirmm-03345614;Only in file1
https://neptune.ai;lirmm-03443660;Only in file1
https://oaei.ontologymatching.org/2013/results/oaei2013.pdf;hal-04366893;Only in file1
https://github.com/ircam-web/timeside-sdk-js;hal-03748134;Only in file1
https://cran.r-;lirmm-03852429;Only in file1
https://aclweb.org;hal-03256451;Only in file1
https://doi.org/10.1016/0022-0000(79)90046-1;hal-02532706;Only in file1
https://di.unito.it/~tutreeb/haspeede-evalita18;hal-02972184;Only in file1
https://doi.org/10.1073/pnas.0402642101;hal-02228974;Only in file1
https://doi.org;hal-02289497;Only in file1
https://hal.science/hal-04351105;hal-04351105;Only in file1
https://ceur-ws.org/vol-2180;hal-04353543;Only in file1
https://inria.hal.science/hal-03913497;hal-03913497;Only in file1
https://gridsound.com;hal-04335612;Only in file1
https://varjo.com;hal-04102737;Only in file1
https://w3.org/tr/2013/rec-sparql11-query-20130321;hal-04388974;Only in file1
https://github;hal-03889780;Only in file1
https://inria.hal.science/hal-03767992;hal-03767992;Only in file1
https://aaai.org/ocs/index.php/aaai/aaai18/paper/view/16982;hal-03741042;Only in file1
https://hal.science/hal-02060966;hal-02060966;Only in file1
https://nrt-kenya.org;hal-02937618;Only in file1
https://stenciljs.com;hal-03518845;Only in file1
https://blog.arxiv.org/2020/10/08/new-arxivlabs-feature-provides-instant-access-to-code;hal-03190617;Only in file1
https://radimrehurek.com/gensim/about.html;hal-02317227;Only in file1
https://inria.hal.science/hal-03134418;hal-03134418;Only in file1
https://w3.org/1999/02/22\-rdf-syntax-ns\;hal-02319638;Only in file1
https://doi.org/10.1071/fp08052;hal-02228974;Only in file1
https://dx.doi.org/10.1145/2627692.2627697;hal-02435371;Only in file1
https://doi.org/10.1109/issnip.2007.4496859;hal-04204378;Only in file1
https://youtu.be/5b0krow0dv8;hal-03337765;Only in file1
https://doi.org/10.1145/1721695.1721709;hal-03135088;Only in file1
https://scikit-learn.org/stable/modu;hal-03417019;Only in file1
https://doi.org/10.1145/2996453;hal-03320929;Only in file1
https://jasss.soc.surrey.ac.uk/6/2/1.html;hal-03770578;Only in file1
https://doi.org/10.24963/kr;lirmm-04320944;Only in file1
https://demo-lia.univ-avignon.fr/voiceprivacy/instructions;hal-03332224;Only in file1
https://3ia-demos.inria.fr/disputool;hal-04349796;Only in file1
https://sake;hal-03905182;Only in file1
https://lemonde.fr/les-decodeurs/visuel/2018/05/07;hal-02057980;Only in file1
https://pubchem.ncbi.nlm.nih.gov;hal-04353523;Only in file1
https://doi.org/10.1145/3524273.3532895;hal-03710323;Only in file1
https://huggingface.co/flax-sentence-embeddings/st-codesearch-distilroberta-base;hal-04311401;Only in file1
https://doi.org/10.1016/j.ijhcs.2018.05.001;hal-03657095;Only in file1
https://doi.org/10.1007/978-3-319-13704-;hal-03519365;Only in file1
https://doi.org/10.1016/s0304-3800(99;hal-02228974;Only in file1
https://ucd.ie/issda/data;hal-03726234;Only in file1
https://doi.org/10.3390/plants11040530;hal-03601464;Only in file1
https://gitlab.inria.fr/hayats/jena-conceptsofneighbours;hal-03866083;Only in file1
https://cgil.it/riders-cgil-causa-contro-multinazionale-food-delivery-;hal-03189474;Only in file1
https://github.com/boourns/wam-community;hal-03871660;Only in file1
https://jmlr.org/papers/v21/20-091.html;hal-03025671;Only in file1
https://doi.org/10.1145/2588555;hal-03897397;Only in file1
https://doi.org/10.1098/rstb.2017.0391;hal-03871553;Only in file1
https://cambridge.org/core;hal-03342381;Only in file1
https://inria.hal.science/hal-03514297;hal-03514297;Only in file1
https://horizon.documentation.ird.fr/exl-doc/pleins_textes/pleins_textes_6/b_fdi_33-;hal-03228509;Only in file1
https://doi.org/10.1016/j.jcss.2019.08.006;hal-02435355;Only in file1
https://doi.org/10.1016;hal-03369680;Only in file1
https://nii.ac.jp/techreports/public_html/03-004e;hal-03940590;Only in file1
https://doi.org/10.1179/2042349714y.0000000041;hal-03871553;Only in file1
https://oaei.ontologymatching.org/2023/results/knowledgegraph/knowledgegraph-alignments.zip;hal-04366893;Only in file1
https://arxiv.org/abs/1905.12101;hal-02406503;Only in file1
https://doi.org/10.1109/vast.2016.7883515;hal-03779349;Only in file1
https://doi.org/10.1016/j.anopes.2023.100039;hal-04040702;Only in file1
https://timeseriesclassification.com/index.php;hal-03469487;Only in file1
https://doi;hal-04125922;Only in file1
https://huggingface.co;hal-04129915;Only in file1
https://data.gouv.fr/datasets/566e964188ee3875beaf0bf5;hal-03326618;Only in file1
https://goodreads.com/group/bookshelf/52937-around-the-world-in-80-books;hal-03811257;Only in file1
https://rdf.insee.fr;hal-03426150;Only in file1
https://github.com/josemachino/sherml;hal-03516713;Only in file1
https://dbpedia.org/resource/severe_acute_respiratory_syndrome;hal-02939363;Only in file1
https://doi.org/10.1016/0168-1699(95)00009-s;hal-03347926;Only in file1
https://inria.hal.science/hal-04186101;hal-04186101;Only in file1
https://doi.org/10.1111/epi.13709;hal-03263469;Only in file1
https://fasttext.cc/docs/en/crawl-vectors.html;hal-02860659;Only in file1
https://hal.science/hal-04345310;hal-04345310;Only in file1
https://gitlab.inria;hal-03916393;Only in file1
https://gitlab.inria.fr/avoyez1/subsum;hal-03726234;Only in file1
https://kaggle.com/c/geolifeclef-2021;hal-03415990;Only in file1
https://doi.org/10.1109/tpds.2009.145;hal-03135088;Only in file1
https://leaf.cmu.edu;hal-02406503;Only in file1
https://github.com/gabolsgabs/dali;hal-02366730;Only in file1
https://w3.org/tr/sparql11-overview;hal-03516393;Only in file1
https://schema.org;hal-03946680;Only in file1
https://collegeofmedicine.org.uk/complementary-medicine-round;hal-02157559;Only in file1
https://hal.science/hal-04257838;hal-04257838;Only in file1
https://dx.doi.org/10.1007/s13278-016-0352-y;hal-02435371;Only in file1
https://doi.org/10.1146/annurev-;hal-03871553;Only in file1
https://inria.hal.science/hal-02989077;hal-02989077;Only in file1
https://doi;hal-04322179;Only in file1
https://inria.hal.science/hal-02921434;hal-02921434;Only in file1
https://gbif.org;hal-03474556;Only in file1
https://proceedings.mlr.press/v139/fey21a.html;hal-04041691;Only in file1
https://ceur-ws.org/vol-225/paper7.pdf;hal-04351729;Only in file1
https://hal.science/hal-03501846;hal-03501846;Only in file1
https://doi.org/10.1145/3394979;hal-03138755;Only in file1
https://arxiv.org/abs/1602.04938;hal-04377324;Only in file1
https://matportal.org/ontologies/mseo;hal-04351729;Only in file1
https://philippe-fournier-viger.com/spmf;lirmm-03036868;Only in file1
https://doi.org/10.1007/3-;hal-03904200;Only in file1
https://imageclef.org;hal-02873670;Only in file1
https://hal.science/hal-02381152;hal-02381152;Only in file1
https://hal-lirmm.ccsd.cnrs.fr/lirmm-04225369;lirmm-04225369;Only in file1
https://hal.science/hal-04351134;hal-04351134;Only in file1
https://github.com/ali-ballout;hal-03913481;Only in file1
https://doi.org/10.1007/978-3-030-62466-8_19;hal-03404580;Only in file1
https://dx.doi.org/10.1007/s10515-013-0138-7;hal-02435371;Only in file1
https://fsa.usda.gov;hal-03353487;Only in file1
https://github.com/wimmics/ldviz;hal-03807744;Only in file1
https://hal.science/hal-02552836;hal-02552836;Only in file1
https://doi.org/10.15468/dl;hal-03693593;Only in file1
https://hal;hal-04204378;Only in file1
https://doi.org/10.1145/3308560.3317073;hal-03135088;Only in file1
https://doi.org/10.48550/a;hal-03769993;Only in file1
https://doi.org/10.1007;hal-02066041;Only in file1
https://lustre.org;lirmm-01867717;Only in file1
https://debates.org;hal-02194887;Only in file1
https://doi.org/10.5220/0005591001790186;hal-03892080;Only in file1
https://inaturalist.org;hal-02406503;Only in file1
https://nlm.nih.gov/pubs/factsheets/umls.html;hal-02389918;Only in file1
https://docs.snowflake.com/en/sql-reference/udf-;hal-03941879;Only in file1
https://arxiv.org/abs/1611.06455;hal-03741042;Only in file1
https://github.com/uffescience/wf-security;lirmm-03452298;Only in file1
https://inria.hal.science/hal-03158419;hal-03158419;Only in file1
https://sabiod.org/nips4b;hal-04322219;Only in file1
https://dis.uniroma1.it/~degiacom/didattica/semingsoft/sis05-;hal-03356951;Only in file1
https://hal.science/hal-02882092;hal-02882092;Only in file1
https://openresty.org/misc/re/bench;hal-03021960;Only in file1
https://bioportal.bioontology.org/ontologies;hal-03096846;Only in file1
https://hal.inrae.fr/hal-04098521;hal-04098521;Only in file1
https://sites.computer.org/debull;hal-01673025;Only in file1
https://hal.science/hal-03111682;hal-03111682;Only in file1
https://inria.hal.science/hal-03866075;hal-03866075;Only in file1
https://doi.org/10.1007/978-3-642-23765-2_40;hal-03079818;Only in file1
https://github.com/khadidjam;lirmm-03036910;Only in file1
https://arxiv.org/abs/1712.07557;hal-02406503;Only in file1
https://doi.org/10.1007/978-3-540-49612-0;hal-02348004;Only in file1
https://nytimes.com/2014/10/06/technology/hong-kong-protests-;hal-03099724;Only in file1
https://dx.doi.org/10.1145/1592665.1592675;hal-02435371;Only in file1
https://hal.science/hal-03156136v3;hal-03156136;Only in file1
https://faust.grame.fr;hal-02337828;Only in file1
https://inria.hal.science/hal-03765358;hal-03765358;Only in file1
https://hal.science/hal-03363442;hal-03363442;Only in file1
https://hal-lirmm.ccsd.cnrs.fr/lirmm-02945172;lirmm-02945172;Only in file1
https://christophm.github.io/interpretable-ml-book;hal-04377324;Only in file1
https://doi.org;hal-02639237;Only in file1
https://fsa.usda.gov;hal-02989077;Only in file1
https://dx.doi.org/10.1145/3085504.3091117;hal-02066516;Only in file1
https://hal.science/hal-04351729;hal-04351729;Only in file1
https://doi;hal-03536045;Only in file1
https://hal.inria.fr/hal-01583975;hal-03021075;Only in file1
https://doi.org/10.1016/j.websem.2022.100753;hal-04201661;Only in file1
https://drops.dagstuhl.de/opus/volltexte/2021/13712;hal-03527888;Only in file1
https://github.com/wimmics/association-rules-mining;hal-03807744;Only in file1
https://ceur-ws.orgissn;hal-03817452;Only in file1
https://soundseparation;hal-01945345;Only in file1
https://global.oup.com;hal-03418836;Only in file1
https://inria.hal.science/hal-03150441v2;hal-03150441;Only in file1
https://w3.org/tr/2023;hal-04358408;Only in file1
https://dblp.uni-trier.de;hal-02435371;Only in file1
https://doi.org/10.1145;hal-04068708;Only in file1
https://hal.inria.fr/hal-01247103;hal-02566930;Only in file1
https://ec.europa.eu/justice/fundamental-rights/files/hate_speech_code_of_;hal-02972184;Only in file1
https://arxiv;hal-03381732;Only in file1
https://inria.hal.science/hal-03580286v3;hal-03580286;Only in file1
https://hal.science/hal-04204432;hal-04204432;Only in file1
https://kaggle.com/datasets/blastchar/telco-customer-churn;hal-04255496;Only in file1
https://github.com;hal-04411802;Only in file1
https://sparql;hal-03301330;Only in file1
https://purl.org/ontology/chord;hal-03812106;Only in file1
https://support.cozy.io/article/280-etape-3-bienvenue-dans-votre-domicile-;hal-03140409;Only in file1
https://doi.org/10.1016/j.eja.2009;hal-02228974;Only in file1
https://w3.org/1999/02/22-rdf-syntax-ns\;hal-02435371;Only in file1
https://researchgate.net/publication/342291698;hal-03138755;Only in file1
https://informatics.jax.org/searches/ama;hal-04366893;Only in file1
https://w3.org/1999/02/22-rdf-syntax;hal-04152604;Only in file1
https://who.int/news-room/fact-sheets/detail/deafness-and-hearing-loss;hal-04233343;Only in file1
https://www;hal-03197376;Only in file1
https://lv2plug.in/gmpi.html;hal-03951799;Only in file1
https://covidontheweb.inria.fr/sparql;hal-03230741;Only in file1
https://xgboost.readthedocs.io/en/latest/python;hal-02373429;Only in file1
https://doi.org/10.1016/j;hal-03315102;Only in file1
https://hal.science/hal-03801032;hal-03801032;Only in file1
https://doi.org;hal-04366893;Only in file1
https://hal.inrae.fr/hal-03329674;hal-03329674;Only in file1
https://entrepot.recherche.data.gouv;hal-04043460;Only in file1
https://github.com/wimmics/d2kab/tree/main/meteo/ontology;hal-03619869;Only in file1
https://lov.linkeddata.es;hal-03662183;Only in file1
https://w3.org/tr/prov-o;hal-02939363;Only in file1
https://bit.ly/2otfqhp;hal-03082579;Only in file1
https://eur-lex.europa.eu/legal-;hal-04311598;Only in file1
https://sms.i3s.unice.fr/sparql-ms/flickr/getphotosbytaxon_sd;hal-02060966;Only in file1
https://github.com/micbuffa;hal-03133188;Only in file1
https://xmlns.com/foaf/spec;hal-04372234;Only in file1
https://doi.org/10.2760/757183;hal-04405026;Only in file1
https://alexandria.unisg.ch/handle/20;hal-04358408;Only in file1
https://sciencedirect;hal-04366893;Only in file1
https://doi.org/10.14778/1920841;hal-02492780;Only in file1
https://github.com/scikit-learn-contrib/scikit-learn-contrib;hal-03100076;Only in file1
https://doi.org/10.4018/ijswis.2014040102;hal-04201661;Only in file1
https://www;hal-03021075;Only in file1
https://doi.org/10.1186/s13007-022-00961-4;hal-03890913;Only in file1
https://onlinelibrary.wiley.com/doi/pdf/10.1002/mar.21444;hal-04102737;Only in file1
https://w3.org/tr/2017/rec-shacl-;hal-04031744;Only in file1
https://dx.doi.org/10.1145/3022181;hal-02066516;Only in file1
https://w3.org/tr/sparql11-query;hal-03791175;Only in file1
https://doi.org/10.1093/aob/mcr257;hal-02228974;Only in file1
https://fipa.org/specs/fipa00084/sc00084f.html;emse-02070625;Only in file1
https://doi.org/10.1109/mmul.2007.82;hal-03135088;Only in file1
https://project.inria.fr/edgeletdemo;hal-04228038;Only in file1
https://project.inria.fr/espdms/2.1architectureoverviewdesigninganextensiveandsecurepdmsarchitecturepreservingusagewiththeguaranteesdefinedaboveisasignificantchal-lenge,giventhefundamentaltensionbetweensecurity(smalltrustedcodebase)andextensiveness(richdata-driventasks).inparticular,thecodeextensionsrequiredtosupportadvanced-specific-data-orientedcomputationscannotbepartofatrustedcodebaseforthepdms.tosolvethisproblem,weproposedin[1]athree-layerlogicalarchitecturewhereapplications(apps),onwhichnosecurityassumptionsaremade,communicatewithaminimalsecurecore(core)implementingbasicoperationsonpersonaldata,extendedwithisolateddatatasks(datatasks),asshowninfigure2.securecore.thecoreisasecuresubsystemthatisatrustedcomputingbase(tcb)ideallyminimal,inextensible–potentiallyprovencorrectthroughformalmethods–andisolatedfromtherestofthesystem.thecoreprovidesallbasicoperationsrequiredtoenforcetheconfidentiality,integrityandresiliencyoftheper-sonaldatahostedbythepdmsandhenceistrustedbothbythepdmsownerandbythirdpartiesthatmayaccesspdmsdata.itmustbetheuniqueentrypointtomanipulatethisdata.thecoreimplementsadatastoragemodule,apolicyenforcementmoduletoregulatethedataaccessperformedbytheotherlayersofthearchitecture,andacommunicationmanagertosecurelycommunicatewithotherusers,applicationsandthirdparties.isolateddatatasks.datatasksareintroducedasameanstosupportcodeextensions,neededtodealwithapplication-specificpersonaldatamanagement.datataskscanrunarbitraryapplicationcode,notnecessarilytrustedbythepdmsowner,therebyenablingextensiveness(likeudfsintraditionaldbmss).theideaistocontrolcomplexdata-orientedtasksby(1)splittingtheirexecutionintodatatasksevaluatedinasufficientlyisolatedenvironmenttomaintaincontrolonthedataaccessedbythecoreanddeliveredtotheappsinordertoavoidanysideeffectintermsofdataleaks,and(2)schedulingandverifyingtheexecutionofdatatasksbythecoresuchthatsecurityandprivacycanbegloballyenforced.dataprocessingpipelinesmaycombineseveraldatatasksandrequiresomesecurityproperties.thepdmsmustguaranteethattheorchestrationofthesetaskscannotbetamperedwithwithoutthecallerbeingabletodetectit.untrustedapps.anydevelopershouldbeabletodevelopanapplicationtoensureawideanddiverseapplicationpanel.however,thecomplexityoftheseapplications(largecodebase,extensibleandnotproven)andtheirexecutionenvironment(e.g.,webbrowser)makethemvulnerable.therefore,nosecurityassumptionismadeonapplications,whichmanipulateonlyau-thorizeddataresultingfromdatatasksbuthavenoprivilegesontherawdata.2.2architecturalsecuritypropertiesthespecificityofourarchitectureistoremovefromlocalorremoteappsanysensitivedata-orientedcomputation,delegatingittodatatasksrunningunderthecontrolofthecoreattheuserside.eachappleveragesoneorseveraldatataskstoexecuteitscomputations,expressedaslogicalexecutionplans.theappmanifestincludesessentialinformationabouttheappandinparticulartheexecutionplananditssecurityconfiguration(e.g.,accesscontrolrules).itshouldbevalidatedbye.g.,aregulatoryagencyortheappmarketplaceandapprovedbythepdmsownerattheinstalltime;hal-03941868;Only in file1
https://doi.org/10.5281/zenodo.7032574;hal-03871553;Only in file1
https://inria.hal.science/hal-04199455;hal-04199455;Only in file1
https://doi.org/10.1109/sp.2015.34;hal-03100032;Only in file1
https://doi.org/10.24963/ijcai.2019/953;hal-03404580;Only in file1
https://doi.org/10.3390/s19143201;hal-03347926;Only in file1
https://orcid.org/0000-0003-1986-8435;hal-03404572;Only in file1
https://github.com/titu1994/mlstm-fcn;hal-02373429;Only in file1
https://doi.org/10.1016/j.ins.2017.03.015;hal-03329908;Only in file1
https://doi.org/10.1145/3442381;hal-03710323;Only in file1
https://ceur-ws.orgissn;lirmm-03793595;Only in file1
https://doi.org/10.5281/zenodo.4247134;hal-03404580;Only in file1
https://purl.obolibrary.org/obo/ncbitaxon;lirmm-02945170;Only in file1
"https://biomodels.net/biology-qualifiers/""";hal-04125922;Only in file1
https://inria.hal.science/hal-04389014;hal-04389014;Only in file1
https://hal-lirmm.ccsd.cnrs.fr/lirmm-03036868;lirmm-03036868;Only in file1
https://arxiv.org/abs/1810.08313;hal-02406503;Only in file1
https://jena.apache.org;hal-01926379;Only in file1
https://doi.org/10.1145/3360901.3364449;hal-04201661;Only in file1
https://wasabi.i3s.unice.fr/apidoc;hal-03133188;Only in file1
https://usenix.org/conference/osdi16/technical-;hal-03897397;Only in file1
https://machinelearningmastery.com/gradient-descent-for-machine-learning;hal-02317227;Only in file1
https://w3;hal-04353523;Only in file1
https://doi.org/10.3897/biss.5.73857;hal-03338811;Only in file1
https://doi.org/10.48550/arxiv.2206;hal-03769993;Only in file1
https://doi.org/10.1890/0012-;hal-02639237;Only in file1
https://linkinghub;hal-03315102;Only in file1
https://creativecommons.org;hal-03065217;Only in file1
https://publish.plantnet-;hal-04182535;Only in file1
https://aicrowd.com;hal-02873670;Only in file1
https://geoservices.ign.fr;hal-03695760;Only in file1
https://github.com/holoclean;hal-02898931;Only in file1
https://cs.ox.ac.uk/isg/ontologies;hal-04212112;Only in file1
https://doi.org/10.1016/j.artint;hal-04344975;Only in file1
https://arxiv.org/abs/1703.10435;lirmm-03144324;Only in file1
https://inria.hal.science/hal-03812948;hal-03812948;Only in file1
https://ceur-;hal-03517826;Only in file1
https://naturefrance.fr/languedoc-roussillon;hal-02190170;Only in file1
https://schema.org;hal-03889968;Only in file1
https://cordis.europa.eu/project/id;hal-03711320;Only in file1
https://github.com/hpcdb/dfadapter;lirmm-02127456;Only in file1
https://hal.science/hal-03176657;hal-03176657;Only in file1
https://wam-openstudio.vidalmazuy.fr;hal-04335612;Only in file1
https://arxiv.org/abs/2301.11113;hal-04255500;Only in file1
https://arxiv;hal-02406503;Only in file1
https://doi.org/10.1046/j.1365-2400.1998.00076.x;hal-03228509;Only in file1
https://dwslab.github.io/melt/matcher-evaluation/client;hal-04366893;Only in file1
https://doi.org/10.1017/s175173111500302x;hal-03347926;Only in file1
https://content.iospress.com;hal-03889780;Only in file1
https://github.com/elecdeb60to16/disputool.2.2experimentalsettingandresultsthecorpusindisputoolisacollectionoftranscriptsofthetelevisedpresidentialcandidatedebatesinunitedstatesfrom1960(kennedyvsnixon)until2016(clintonvstrump)cov-ering56yearsofdebates.thedatawasobtainedfromthewebsiteofthecommissiononpresidentialdebates(cpd)2.thedatasetiscomposedof6601speechturns,34013sen-tencesand676227tokens.thedataset[haddadanetal.,1https://nlp.stanford.edu/software/crf-ner.html2www.debates.org2019]hasbeenannotatedwithclaims(i.e.,theconclusionoftheargument)andpremises(i.e.,thereasonsprovidedtojustifytheclaimoftheargument)withthreeannotatorsaccordingtopreciseannotationguidelines.intotal,weprovided29811annotationsdividedinto16250claimsand13561premises.theuselecdeb60to16v.01datasetandtheannotationguidelinesareavailableathttps://github.com/elecdeb60to16/dataset.wehavedevisedapipelinestructureforidentifyingtheargumentcomponents[haddadanetal.,2019],i.e.,weﬁrstdistinguishtheargumentativesentencesfromthenon-argumentativepartssothattheboundariesoftheargumentsareidentiﬁed(task1),andthenweclassifywhetherthear-gumentcomponentisapremiseoraclaim(task2).wehavetrainedthreeclassiﬁersforeachstepofthepipeline.theﬁrstclassiﬁerisasvmbasedclassiﬁerusingstruc-tural(e.g.,lengthofthesentences),semantic(e.g.,senti-mentpolarity,namedentities)andlinguisticfeatures(e.g.,words,partofspeech).thesecondclassiﬁerisabidirectionallongshorttermmemory(lstm)neuralnetworkusingpre-trainedword-embeddingsasfeatures.thethirdclassiﬁerisafeed-forwardneuralnetworkusingthesamefeaturesasthesvmclassiﬁer.theresults(precisionp,recallrandf-scoref1)oftheclassiﬁcationontask1withtheseclassiﬁersareasfollows:svm(rbfkernel–allfeatures):p0.851,r0.853f10.823,lstmnetwork(word-embeddingfeatures):p0.841,r0.854,f10.843,feedforwardnetwork(allfeatures):p0.805,r0.796,f10.800.theresultsoftheclassiﬁcationontask2areasfollows:svm(rbfkernel–allfeatures):p0.678,r0.662,f10.651,lstmnetwork(word-embeddings):p0.673,r0.673,f10.673,feedforwardnetwork(allfea-tures):p0.641,r0.641,f10.640.wehaveusedthebestperformingmodel(lstmwithword-embeddingfeatures)indisputoolfortheidentiﬁcationofargumentcomponents.3concludingremarksinthispaper,wepresenteddisputool,atooltosupporthu-manitiesscholarsinaddressinganargumentativeanalysisofpoliticaldebates.thetoolautomaticallyidentiﬁespremisesandclaimsputforwardbythecandidatesduringpoliticalde-bates,andhighlightsthemainnamedentitiesdiscussedinthesedebates.tothebestofourknowledge,thisistheﬁrsttooltacklingthischallenginggoalinafullyautomatedwaybyemployingnaturallanguageprocessingandma-chinelearningmethods.alas,severalfutureworkdirectionsstillhavetobeconsidered.firstofall,weareannotatingtheuselectioncorpuswithrelationsbetweentheargumen-tativecomponents(i.e.,supportandattack),andwewilltrainaclassiﬁerforthistaskaswell,sothatdisputoolcanbeempoweredwiththisfurtherfeature.second,wewillprovideagraph-basedvisualizationoftheargumentativestructureofeachcandidateviewpointandtheonecombiningtheopinionsofthedifferentcandidatesaboutaspeciﬁctopic.third,wewillincludeindisputoolthepossibilitytohighlightcontra-dictionsthatcanpossiblyholdbetweentheviewpointsofthesamecandidateorcandidatesfromthesamepoliticalpartyonaparticulartopicdiscussedinthedebates;hal-02381055;Only in file1
https://rfc-editor.org/rfc;hal-03404125;Only in file1
https://doi.org/10.1016/s0022-;lirmm-04277973;Only in file1
https://sourceforge.net/projects/dbpedia-spotlight/files/2016-10/en;hal-03807744;Only in file1
https://arxiv.org/abs/1811.11479;hal-02406503;Only in file1
https://doi.org/10.1002/aps3.11367;hal-03871553;Only in file1
https://proceedings;hal-04344975;Only in file1
https://gbif.org/dataset/510b8030-6293;hal-04182535;Only in file1
https://doi.org/10.1371/journal.pcbi.1008856.g009;hal-03220977;Only in file1
https://doi.org/10.4018/ijaeis.20211001.oa4;hal-04351729;Only in file1
https://doi.org/xx.xxxx/xxxxxxx.xxxxxxx;hal-03657095;Only in file1
https://imitates.gforge.inria.fr;lirmm-02973633;Only in file1
https://doi.org/10.3897/rio.6.e50675;hal-03871553;Only in file1
https://www;hal-03770578;Only in file1
https://i3s.unice.fr/~winckler;hal-04233316;Only in file1
https://gitlab.inria.fr/tcao/insee-search/blob/master/insee-rdf.ttl.gz;hal-02121389;Only in file1
https://ceur-ws.org/vol-3342/paper-4.pdf;hal-04353543;Only in file1
https://hal.science/hal-03934474;hal-03934474;Only in file1
https://doi.org/10.1007/978-3-319-22723-8_16;hal-03079818;Only in file1
https://arxiv.org/abs/1803;hal-03256451;Only in file1
https://ds.iris;lirmm-02973633;Only in file1
https://doi.org;hal-03602177;Only in file1
https://inria.hal.science/hal-03812916;hal-03812916;Only in file1
https://medium.com/@tao_66792/how-are-big-companies-using-apache-;hal-03381732;Only in file1
https://hal.science/hal-03313161;hal-03313161;Only in file1
https://espnet.github.io/espnet;hal-02355115;Only in file1
https://qwamci.com;hal-02860659;Only in file1
https://lpdaac.usgs.gov/products/srtmgl1v003;hal-03353487;Only in file1
https://doi.org/10.5281/zenodo.1117372;hal-01945345;Only in file1
https://doi.org/10.1145/3576915;hal-04240432;Only in file1
https://w3.org/tr;hal-04125922;Only in file1
https://exammple.org;hal-02289497;Only in file1
https://papers.nips.cc/paper/7062-a-unified-approach-to-interpreting-;hal-03514297;Only in file1
https://help.duckduckgo.com/privacy/anonymous-;hal-04228304;Only in file1
https://flink.apache.org;lirmm-03468587;Only in file1
https://doi.org/10.1073/pnas;hal-03220977;Only in file1
https://www;hal-03890057;Only in file1
https://inria.hal.science/hal-03110739;hal-03110739;Only in file1
https://doi.org/10.3390/plants10112471;hal-03454183;Only in file1
https://doi.org/10.1145/3340531.3417460;hal-03004218;Only in file1
https://doi.org/10.1145/3460210.3493547;hal-03518717;Only in file1
https://arxiv.org/abs/1811.02944;hal-04377324;Only in file1
https://hal.science/hal-04161546;hal-04161546;Only in file1
https://hal.science/hal-03820249;hal-03820249;Only in file1
https://inria.hal.science/hal-03791272;hal-03791272;Only in file1
"https://identifiers.org/biomodels.db/biomd0000000309""";hal-04125922;Only in file1
https://scholar.google.com;hal-04138880;Only in file1
https://land.copernicus.eu/global/about-;hal-03965684;Only in file1
https://hal.archives-;hal-04161546;Only in file1
https://oeg-dev.dia.fi.upm.es/licensius/static/ldr;hal-03065217;Only in file1
https://w3.org/tr/soap12;hal-03021075;Only in file1
https://hal-lirmm.ccsd.cnrs.fr/lirmm-02335500;lirmm-02335500;Only in file1
https://github.com/schemaorg/schemaorg/issues/1423;hal-02060966;Only in file1
https://dx.doi.org/10.1126/science.286;hal-02934277;Only in file1
https://doi.org/10.1109/spw.2015.25;hal-03100032;Only in file1
https://github.com/bit-bots;hal-02573627;Only in file1
https://doi.org/10.1017/s1471068419000115;hal-03934420;Only in file1
https://aclanthology.org;hal-04041691;Only in file1
https://inria.hal.science/hal-04153252;hal-04153252;Only in file1
https://insee.fr/fr/information/2406147;hal-03403125;Only in file1
https://hal.archives-ouvertes.fr/hal-03292140;hal-03807744;Only in file1
https://github;lirmm-03443660;Only in file1
https://hal.science/hal-03344102;hal-03344102;Only in file1
https://ncbi.nlm.nih.gov/pubmed;hal-02275997;Only in file1
https://inria.hal.science/hal-03527888v4;hal-03527888;Only in file1
https://franceagritwittos.com;hal-04008864;Only in file1
https://doi.org/10.2134/agronj13.0579;hal-02228974;Only in file1
https://hal.science/hal-02610447v2;hal-02610447;Only in file1
https://doi.org/10;hal-02376961;Only in file1
https://w3.org/community/odrl;hal-03065217;Only in file1
https://tnrs.biendata.org;lirmm-03785968;Only in file1
https://waikato.github.io/meka/datasets;hal-03189967;Only in file1
https://ceur-ws.org/vol-2211;lirmm-02148200;Only in file1
https://github.com/remifelin/rdfmining;hal-04346839;Only in file1
https://w3.org/tr/prov-o;hal-03404580;Only in file1
https://doi.org/10.1038;hal-02228974;Only in file1
https://hal.science/hal-04152362;hal-04322255;Only in file1
https://scikit-learn.org;hal-03133223;Only in file1
https://doi.org/10.1007/978-3-319-48393-1_24;hal-03079818;Only in file1
https://github.com/mapping-commons/sssom;hal-04289970;Only in file1
https://doi.org/10;hal-04014977;Only in file1
https://inria.hal.science/hal-04092216;hal-04092216;Only in file1
https://w3.org/tr/prov-dm;lirmm-02127456;Only in file1
https://github.com/mell-uff/freep;hal-03418836;Only in file1
https://inria.hal.science/hal-03337765;hal-03337765;Only in file1
https://aclanthology.org/d19-1250;hal-04068708;Only in file1
https://doi.org/10.2134/agronj2011.0376;hal-02228974;Only in file1
https://inria.hal.science/hal-04126662;hal-04126662;Only in file1
https://doi.org/10.1145/nnnnnnn.nnnnnnn;hal-02433443;Only in file1
https://connectionstudio.inria.fr;hal-04185938;Only in file1
https://w3id.org;hal-04201661;Only in file1
https://doi.org;hal-01673025;Only in file1
https://hal.umontpellier.fr/hal-02281455;hal-02281455;Only in file1
https://hal.science/hal-02898931;hal-02898931;Only in file1
https://donneespubliques.meteofrance.fr/donnees_libres/txt/synop/postessynop.json;hal-03619869;Only in file1
https://doi.acm.org/10.1145/2660267.2660348;hal-02406503;Only in file1
https://www6.inrae.fr/cati-icat-atweb;hal-03738973;Only in file1
https://gitlab.inria;hal-03527888;Only in file1
https://arxiv.org/abs;hal-03256451;Only in file1
https://tela-botanica.org;hal-02937618;Only in file1
https://doi.org/10.1145/3350546.3352502;hal-02319638;Only in file1
"https://data.agroportal.lirmm.fr/ontologies/to""";lirmm-02945170;Only in file1
https://oaei.ontologymatching.org/2012/results/oaei2012.pdf;hal-04366893;Only in file1
https://openai.com/blog/chatgpt;hal-04353543;Only in file1
https://aclweb.org/anthology/n19-1205;hal-03256451;Only in file1
https://hal-lirmm.ccsd.cnrs.fr/lirmm-03822964;lirmm-03822964;Only in file1
https://hal-emse.ccsd.cnrs.fr/emse-04058783;emse-04058783;Only in file1
https://doi.org/10.5281/zenodo.7907172;hal-04201661;Only in file1
https://researchgate.net/publication/267805627_small-;hal-03228509;Only in file1
https://cran.r-project.org/web/packages/stmotif/index.html;lirmm-02984969;Only in file1
https://jena.apache.org;hal-04201661;Only in file1
https://doi.org/10.1016/s0308-597x(01)00023-9;hal-03228509;Only in file1
https://aicrowd.com/challenges/lifeclef-2020-bird-monophone;hal-02989101;Only in file1
https://doi.org/10.1080/19312450709336664;hal-04262826;Only in file1
https://yann.lecun.com;hal-03266004;Only in file1
https://creativecommons.org/licenses/by-nc-nd/4.0;hal-02152844;Only in file1
https://mdpi.com/journal/biology;hal-03771760;Only in file1
https://inria.hal.science/hal-01706665v2;hal-01706665;Only in file1
https://hatvp.fr/livraison/merge/declarations.xml;hal-03150441;Only in file1
https://doi.org/10.1162/dint_a_00034;hal-02483307;Only in file1
https://has-sante.fr/portail/upload/docs/application/pdf;hal-02157559;Only in file1
https://dx.doi.org/10.2312/egve.20151325;hal-03369680;Only in file1
https://raysolomonoff.com/dartmouth/boxa/dart564props.pdf;hal-03189474;Only in file1
https://doi.org/10.1109/cvpr.2016.90;hal-02910844;Only in file1
https://doi.org/10.5194/agile-;hal-03518717;Only in file1
https://hal.science/hal-02373429v2;hal-02373429;Only in file1
https://doi.org;hal-02492780;Only in file1
https://inria.hal.science/hal-03811274;hal-03811274;Only in file1
https://hal.science/hal-02919190;hal-02919190;Only in file1
https://doi.org/10.1145/3430984.3430991;hal-03404580;Only in file1
https://doi.org;hal-03871553;Only in file1
https://ideas-productivity.org;lirmm-02949807;Only in file1
https://hal.science/hal-03426142;hal-03426142;Only in file1
https://doi.org/10.1007/978-3-319-96145-;lirmm-03833578;Only in file1
https://inria.hal.science/hal-03082579;hal-03082579;Only in file1
https://tpc.org/tpcc/results/tpcc_results5.asp;lirmm-03639381;Only in file1
https://inria.hal.science/hal-02289497;hal-02289497;Only in file1
https://dx.doi.org/10.1145/2783258.2783311;hal-02066516;Only in file1
https://inria.hal.science/hal-03381199;hal-03381199;Only in file1
https://github.com/frmichel/morph-xr2rml;hal-03230741;Only in file1
https://doi;hal-02492780;Only in file1
https://ir.cwi.nl/pub;hal-03904200;Only in file1
https://linkedlifedata.com/sparql;hal-03301330;Only in file1
https://researchgate.net/publication/279059819_atlas_des_poissons_d'eau_douce_de;hal-03228509;Only in file1
https://arxiv.org/abs/1912.08951;hal-02406503;Only in file1
https://hal-lirmm.ccsd.cnrs.fr/lirmm-03324873;lirmm-03324873;Only in file1
https://doi.org/10.1145/3576915.3623172;hal-04311598;Only in file1
https://bioportal;hal-03176657;Only in file1
https://doi.org/10.1109/msr.2015.34;hal-04233343;Only in file1
https://inria.hal.science/hal-03941868;hal-03941868;Only in file1
https://doi.org/10.3115/v1/p15-1067;hal-04344975;Only in file1
https://fipa.org/specs;emse-04058783;Only in file1
https://w3;hal-01497857;Only in file1
https://sparontologies.github.io/fabio/current/fabio.html;hal-03404580;Only in file1
https://hal.science/hal-03476795;hal-03476795;Only in file1
https://inria.hal.science/hal-04156996;hal-04156996;Only in file1
https://doi.org/10.1016/0304-3975(76)90061-x;lirmm-03833578;Only in file1
https://doi.org/10.25522/manifesto.mpds.2020b;hal-04129915;Only in file1
https://repositorio.museu-;hal-03228509;Only in file1
https://github.com/pmonnin/yago4-lp;hal-04344975;Only in file1
https://doi.org/10.1007;lirmm-04277973;Only in file1
https://inria.hal.science/hal-04335612;hal-04335612;Only in file1
https://doi.org/10.1109/hpsr.2004.1303507;hal-03266462;Only in file1
https://doi.org/10.1088;hal-03135088;Only in file1
https://dbpedia.org/ontology;hal-03082579;Only in file1
https://data-;hal-03516360;Only in file1
https://hal.science/hal-03418836;hal-03418836;Only in file1
https://ceur-ws.org;hal-03889780;Only in file1
https://hal.inria.fr;hal-04125922;Only in file1
https://dx.doi.org/10.1016/j.tcs.2014.07.032;hal-03156136;Only in file1
https://hal-lirmm.ccsd.cnrs.fr/lirmm-03240377v2;lirmm-03240377;Only in file1
https://inria.hal.science/hal-03266462;hal-03266462;Only in file1
https://cbd.int;hal-04204378;Only in file1
https://github.com/lamiad/asax_sse;lirmm-03805997;Only in file1
https://hal.science/hal-04317927;hal-04317927;Only in file1
https://medialab.di.unipi;hal-02381093;Only in file1
https://hal.science/hal-03765857;hal-03765857;Only in file1
https://w3.org/tr/owl-time;hal-03890035;Only in file1
https://arxiv.org/abs/1802.02638;hal-02406503;Only in file1
https://github.com/chrisbotella/ub-;hal-02639237;Only in file1
https://www;hal-03916393;Only in file1
https://github.com/jason9693;hal-03419236;Only in file1
https://gov.uk/government/news;hal-02269222;Only in file1
https://doi.org/10.1186/s13326-017-0166-5;hal-04366893;Only in file1
https://inria.hal.science/hal-02253260;hal-02253260;Only in file1
https://inria.hal.science/hal-02269209;hal-02269209;Only in file1
https://oxfordsemantic.tech/product;hal-04353523;Only in file1
https://dx.doi.org/10.1145/2939672.2939778;hal-02066516;Only in file1
https://doi.org/10.1002/cpe.3125;lirmm-02949807;Only in file1
https://identify.plantnet-;hal-03415972;Only in file1
https://ps.uni-sb.de/papers;hal-03536045;Only in file1
https://mloss.org;hal-02195539;Only in file1
https://doi.org/10.1126/sciadv.aaw4967;hal-03871553;Only in file1
https://doi.acm.org/10.1145/2338676;hal-03369680;Only in file1
https://agroportal.lirmm.fr;hal-03662183;Only in file1
https://doi.org/10.1109;hal-03519365;Only in file1
https://dx.doi.org/10.1145/2621934.2621942;hal-02435371;Only in file1
https://ceur-ws.org/vol-2180/paper-86.pdf;hal-04358408;Only in file1
https://tensorflow.org/federated;hal-02406503;Only in file1
https://ncbi.nlm;hal-04346759;Only in file1
https://wikitimeline.github.io/search;hal-03516420;Only in file1
https://gov.uk/government/news;hal-02269216;Only in file1
https://goﬂow.ambientic.mobi;hal-03329908;Only in file1
https://hal.archives-ouvertes.fr;hal-03812106;Only in file1
https://lewa.org;hal-02937618;Only in file1
https://hal-lirmm.ccsd.cnrs.fr/lirmm-02949807;lirmm-02949807;Only in file1
https://inria.hal.science/hal-01497857v3;hal-01497857;Only in file1
https://dx.doi.org/10.1016/0020-0190(88)90148-2;hal-03021960;Only in file1
https://workshop.sportvis.com/papers/cavasoccermatches.pdf;hal-03404580;Only in file1
https://irisa.fr/lis/ferre/dexteris;hal-04186117;Only in file1
https://github.com/voice-privacy-challenge;hal-02610447;Only in file1
"https://huggingface.co/docs/transformers/tasks/token_classification4.1.1baselinesbert+(bi)lstm(s)thesimplestmodelscon-sistofapre-trainedbertmodelfollowedbyei-ther(i)anlstmlayerandadenselayer,or(ii)abilstmlayerwith0.2dropout,anlstmlayer,andadenselayer.theweightsofthetransformerarekeptfrozenduringtraining.thetextservesasinputforthetransformer,andweextractthelasthiddenstates(i.e.,theembeddedrepresenta-tionofeachtoken).thisoutputisthenpassedontothesubsequentlayers.inthecasewhereargumentativefeaturesareincludedinthemodel,weconcatenatethelasthiddenstatesofthetrans-formerwiththeone-hot-encodedrepresentationoftheargumentcomponentsandrelationships.thisconcatenatedfeaturerepresentationisthenfedintothenextrnn-basedlayers.allmodelsusedadamoptimizerwithdefaultpytorchparameters.bertfortokenclassificationisatransformer-basedmodelrelyingonabidirectionalap-proachtocapturecontextualinformationfromsurroundingwords.wetestedtwocheckpoints:bertbaseuncasedandbert-large-cased-finetuned-conll03-engl.debertafortokenclassificationisbasedonamodifiedtransformerarchitecturewithimprove-mentslike“de-coupledattention”and“cross-layerparametersharing”forenhancedlanguagemodelingcapabilities.thecheckpointusedismicrosoft/deberta-base.electrafortokenclassificationreliesonanovelpre-trainingmethodcalled""dis-criminativepre-training,""whereageneratorandadiscriminatoraretrainedtoenhancethequalityofthelearnedrepresentations.thecheckpointusedis:bhadresh-savani/electra-base-discriminator-finetuned-conll03-english.distilbertfortokenclassificationisadistilledversionofbertthatretainsmuchofitsperformancewhilesignificantlyreducingthemodelsizeandcomputationalresourcesre-quiredfortrainingandinference.thecheck-pointusedare:distilbert-base-casedanddistilbert-base-uncased.4.1.2multifusionbertrelyingontheresultsobtainedbythebaselinesonthefallacydetectiontaskon";hal-04260221;Only in file1
https://ijcai.org/abstract/16/548;lirmm-04305787;Only in file1
https://rand.org;hal-03871553;Only in file1
https://mdpi.com/journal/cancers;hal-03379679;Only in file1
https://github.com/kermitt2/pdfalto;hal-04138880;Only in file1
https://spark.apache.org;lirmm-03468587;Only in file1
https://jstor.org/stable/1390605;hal-03406994;Only in file1
https://voiceprivacychallenge.org;hal-03197376;Only in file1
https://doi;hal-03402766;Only in file1
https://github.com/wimmics/dekalog;hal-04372234;Only in file1
https://fr.wikipedia.org/wiki/stem_(disciplines;hal-02145478;Only in file1
https://frontiersin.org/articles/10.3389/fpls.2021;hal-03358998;Only in file1
https://theguardian.com/news/2018/mar/17/cambridge-analytica-facebook-influence-us-;hal-03189474;Only in file1
https://w3.org;hal-03135088;Only in file1
https://dx.doi.org/10.1561/0400000042;hal-02066516;Only in file1
https://fr;hal-03301330;Only in file1
https://github.com/universaldependencies/ud_french-sequoia;hal-04346759;Only in file1
https://proceedings.mlr.press/v139/tan21a;hal-04138880;Only in file1
https://hal-lirmm.ccsd.cnrs.fr/lirmm-02265729;lirmm-02265729;Only in file1
https://dx.doi.org/10.4028/www.scientiﬁc.net/amr.756-759.2634;hal-02435371;Only in file1
https://psb.stanford.edu/psb-online;hal-04353523;Only in file1
https://hal.science/hal-03706944;hal-03706944;Only in file1
https://vie-publique.fr/en-;hal-02860659;Only in file1
https://hal.science/hal-02997908;hal-02997908;Only in file1
https://orcid.org/0000-0001-6278-7740;hal-03719603;Only in file1
https://hal.inrae.fr/hal-04043460;hal-04043460;Only in file1
https://cnbc.com/2021/12/27/metas-oculus-virtual-reality-;hal-03825059;Only in file1
https://github.com/facebookresearch;hal-03601464;Only in file1
https://voiceprivacychallenge.org/vp2020/docs;hal-03369137;Only in file1
https://osr-cesbio.ups-tlse.fr/~oso/posts/2017-03-30-carte-s2-2016;hal-03415990;Only in file1
https://gitlab.com/tomaye;hal-02879293;Only in file1
https://doi.org/10.1016/0022-0000(79)90046-1;hal-03527888;Only in file1
https://dx.doi.org;hal-03527888;Only in file1
https://github.com/ali-ballout/axiom-acceptability;hal-04346839;Only in file1
https://github.com/mariaangelapellegrino/evaluation-framework;hal-04344873;Only in file1
https://youtu.be/wcvih4g3ffm;hal-03332224;Only in file1
https://hal.science/hal-03825059;hal-03825059;Only in file1
https://localhost;hal-03946680;Only in file1
https://op.europa.eu:443;hal-02483307;Only in file1
https://doi.org/10.1145;hal-03176657;Only in file1
https://doi.org/10.1016/s0022-0000(02)00030-;hal-03937274;Only in file1
https://orcid.org/0000-0001-6220-0559;hal-04002207;Only in file1
https://doi.org;hal-03934346;Only in file1
https://wikidata.org/entity/q84263196;hal-03301330;Only in file1
https://google.com/landing/2step;hal-03079818;Only in file1
https://doi.org/10.1002/net.3230180406;hal-03112715;Only in file1
https://publish;hal-04182535;Only in file1
https://juce.com;hal-03951799;Only in file1
https://graphql.org;hal-03886320;Only in file1
https://wasabi.i3s.unice.fr/apidoc;hal-03748134;Only in file1
https://github.com/mikhail-bot/stable-diffusion-negative-prompts;hal-04262826;Only in file1
https://doi.org/10.1016/j.chb.2020;hal-04132566;Only in file1
https://w3.org/owl;hal-04353523;Only in file1
https://corese.inria.fr/federate/sparql;hal-03946680;Only in file1
https://doi.org/10.1007/s00138-022-01276-z;hal-03871553;Only in file1
https://inria.hal.science/hal-02066516;hal-02066516;Only in file1
https://w3.org/tr/rdf-sparql-query;hal-02100230;Only in file1
https://hal.inrae.fr/hal-02945382;hal-02945382;Only in file1
https://dx.doi.org/10.1145/2854006.2854013;hal-02435371;Only in file1
https://arxiv.org/abs;hal-03356951;Only in file1
https://crcpress.com/product/isbn;hal-03897397;Only in file1
https://134.59.134.227/demo/index.html;hal-04014977;Only in file1
https://codalab.lisn.upsaclay.fr;hal-03925147;Only in file1
https://db.uwaterloo.ca/~galuc;hal-02530206;Only in file1
https://doi.org/10.1093/jxb/erv049;hal-02228974;Only in file1
https://hal.science/hal-02899464;hal-02899464;Only in file1
https://project.inria.fr/espdms/etc.)andtheuseofsgxattestationenablingthecoretoattestatruntimethecomplianceofthefinalresultwiththeexecutionmanifest.part2:demonstratingdataleakcontainmentwithinter-activegames.threeconcreteattackscenariosareproposedtotheattendeesintheformofgames.afirstattackisconductedbyapdmsuser–anemployee–inthegreenbonuscase.hefalsifieshisgpsdatatogetthemaximumnumberofbiketripshopingtoincreasethefinancialbenefitobtained.attendeesruntheattackonpdmsinstancescompiledwithdifferentpropertiesenabled/disabledandguesstheimpactonfinalresults.then,weconsidertwoattacksconductedbypdmsqueriers–whoareemployersinthegreenbonusscenario–,wishingtogainaccesstorawpersonaldataofthepdmsuser,usingalegitimategrantedexecuteprivilegeonmanifestsleveragingpotentiallycorrupteddatatasks–thecodebeingpotentiallyproducedbythequerier–.wefirstconsideracorruptedcomputetaskusedbytheattackertoleaksmallsizesensitiveinformation(suchasapassword),todemonstratetheimportanceoflimitingresultsizeo(p6),andmakingdatataskstateless(p7)anddeterministic(p8).then,weconcentrateonmoreadvanceddatatasksusedinthegreenbonusscenario,whereattendeesrunningdifferentinstancesofpdmshavetoguesswhichproperties–amongwhichp7andp8–wereenabled/disabledforeachinstance,basedontheresults.afinalchallengefortheattendeesistoindicatethemaxi-mumnumberofexecutionsneededtorevealagivenamountofpointsofinterestsinthepdmsuser’sgpshistory,byoptimallyexploitingsuchattacks.references[1]n.anciaux,p.bonnet,l.bouganim,b.nguyen,p.pucheral,i.sandupopa,andg.scerri.2019.personaldatamanagementsystems:thesecurityandfunctionalitystandpoint.inf.syst.80(2019),13–35.[2]n.anciaux,l.bouganim,p.pucheral,i.sandupopa,andg.scerri.2019.personaldatabasesecurityandtrustedexecutionenvironments:atutorialatthecrossroads.proc.vldbendow.12,12(2019),1994–1997.[3]r.carpentier,i.sandupopa,andn.anciaux.2021.poster:reducingdataleakageonpersonaldatamanagementsystems.in2021ieeeeuropeansym-posiumonsecurityandprivacy(euros&p).ieeecomputersociety,716–718.[4]eucommission.25october2020.proposalforaregulationoneuropeandatagovernance(datagovernanceact),com/2020/767.[eur-lex].[5]eucommission.27april2016.regulation(eu)2016/679(generaldataprotectionregulation).[eur-lex].[6]v.costanands.devadas.2016.intelsgxexplained.iacrcryptol.eprintarch.2016(2016),86.https://eprint.iacr.org/2016/086[7]openenclave.accessednov.2021.sdkhttps://openenclave.io/sdk/.[8]a.gribov,d.vinayagamurthy,ands.gorbunov.2019.stealthdb:ascalableencrypteddatabasewithfullsqlquerysupport.privacyen.tech.(pet),370–388.[9]t.hardjono,d.l.shrier,anda.pentland.2019.trusteddata,revisedandexpandededition:anewframeworkforidentityanddatasharing.mitpress.[10]t.hunt,z.zhu,y.xu,s.peter,ande.witchel.2018.ryoan:adistributedsandboxforuntrustedcomputationonsecretdata.acmtocs35,4(2018),1–32.[11]intel.2019.integratingintelsgxremoteattestationwithtls[pdf].[12]m.xu,a.papadimitriou,a.haeberlen,anda.feldman.2019.hermetic:privacy-preservingdistributedanalyticswithout(most)sidechannels.technicalreportms-cis-19-01.universityofpennsylvania.[13]e.mansour,s.sambra,a.v.andhawke,m.zereba,s.capadisli,a.ghanem,a.aboulnaga,andt.berners-lee.2016.ademonstrationofthesolidplatformforsocialwebapplications.inwww.223–226.[14]c.priebe,k.vaswani,andm.costa.2018.enclavedb:asecuredatabaseusingsgx.inieeesymposiumonsecurityandprivacy(s&p).ieee,264–278.[15]k.ren,y.guo,j.li,x.jia,c.wang,y.zhou,s.wang,n.cao,andf.li.2020.hybridx:newhybridindexforvolume-hidingrangequeriesindataoutsourcingservices.inicdcs.ieee,23–33.[16]n.weichbrodt,p-l.aublin,andr.kapitza.2018.sgx-perf:aperformanceanalysistoolforintelsgxenclaves.in19thint.middlewareconf.,.201–213.[17]s.weiser,l.mayr,m.schwarz,andd.gruss.2019.sgxjail:defeatingenclavemalwareviaconfinement.inraid.usenixassociation,353–366;hal-03941868;Only in file1
https://usenix.org/conference/usenixsecurity17/technical-sessions;hal-02406503;Only in file1
https://ceur-ws.org/vol-1014/paper_63.pdf;hal-03426142;Only in file1
https://arxiv.org/abs;hal-03064464;Only in file1
https://ﬂickr.com;hal-02435371;Only in file1
https://archive.ics.uci;lirmm-03036868;Only in file1
https://hal.inria.fr/hal-01075770;hal-03641389;Only in file1
https://inria.hal.science/hal-04278100;hal-04278100;Only in file1
https://doi.org/10.1007/978-3-030-50026-9_12;hal-03536045;Only in file1
https://gitlab.inria.fr;hal-03695760;Only in file1
https://sciencedirect.com/science;hal-03356951;Only in file1
https://doi.org/10.1145/3487553.3524253;hal-04031744;Only in file1
https://birds.cornell.edu/home;hal-02873670;Only in file1
https://arxiv.org/abs/1905.04610;hal-04377324;Only in file1
https://awe.gov.au;hal-03889780;Only in file1
https://inria.hal.science/hal-01925496;hal-01925496;Only in file1
https://doi.org/10.1007;lirmm-03833578;Only in file1
https://seals-project.eu;hal-04366893;Only in file1
https://creativecommons.org/licenses/by/4.0;hal-02566930;Only in file1
https://users.dimi.uniud.it;hal-04165835;Only in file1
https://virtuoso.openlinksw.com;hal-03082579;Only in file1
https://github.com/facebookresearch/pytorch-biggraph;hal-04353543;Only in file1
https://matportal.org/ontologies/bwmd-mid;hal-04351729;Only in file1
https://doi.org/10.1016/j.ic.2011.09.001;hal-03904200;Only in file1
https://doi.org/10.17577;hal-04132566;Only in file1
https://inria.hal.science/hal-03945733;hal-03945733;Only in file1
https://mimuw.edu.pl/~kowalik;hal-03356951;Only in file1
https://hal.science/hal-04255496;hal-04255496;Only in file1
https://osr-cesbio.ups-tlse.fr/~oso/posts/2017-03-30-carte-s2-2016;lirmm-03793595;Only in file1
https://doi.org/10.15454/qhftmx;hal-03889780;Only in file1
"https://pep.foundation/docs/pep-whitepaper.pdf;";hal-03138769;Only in file1
https://math.lsu.edu;hal-03356951;Only in file1
https://doi.org/10.1111/1365-2745.13057;hal-03871553;Only in file1
https://doi.org/10.1145/3011141.3011152;hal-04201661;Only in file1
https://gitlab.inria.fr/glatour/geebis;hal-04132499;Only in file1
https://doi.org/10.1137;hal-03516360;Only in file1
https://ceur-ws.orgissn;hal-03765857;Only in file1
https://doi.org/10.1007/978-3-319-60291-2;hal-04233343;Only in file1
https://hal.inrae.fr/hal-02962579;hal-02962579;Only in file1
https://gitlab.inria.fr;hal-03693593;Only in file1
https://arxiv.org;hal-03256451;Only in file1
https://doi.org/10.1145/2448496;hal-03937274;Only in file1
https://inria.hal.science/hal-02355115v2;hal-02355115;Only in file1
https://inria.hal.science/hal-02188501;hal-02188501;Only in file1
https://granddebat.fr;hal-02860659;Only in file1
https://wasabi.i3s.unice.fr;hal-03748134;Only in file1
https://doi.org/10.1016/j.chb.2021;hal-04132566;Only in file1
https://lyrics.wikia.com;hal-03133188;Only in file1
https://inria.hal.science/hal-02065993;hal-02065993;Only in file1
https://hal.science/hal-03940590;hal-03940590;Only in file1
https://usenix.org/conference/tapp-10/towards-;hal-03189130;Only in file1
https://evalita.it/2018;hal-02972184;Only in file1
https://doi.org/10.1371/journal.pcbi.1008856.g004;hal-03220977;Only in file1
https://phenome-emphasis.fr/phenomeeng;hal-03189130;Only in file1
https://isbndb.com/book/0198506732;lirmm-02945170;Only in file1
https://hal.inrae.fr/hal-02909794;hal-02909794;Only in file1
https://ns.inria.fr/acta;hal-02939363;Only in file1
https://dl-learner.org;hal-04353543;Only in file1
https://ontosql;hal-02921457;Only in file1
https://ceur-ws.org/vol-2699/paper05.pdf;hal-04353543;Only in file1
https://ontologydesignpatterns.org/ont/dul/dul.owl;hal-04358408;Only in file1
https://doi.org/10.1111/j.1461-;hal-03167637;Only in file1
https://doi.org/10.1073/pnas;hal-02228974;Only in file1
https://vldb.org/conf/2002/s19p02;hal-03886320;Only in file1
https://hal.inrae.fr/hal-03693593;hal-03693593;Only in file1
https://doi.org/10;hal-03946680;Only in file1
https://creativecommons.org/licenses/by/4.0;hal-04115029;Only in file1
https://doi.acm.org/10.1145/2740908.2742729;hal-04351729;Only in file1
https://github.com/wimmics/corese;hal-03892080;Only in file1
https://github.com/aollagnier;hal-04037120;Only in file1
https://inria.hal.science/hal-04233316;hal-04233316;Only in file1
https://djamelinfo.github.io/test;lirmm-02197618;Only in file1
https://doi.org/10.1145/3486622.3494025;hal-03519365;Only in file1
https://docs.scipy.org/doc/scipy/reference/generated/scipy.cluster;hal-03369206;Only in file1
https://svn.aksw.org/papers/2016/iswc_;hal-03500522;Only in file1
https://oekofor.de;hal-02873670;Only in file1
https://doi.org/10.1109/lics;hal-01673025;Only in file1
https://doi.org/10.1016/s1161-0301(02)00107-7;hal-03231805;Only in file1
https://idris.fr/annonces/annonce-jean-zay-eng.html;hal-03693593;Only in file1
https://tinyurl.com/y4w5umue;hal-02157559;Only in file1
https://cse.sc.edu/~mgv/csce781sp13/presentations;hal-04377324;Only in file1
https://doi.org/10.1016/j.is.2020.101582;hal-03765857;Only in file1
https://segger.com;hal-04148587;Only in file1
https://hal.science/hal-03483963;hal-03483963;Only in file1
https://tools.ietf.org/html/draft-ietf-core-resource-directory-23;hal-02289497;Only in file1
https://lmcs.episciences.org;hal-03111682;Only in file1
https://doi;hal-02873670;Only in file1
https://inria.hal.science/hal-03564455;hal-03564455;Only in file1
https://doi.org/10.1016/s0304-;hal-04263001;Only in file1
https://onlinelibrary.wiley.com/doi/pdf/10.1002/cem.2440;hal-03329674;Only in file1
https://icml.cc/2011/papers/438_;hal-04353543;Only in file1
https://elzeard.co;hal-03889780;Only in file1
https://fauconnier.github.io;hal-04346759;Only in file1
https://nlm.nih.gov/medline/medlineoverview.html;hal-03811323;Only in file1
https://github.com/okfn-brasil;hal-04366893;Only in file1
https://doi.org;hal-03771760;Only in file1
https://inria.hal.science/hal-03871660;hal-03871660;Only in file1
https://arxiv.org/abs/2201.02336;hal-03765358;Only in file1
https://hal.science/hal-04185938v2;hal-04185938;Only in file1
"https://github.com/dbpina/keras-prov""";lirmm-03443660;Only in file1
https://inria.hal.science/hal-02167174;hal-02167174;Only in file1
https://doi.org/10.1080;hal-04014977;Only in file1
https://doi.org/10.1016/j.compag.2020.105220;hal-02470280;Only in file1
https://github.com/huggingface;hal-03917930;Only in file1
https://inria.hal.science/hal-02070827v2;hal-02070827;Only in file1
https://hal.inria.fr/hal-;hal-03989703;Only in file1
https://hal.science/hal-03726234;hal-03726234;Only in file1
https://team.inria.fr/cedar/projects/abstra;hal-03945733;Only in file1
https://aaai.org;hal-04344975;Only in file1
https://inria.hal.science/hal-03692175;hal-03692175;Only in file1
https://doi.org/10.1109/icde;hal-04110779;Only in file1
https://w3.org/tr/void;hal-04201661;Only in file1
https://users.dimi.uniud.it;hal-02532706;Only in file1
https://doi.org/10.1093/database/baac035;hal-04366893;Only in file1
https://doi.org;hal-03937274;Only in file1
https://doi;hal-01497857;Only in file1
https://xeno-canto.org;hal-04345437;Only in file1
https://github.com/yuvalatzmon/comet;hal-02166425;Only in file1
https://doi.org/10.11120/plan.2001;hal-04132566;Only in file1
https://geoservices.ign.fr;hal-03353487;Only in file1
https://doi.org/10.1093/jxb/ery288;hal-02228974;Only in file1
https://doi.org/10;hal-02060966;Only in file1
https://purl.obolibrary.org/obo/bfo/2.0/bfo.owl;hal-04351729;Only in file1
https://dx.doi.org/10.1145/2723372.2742786;hal-02435371;Only in file1
https://hal.science/hal-03770516;hal-03770516;Only in file1
https://team.inria.fr/perception/icassp2019-asvae;hal-02005106;Only in file1
https://gbif.org/fr;hal-04198414;Only in file1
https://ijcai;hal-04353543;Only in file1
https://ns.inria.fr/covid19/0eadf5a901c0d89fad2c202990056556be103e12;hal-03301330;Only in file1
https://essepuntato.it/kce;hal-01925496;Only in file1
https://arxiv.org/abs/1811.12615;hal-04377324;Only in file1
https://github.com/jjery2243542/adaptive_voice_;hal-02355115;Only in file1
https://evalita.it/2018;hal-02381152;Only in file1
https://datashare.is.ed.ac.uk/handle/10283/3443;hal-03332224;Only in file1
https://dx.doi.org/10.1103/physrevlett.84.2529;hal-02435371;Only in file1
https://inria.hal.science/hal-02748219;hal-02748219;Only in file1
https://github.com/spmohanty/plantvillage-dataset;hal-02470280;Only in file1
https://arxiv.org/abs/1912.06110;hal-03104144;Only in file1
https://orcid.org/0000-0003-1007-0101;hal-03404580;Only in file1
https://inria.hal.science/hal-03921374;hal-03921374;Only in file1
https://doi.org/10.1145/1993966.1993976;hal-03135088;Only in file1
https://inria.hal.science/hal-03871553;hal-03871553;Only in file1
https://hal.science/hal-03934466;hal-03934466;Only in file1
https://doi.org/10.2134/agronj1996;hal-02228974;Only in file1
https://inria.hal.science/hal-03989703;hal-03989703;Only in file1
https://casd.eu/wp/wp-content/uploads/output_;hal-03814840;Only in file1
"https://ns.inria.fr/covid19/arg/4f8.../6>;";hal-03230741;Only in file1
https://inria.fr;hal-02571170;Only in file1
https://doi.org/10.1109/infcom.2013.6567018;hal-03266462;Only in file1
https://github.com/helemanc/gryffindor/blob/main/src;hal-04262826;Only in file1
https://doi.org/10.1093/gigascience/giz056;hal-03711320;Only in file1
https://doi.org/10.1145/3563359.3596994;hal-04205128;Only in file1
https://geoservices.ign.fr;hal-02989077;Only in file1
https://eng.uber.com/athenax;lirmm-03468587;Only in file1
https://github.com/nitishmutha;hal-03710323;Only in file1
https://github.com/chouakisalim/search_;hal-04228304;Only in file1
https://inria.hal.science/hal-03351649;hal-03351649;Only in file1
https://dvcs.w3;emse-04058783;Only in file1
https://idrc.ca/fr/livres/managing-small-scale-fisheries-alternative-;hal-03228509;Only in file1
https://doi.org/10.3390/su12051928;hal-03347926;Only in file1
https://hal.archives-ouvertes.fr/hal-02279942;hal-03156136;Only in file1
https://keras.io;hal-03160473;Only in file1
https://dx.doi.org/10.1007/s00778-017-0486-1;hal-02066516;Only in file1
https://inria.hal.science/hal-02492780v6;hal-02492780;Only in file1
https://ceur-ws.org/vol-;hal-03741042;Only in file1
https://dx.doi;hal-02532706;Only in file1
https://theplantlist.org;lirmm-03785968;Only in file1
https://doi.org/10.1093/aob;hal-02228974;Only in file1
https://doi.org/10.1109/vr50410.2021.00085;hal-03369680;Only in file1
https://arxiv.org/abs/1503;hal-02513295;Only in file1
https://linkinghub.elsevier.com/retrieve/pii/0301622685901344;hal-03315102;Only in file1
https://hal.science/hal-03479241;hal-03479241;Only in file1
https://soundseparation.songquito;hal-01945345;Only in file1
https://doi.org/10.1101/2020.04.13.20059691;hal-02918344;Only in file1
https://inria.hal.science/hal-04346759;hal-04346759;Only in file1
https://aaai.org/ocs/index.php/aaai/aaai16;hal-04344975;Only in file1
https://dx.doi.org/10.1007/s10618-009-0140-7;hal-02435371;Only in file1
https://doi.org/10.1002/aps3.11548;hal-03871553;Only in file1
https://doi.org/10;hal-03934389;Only in file1
https://gdpr-info.eu;hal-02942997;Only in file1
https://doi.org/10.1145/3323503;hal-04014977;Only in file1
https://doi.org/10.1007/978-3-319-;hal-03079818;Only in file1
https://doi.org/10.1145/3447548.3467360;lirmm-03359490;Only in file1
https://gdpr-info.eu;hal-02941076;Only in file1
https://opendatacommons.org/licenses/by/1.0;hal-03230741;Only in file1
https://flir.com/oem/adas;hal-03119907;Only in file1
https://arxiv.org;hal-03426142;Only in file1
https://hal-lirmm.ccsd.cnrs.fr/lirmm-03452298;lirmm-03452298;Only in file1
https://eur-lex.europa.eu/legal-content/en/txt;hal-03726234;Only in file1
https://doi.org;hal-03897397;Only in file1
https://arm.com;hal-03890057;Only in file1
https://doi.org/10.1111/j.1461-0248.2005.00792.x;hal-03220977;Only in file1
https://hal.science/hal-03491955;hal-03491955;Only in file1
https://inria.hal.science/hal-03740981;hal-03740981;Only in file1
https://jstor.org;hal-03889780;Only in file1
https://inria.hal.science/hal-03980046;hal-03980046;Only in file1
https://aaai.org/ocs/index.php/kr/kr16/paper/view;hal-02984951;Only in file1
https://github.com/knowledge-graph-hub/kg-covid-19;hal-02939363;Only in file1
https://lemonde.fr/les-decodeurs;hal-02934277;Only in file1
https://github.com/hpcdb/workflow-sedimentation;lirmm-02127456;Only in file1
https://doi.acm.org;hal-01981553;Only in file1
https://papers.nips.cc/paper/5542-recurrent-models-of-visual-atten-;hal-02573627;Only in file1
https://sabiod.org/nips4b;hal-04204378;Only in file1
https://hal.science/hal-02972184;hal-02972184;Only in file1
https://aclanthology.org;hal-04262826;Only in file1
https://w3.org/tr/2014/rec-vocab-data-;hal-04230234;Only in file1
https://doi.org/10.1596/1813-9450-9412;hal-04411802;Only in file1
https://aicrowd.com;hal-03641389;Only in file1
https://doi.org/10.1371/journal;hal-02639237;Only in file1
https://doi.org/10.1080;hal-03256451;Only in file1
https://doi.org/10.2135/cropsci2013.06.0403;hal-02228974;Only in file1
https://doi.org/10.5591/978-1-57735-516-8/ijcai11-;lirmm-04305787;Only in file1
https://doi.org/10.1016/j.scico.2011.10;hal-03135088;Only in file1
https://dx;hal-02532706;Only in file1
https://doi.org/10.1017/s0269888920000132;hal-04366893;Only in file1
https://arxiv.org/abs/1812.06127;hal-02406503;Only in file1
https://frama.link/we_eqwnc;hal-02060966;Only in file1
https://kaggle.com/c;hal-03740981;Only in file1
https://inria.hal.science/hal-03135088;hal-03135088;Only in file1
https://books.openedition.org/editionsulm/8557;hal-04293239;Only in file1
https://machinelearning.apple.com/2017/12/06;hal-02406503;Only in file1
https://doi.org/10.1162/dint_a_00043;hal-02483307;Only in file1
https://doi.org/10.1016/j.cageo.2017.09.013;lirmm-02949807;Only in file1
https://doi.org/10.1109/mc.2004.1297243;hal-03112715;Only in file1
https://grid5000.fr/w;hal-04157720;Only in file1
https://gitlab.inria.fr/lcornang/tag;hal-03564455;Only in file1
https://sciencedirect.com/science/article/pii/s01676423;hal-03135088;Only in file1
https://bioportal.lirmm.fr/ontologies/cisp-2;hal-02064421;Only in file1
https://inria.hal.science/hal-02932095;hal-02932095;Only in file1
https://gitlab.com/tomaye/ecai2020-transformer_;hal-03264761;Only in file1
https://doi.org/10;hal-04043460;Only in file1
https://dl.acm.org/doi/10.1145;hal-03514297;Only in file1
https://oracle.com/big-data/data-ﬂow;hal-02549758;Only in file1
https://orcid.org/0000-0001-9743-1779;hal-03726234;Only in file1
https://doi.org/10.1145/567532;hal-01673025;Only in file1
https://hal.inria.fr;hal-03021075;Only in file1
https://r-project.org;hal-03358998;Only in file1
https://dx.doi.org/10.1145/3085504.3085530;hal-02066516;Only in file1
https://github.com/deezer/deezer_mood_detection_dataset;hal-03812106;Only in file1
https://hal.archives-ouvertes.fr/hal-01252726;hal-02513295;Only in file1
https://w3.org/tr/2021/rec-xslt20-;hal-03404125;Only in file1
https://doi.org/10.1145/3485447.3514195;hal-03633526;Only in file1
https://hal.science/hal-03946680;hal-03946680;Only in file1
https://pdfs.semanticscholar.org/6b1b;lirmm-02148200;Only in file1
https://doi.org/10.1007/978-3-662-43951-7_21;hal-03151014;Only in file1
https://doi.org/10.1525/bio.2011.61.3.4;hal-02228974;Only in file1
https://covid19.i3s.unice.fr:8080/ldviz;hal-03518845;Only in file1
https://doi.org/10.1109/mlsp.2016.7738886;hal-04068708;Only in file1
https://dataid.dbpedia.org/ns/core;hal-04372234;Only in file1
https://hal.univ-lille.fr/hal-04311598;hal-04311598;Only in file1
https://doi.org/10.1111/j.2007.0906-7590.05171.x;hal-03220977;Only in file1
https://arxiv.org/abs/1905;hal-02406503;Only in file1
https://hal.inrae.fr/hal-04387090;hal-04387090;Only in file1
https://w3.org/tr/sparql11-query;hal-02389918;Only in file1
https://aws.amazon.com/greengrass;hal-03510012;Only in file1
https://dgl.ai;hal-04353543;Only in file1
https://dx.doi.org/10.3166/isi.23.3-4.11-38;hal-03960471;Only in file1
https://dx.doi.org/10.1145/1150402.1150476;hal-02435371;Only in file1
https://inpn.mnhn.fr/telechargement/referentielespece/taxref/16.0;hal-04198414;Only in file1
https://doi.org/10.1145/3184558.3188737;hal-03871500;Only in file1
https://doi.org/10.1145;emse-02070625;Only in file1
https://doi.org/10.1111/j.1600-;hal-03220977;Only in file1
https://influence.bloglovin.com/influencer-marketing-2-0-key-;hal-01478788;Only in file1
https://gitlab.inria.fr/cesabate/mlj2022-gopa;hal-03820603;Only in file1
https://github.com/jspatcher/package-dsp;hal-03812938;Only in file1
https://huggingface.co/transformers;hal-03417019;Only in file1
https://lod-cloud.net;hal-02936253;Only in file1
"https://identifiers.org/taxonomy/131567""";hal-04125922;Only in file1
https://about;hal-04228304;Only in file1
https://inria.hal.science/hal-03099724;hal-03099724;Only in file1
https://w3.org/tr/rdf-sparql-query;hal-02936253;Only in file1
https://ec.europa.eu/esco/portal/home;hal-03403125;Only in file1
https://networkrepository.com/polblogs.php;hal-03134181;Only in file1
https://doi.org/0000001.0000001;hal-02096764;Only in file1
https://hal.science/hal-03591012;hal-03591012;Only in file1
https://developer.chrome.com/docs/privacy-sandbox;hal-04228304;Only in file1
https://doi.org/10.3233;hal-03946680;Only in file1
https://jena.apache.org;hal-03500647;Only in file1
"https://identifiers.org/biomodels.db/model1102100003""";hal-04125922;Only in file1
https://doi.org/10.1016/j.ejsobi.2023.103497;hal-04201661;Only in file1
https://link.springer.com/10.1007/s10618-012-0250-5;hal-03315102;Only in file1
https://doi.acm.org/10.1145/2462476.2465602;hal-02571170;Only in file1
https://scikit-learn.org/stable;hal-02290310;Only in file1
https://gitlab.inria.fr/hayats/conceptualknn-relex;hal-03704042;Only in file1
https://economist.com/the-economist-explains/2018/07/09/why-bitcoin-uses-so-much-;hal-03189474;Only in file1
"https://ncbi.nlm.nih.gov/pubmed/12648679"">12648679</a>;";hal-04125922;Only in file1
https://nature.com/articles;hal-03329674;Only in file1
https://hal.archives-ouvertes.fr/hal-02189229;hal-02989101;Only in file1
https://dx.doi.org/10.1145;hal-03536045;Only in file1
https://hal.science/hal-01926379;hal-01926379;Only in file1
https://doi.org/10.1038/nature14539;hal-02915414;Only in file1
https://euractiv.com/section/freedom-of-thought/news;hal-03189474;Only in file1
https://hal.sorbonne-universite.fr/hal-03379679;hal-03379679;Only in file1
https://data.bioontology.org/documentation;hal-02939363;Only in file1
https://dsg.uwaterloo.ca/watdiv;hal-02435371;Only in file1
"https://wikidata.org/prop/statement/""";hal-03516420;Only in file1
https://hal.science/hal-02984952;hal-02984952;Only in file1
https://hal.science/hal-03791175;hal-03791175;Only in file1
https://hal.science/hal-04181257;hal-04181257;Only in file1
https://chall;hal-02910844;Only in file1
https://inria.hal.science/hal-02913866;hal-02913866;Only in file1
https://gitlab.inria.fr/hayats/conceptualknn-relex;hal-03866083;Only in file1
https://en.m.wikipedia.org/wiki/european_union_vs._google;hal-02066516;Only in file1
https://doi.org/10.1016/j.applanim.2017.11.009;hal-03347926;Only in file1
https://github.com/uma-pi1/kge;hal-04344975;Only in file1
https://github.com/remifelin/rdfmining;hal-03519365;Only in file1
https://web.stanford.edu;hal-03021075;Only in file1
https://data.gov;hal-01978784;Only in file1
https://doi.org/10.1145/773153.773171;hal-02492780;Only in file1
https://cs.technion;hal-03940590;Only in file1
https://wp.internetsociety;hal-02406503;Only in file1
https://github.com/yrussac;hal-03265442;Only in file1
https://doi.org/10.1214/aos;hal-03662183;Only in file1
https://acm.org;hal-04157720;Only in file1
https://cloud.google.com/iot-edge;hal-03510012;Only in file1
https://orcid.org/0000-0002-2777-0027;hal-03726234;Only in file1
https://web.stanford.edu;hal-04353523;Only in file1
https://doi.org/10.1006/inco;lirmm-03833578;Only in file1
https://amazon.fr;hal-03337765;Only in file1
https://opentheso.huma-num.fr/idg=mt_10;hal-04156996;Only in file1
https://eprints.soton;hal-03189474;Only in file1
https://dx.doi.org/10.1002/wics.1403;hal-02435371;Only in file1
https://imageclef.org;hal-03415990;Only in file1
https://scikit-learn.org/stable/index.h;hal-04311401;Only in file1
https://obofoundry.org/ontology/ro;hal-03662183;Only in file1
https://creativecommons.org/licenses/by/4.0;hal-03100076;Only in file1
https://aaai.org/library/kr/2006/kr06-009;hal-03934420;Only in file1
https://w3.org/tr/shacl;hal-04353523;Only in file1
https://gitlab.com/serre-des-savoirs/c3po-kb/-/blob/main;hal-04289970;Only in file1
https://doi.org/10.2307/1310870;hal-02228974;Only in file1
https://doi.org/10.1016/s0168-1591(97)00142-1;hal-03347926;Only in file1
https://wikidata.org;hal-04344975;Only in file1
https://jmlr.org/papers/v21/13-561.html;hal-02566930;Only in file1
https://doi.org/10.1007/s10668-008-9149-0;hal-03228509;Only in file1
https://doi.org/10.1111/ner.12051;hal-03263469;Only in file1
https://inria.hal.science/hal-04386268;hal-04386268;Only in file1
https://arxiv.org/abs/1612.02307;hal-02406503;Only in file1
https://hal-lirmm.ccsd.cnrs.fr/lirmm-02364411;lirmm-02364411;Only in file1
https://sindice.com;hal-03765857;Only in file1
https://github.com;hal-03902203;Only in file1
https://inria.hal.science/hal-02977704;hal-02977704;Only in file1
https://doi.org/10.5281/zenodo.7919852;hal-04201661;Only in file1
https://hal.science/hal-04234924;hal-04234924;Only in file1
https://doi.org/10.1007/978-3-642-23032-5\_2;hal-03934420;Only in file1
https://unstats.un.org/bigdata;hal-04092216;Only in file1
https://doi.org/10.1016/0167-6423(87)90035-9;hal-04125922;Only in file1
https://inria.hal.science/hal-02532706v2;hal-02532706;Only in file1
https://doi.org/10.1093/jas/skz167;hal-03347926;Only in file1
https://hal.umontpellier.fr/hal-02470280;hal-02470280;Only in file1
https://hal.science/hal-03426543;hal-03426543;Only in file1
https://arxiv.org/abs/1811.10154;hal-04377324;Only in file1
https://doi.org;hal-04014977;Only in file1
https://empatica.com/en-eu/research/e4;hal-04102737;Only in file1
https://github.com/pierrehmbt/fedcp-qq;hal-03981605;Only in file1
https://dx.doi.org/10.1145/1807128.1807152;hal-02435371;Only in file1
https://inria.hal.science/hal-02109645;hal-02109645;Only in file1
https://doi.org/10.1109/hpec;hal-04212814;Only in file1
https://arxiv.org/abs/1904.10509;hal-03256451;Only in file1
https://info.arxiv.org/help/bulk_data_s3.html;hal-04138880;Only in file1
https://graphviz.org;lirmm-03443660;Only in file1
https://arxiv.org/help/bulk_data;hal-03293643;Only in file1
https://inria.hal.science/hal-01891814;hal-01891814;Only in file1
https://data.nasa.gov;hal-03320929;Only in file1
https://doi.org/10.1890/07-0539.1;hal-03167637;Only in file1
https://doi.org/10.1038;hal-03871553;Only in file1
https://doi.org/10.2501/ijmr-2017-039;hal-03934346;Only in file1
https://w3.org/1999/02/22\-rdf-syntax-ns\;hal-03082579;Only in file1
https://fipa.org/specs;hal-04358408;Only in file1
https://inria.hal.science/hal-03828747;hal-03828747;Only in file1
https://worldclim;hal-03771760;Only in file1
https://rdfhdt.org/datasets;hal-02065993;Only in file1
https://policies.google.com/technologies/cookies;hal-04228304;Only in file1
https://gitlab.inria.fr/cedar/excel-search;hal-03767992;Only in file1
https://kaggle.com/uciml/internet-advertisements-data-set;hal-03189967;Only in file1
https://doi;hal-04014977;Only in file1
https://github.com/hyperopt/hyperopt;hal-02373429;Only in file1
https://doi.org/10.1007/bf02912621;hal-02228974;Only in file1
https://en.wikipedia.org/wiki/optical_character_recognition;hal-02571170;Only in file1
https://doi.org/10.1145;hal-03337765;Only in file1
"https://example.org/possibility"";";hal-02064075;Only in file1
https://petrus.inria.fr/~bouganim/dispers.mp4;hal-02269201;Only in file1
https://doi.org/10.1145/2566486;hal-02935956;Only in file1
https://data.europa.eu/data;hal-03500522;Only in file1
https://nms.kcl.ac.uk/michael;hal-04358408;Only in file1
https://w3.org/tr/dx-prof-conneg;hal-02064075;Only in file1
https://en.wikipedia.org;hal-02281137;Only in file1
https://info.arxiv.org/help/bulk_;hal-04282533;Only in file1
https://hal.science/hal-04289970;hal-04289970;Only in file1
https://arxiv.org/abs/2012.01536;hal-04377324;Only in file1
https://auai.org/uai2017;hal-04353543;Only in file1
https://inria.hal.science/hal-02152064;hal-02152064;Only in file1
https://hal.science/hal-04351111;hal-04351111;Only in file1
https://inria.hal.science/hal-03626964;hal-03626964;Only in file1
https://github.com/interactions-hsg/wot-search;hal-03135088;Only in file1
https://pyenchant.github;hal-04228304;Only in file1
https://dx.doi.org/10.1145/3035918.3054772;hal-02066516;Only in file1
https://tel.archives-ouvertes.fr/tel-03028074;hal-03527888;Only in file1
https://azure.microsoft.com/en-us/services/iot-;hal-03510012;Only in file1
https://fasttext.cc/docs/en/crawl-vectors.html;hal-02972184;Only in file1
https://hal.science/hal-03296233;hal-03296233;Only in file1
https://saxonica.com;hal-04165835;Only in file1
https://www;hal-04346759;Only in file1
https://doi.org/10.3389/fpls;hal-02228974;Only in file1
https://dropbox.com/s;hal-03320929;Only in file1
https://hal.science/hal-03771760;hal-03771760;Only in file1
https://eur-lex.europa.eu/eli/dir/2019/1024/oj;hal-03726234;Only in file1
https://ontop.inf.unibz.it;hal-02446427;Only in file1
https://doi.org/10.1016/j.livsci.2013.11.007;hal-03347926;Only in file1
https://doi.org/[id;lirmm-02945170;Only in file1
https://orcid.org/0000-0002-0756-6934;hal-03404572;Only in file1
https://poynter.org/ifcn;hal-03189474;Only in file1
https://gitlab.com/include-project/federate;hal-03110739;Only in file1
https://hal.science/hal-03704042;hal-03704042;Only in file1
https://doi.org/10.1227/neu.0000000000001165;hal-03263469;Only in file1
https://eur-lex.europa.eu/eli/reg/2016/679/2016-05-04;hal-04372234;Only in file1
https://cseweb.ucsd.edu;hal-03905183;Only in file1
https://hal.science/hal-04157720;hal-04157720;Only in file1
https://eatcs.org/beatcs/index.php/beatcs/article/view/596;hal-03940590;Only in file1
https://github.com/pdm-book;hal-03516360;Only in file1
https://doi.org/10.1109/sibgrapi;hal-03296233;Only in file1
https://gitlab.com/palisade;hal-02406503;Only in file1
https://github.com/ffmpegwasm/ffmpeg.wasm;hal-03812972;Only in file1
https://asterixdb.apache.org;hal-03150404;Only in file1
https://inria.hal.science/hal-03125718;hal-03125718;Only in file1
https://inria.hal.science/hal-03516350;hal-03516350;Only in file1
https://orcid.org/0000-0002-2828-4389;hal-02937618;Only in file1
https://portal.idigbio.org/portal/search;hal-03415990;Only in file1
https://rand.org/pubs/research_memoranda;hal-03514297;Only in file1
https://scikit-;hal-03522878;Only in file1
https://hal.science/hal-03430113v2;hal-03430113;Only in file1
https://doi.org/10;hal-02066041;Only in file1
https://hal.science/hal-03279850;hal-03279850;Only in file1
https://sciencedirect;hal-03156136;Only in file1
https://doi.org/10.1111/j.1365-2664.2012.02173.x;hal-02228974;Only in file1
https://inria.hal.science/hal-04334794;hal-04334794;Only in file1
https://hal.science/hal-02190170;hal-02190170;Only in file1
https://cs.umd;hal-04377324;Only in file1
https://doi.org/10;hal-03908363;Only in file1
https://dx.doi.org/10.1016/j.comcom.2009.08.012;hal-03329908;Only in file1
https://inria.hal.science/hal-03897397;hal-03897397;Only in file1
https://aclweb.org/anthology/p/p14;hal-03021075;Only in file1
https://ics.forth.gr/isl/rdf-digest;hal-01925496;Only in file1
https://doi.org/10.1109/tnsm.2016.2517087;hal-03266462;Only in file1
https://aicrowd.com;hal-03415990;Only in file1
https://en.wikipedia.org/wiki/wikipedia:statistics;hal-04353543;Only in file1
https://contentcheck.inria.fr;hal-03945733;Only in file1
https://doi.org/10.1007/978-3-030-31304-3_14;hal-03156136;Only in file1
https://factcheck.org/2013/09/kerry-spins-his-record-on-iraq;hal-02057980;Only in file1
https://doi.org/10.34133/plantphenomics.0112;hal-04322179;Only in file1
https://do;hal-03769993;Only in file1
https://inria.hal.science/hal-03913561;hal-03913561;Only in file1
https://hal.science/hal-04184449;hal-04184449;Only in file1
https://bitbucket.org/grizzo001/dlfocl/src/master;hal-04353543;Only in file1
https://hal.science/hal-02421210;hal-02421210;Only in file1
https://doi.org/10.1109/jbhi.2017.2778263;hal-03602177;Only in file1
https://hal.archives-ouvertes.fr/hal-01629191;hal-03641389;Only in file1
https://doi.org/10.3390;hal-04278771;Only in file1
https://inria.hal.science/hal-02166428;hal-02166428;Only in file1
https://w3.org/designissues/linkeddata.html;hal-02984945;Only in file1
https://doi.org;hal-03379679;Only in file1
https://github.com/kungbib/swedish-bert-models;hal-04008864;Only in file1
https://doi.org/10.1109/tse.2017.2659745;lirmm-02949807;Only in file1
https://arxiv.org/abs/1812.01243;hal-03256451;Only in file1
https://doi.acm.org/10.1145/2815493.2815499;hal-03329908;Only in file1
https://doi.org/10.1094/phyto-73-1581;hal-02228974;Only in file1
https://w3.org/tr/sparql11-query;hal-02051413;Only in file1
https://contrib.scikit-learn.org/metric-learn;hal-03100076;Only in file1
https://annonymousurl;hal-04233343;Only in file1
https://hal-lirmm.ccsd.cnrs.fr/lirmm-03228968;lirmm-03228968;Only in file1
https://relational.ﬁt.cvut.cz/dataset/pte;hal-03474955;Only in file1
https://w3id.org/stn;hal-02289497;Only in file1
https://annualreviews.org/doi/abs/10.1146;hal-03329674;Only in file1
https://huggingface.co/hannaabiakl/psychic;hal-04311370;Only in file1
https://data.gov;hal-03500522;Only in file1
https://lod-cloud.net;hal-03765857;Only in file1
https://project.inria.fr/edgeletdemo;hal-03996787;Only in file1
https://hal.inrae.fr/hal-02962262;hal-02962262;Only in file1
https://jongo.org;hal-01926379;Only in file1
https://ds.iris.edu/data/access;lirmm-02197618;Only in file1
https://hal.science/hal-02281137;hal-02281137;Only in file1
https://github.com/ticktac-project/tchecker;hal-04344167;Only in file1
https://doi.org/10.1613/jair.1.11395;hal-03801032;Only in file1
https://doi.org/10.2527/2005.831255x;hal-03347926;Only in file1
https://people.irisa.fr/thomas.guyet/negativepatterns;hal-02188501;Only in file1
https://doi.org/10.4204%;hal-02492780;Only in file1
https://neo4j.com;hal-04353523;Only in file1
https://inria.hal.science/hal-02566930;hal-02566930;Only in file1
https://doi.org/10.1007/s00779-020-01415-1;hal-03135088;Only in file1
https://doi.org/10.1137/1006063;hal-03904200;Only in file1
https://jena.apache.org;hal-04246864;Only in file1
https://gitlab.inria.fr/akatim/sparlqprov-demo;hal-04386268;Only in file1
https://proceedings.mlr.press/v97/jay19a.html;hal-03266462;Only in file1
https://orcid.org/0000-0003-0133-3491;hal-03726234;Only in file1
https://doi.org/10.1016/j.websem.2023.100775;hal-04171196;Only in file1
https://doi.org/10.1086/523951;hal-02228974;Only in file1
https://frama.link/kvhhne-v;hal-02060966;Only in file1
https://sp-tk.sourceforge.net;hal-03332224;Only in file1
https://hal.science/hal-03939919;hal-03939919;Only in file1
https://github.com/angelos25/tf-mpc;hal-04139281;Only in file1
https://project.inria.fr/corese;hal-03518845;Only in file1
https://papers.nips.cc/paper/9617-deep-leakage-from-gradients;hal-03160473;Only in file1
https://inria.hal.science/hal-02366725;hal-02366725;Only in file1
https://doi.org/10.1145/1122445.1122456;hal-02289497;Only in file1
https://nathan.grosshans.me;hal-03114304;Only in file1
https://proceedings.neurips;hal-04014977;Only in file1
https://www6;hal-01895279;Only in file1
https://inaturalist.org;hal-02873670;Only in file1
https://dx.doi.org/10.1016/j;hal-04366893;Only in file1
https://hal.science/hal-04273353;hal-04273353;Only in file1
https://doi.org/10.1111/jbi.13499;hal-03220977;Only in file1
https://doi.org/10.1145/3340531.3417428;hal-03404580;Only in file1
https://github.com/grame-cncm/faust;hal-03812938;Only in file1
https://vldb.org/pvldb/volumes/15/paper/troubles with nulls, views from the us;hal-03934346;Only in file1
https://doi.org/10.1145/1873951.1874254;hal-03406994;Only in file1
https://inria.hal.science/hal-02376961;hal-02376961;Only in file1
https://raw.githubusercontent.com/emmo-repo/emmo/1.0.0-alpha2/emmo.owl;hal-04366893;Only in file1
https://doi.org/10.1145/nnnnnnn.nnnnnnn;hal-03176657;Only in file1
https://dbpedia-spotlight.org;hal-02571170;Only in file1
https://coretrustseal.org;hal-02483307;Only in file1
https://hal.science/hal-03698839;hal-03698839;Only in file1
https://github.com/zykls/folktables;hal-03902203;Only in file1
https://doi.org/10.1016/j.agsy.2004.03.003;hal-02228974;Only in file1
https://ebi.ac.uk/biomodels;hal-02279942;Only in file1
https://doi.org/10.5281/zenodo.4972593;hal-03693593;Only in file1
https://letters1916;hal-03189474;Only in file1
https://doi.org;hal-03373536;Only in file1
https://is.gd/rdx39u;hal-03494520;Only in file1
https://midjourney.com/home;hal-04353543;Only in file1
https://openbci.com;hal-04093045;Only in file1
https://hal.science/hal-03171577;hal-03171577;Only in file1
https://kaggle.com/reddit/reddit-comments-may-2015;hal-04068708;Only in file1
https://inria.hal.science/hal-02166425;hal-02166425;Only in file1
https://doi;hal-03769993;Only in file1
https://mdpi.com/article;hal-03379679;Only in file1
https://hal.science/hal-03298742;hal-03298742;Only in file1
https://doi.org/10.1016/0022-;hal-02915414;Only in file1
https://bundestag.de/resource/blob/566942;hal-03189474;Only in file1
https://corese.inria.fr;hal-03135088;Only in file1
https://inria.hal.science/hal-03934438v2;hal-03934438;Only in file1
https://doi.org/10.4000/mappemonde;hal-03296233;Only in file1
https://dx.doi.org/10.1109/cvpr.2015.7298682;hal-02980085;Only in file1
https://catalogue.bnf.fr/ark:/12148/cb45757214b;hal-04293239;Only in file1
https://arxiv.org/abs/2006.03654;hal-03256451;Only in file1
https://inria.hal.science/hal-03774599;hal-03774599;Only in file1
https://w3.org/2004/02/skos;hal-03619869;Only in file1
https://wikidata.org/wiki/wikidata:sparql_query_;hal-02096714;Only in file1
https://hal.science/hal-03726153;hal-03726153;Only in file1
https://hal.science/hal-03519365;hal-03519365;Only in file1
https://ibm.biz/provlake;lirmm-02265932;Only in file1
https://hal.science/hal-01981553;hal-01981553;Only in file1
https://hal.science/hal-02157559v2;hal-02157559;Only in file1
https://fabien.info;hal-03921374;Only in file1
https://doi.org/10.1016/0004-;hal-03710323;Only in file1
https://earthquake.usgs.gov;lirmm-01867717;Only in file1
https://pewinternet.org/2019/01/16;hal-03916393;Only in file1
https://inria.hal.science/hal-03715416;hal-03715416;Only in file1
https://inria.hal.science/hal-04366893;hal-04366893;Only in file1
https://https://ec.europa.eu;hal-03767992;Only in file1
https://ontosearch.com/2008/01/identiﬁcation/eid-;hal-03301330;Only in file1
https://hal.inria.fr/hal-01851538;hal-03514297;Only in file1
https://hal-lirmm.ccsd.cnrs.fr/lirmm-03785968;lirmm-03785968;Only in file1
https://doi.org/10.1038/srep23418;hal-03871553;Only in file1
https://doi.org/10.1137;hal-03536045;Only in file1
https://inria.hal.science/hal-04414815;hal-04414815;Only in file1
https://cs.au.dk/˜ivan/sigma.pdf;hal-02406503;Only in file1
https://wfmc.org;hal-02968427;Only in file1
https://doi.org/10.1016/s1161-0301(02)00112-0;hal-03231805;Only in file1
https://truthandtrustonline.com;hal-03932371;Only in file1
https://observeit.com/cost-of-insider-threats;hal-03726234;Only in file1
https://bit.ly/2piszwb;hal-02936253;Only in file1
https://doi.org/10.1016/j.jcss;hal-03934389;Only in file1
https://tel.archives-;hal-03989703;Only in file1
https://sciencedirect.com/science/article/pii/s157082681200039x;hal-04351729;Only in file1
https://www;hal-03329674;Only in file1
https://doi.org/10.1016/j;hal-03518717;Only in file1
https://rdfquotient;hal-02921457;Only in file1
https://dwslab.github.io/melt/matcher-packaging/web;hal-04366893;Only in file1
https://ceur-ws.org;hal-03500522;Only in file1
https://onlinelibrary.wiley.com/doi/pdf/10.1111/j.1469-;hal-03329674;Only in file1
https://doi.org/10.1007/978-3-;hal-03641389;Only in file1
https://colab.research.google;hal-04157720;Only in file1
https://www;hal-03817452;Only in file1
https://dl.acm.org/doi/10.5555;hal-04278100;Only in file1
https://doi.org/10.1007/978-;hal-04201661;Only in file1
https://statista;hal-04311598;Only in file1
https://github.com/malllabiisc/compgcn;hal-04344975;Only in file1
https://gdpr-info.eu;hal-02066516;Only in file1
https://hal.science/hal-02984945;hal-02984945;Only in file1
https://aws.amazon.com/rds/aurora/serverless;hal-02549758;Only in file1
https://proceedings.neurips.cc/paper/2017/file;hal-04346759;Only in file1
https://api.semanticscholar.org/graph/v1;hal-03648498;Only in file1
https://sake.re;hal-04351111;Only in file1
https://void.rkbexplorer.com;hal-03301330;Only in file1
https://doi.org/10.1016/j.compag.2014.03.010;hal-03347926;Only in file1
https://doi.org/10.1184/r1/6470981.v1;hal-03084671;Only in file1
https://iccl.inf.tu-dresden.de/web;hal-02096714;Only in file1
https://hal.science/hal-03402766;hal-03402766;Only in file1
https://doi.org/10.1371/journal.pcbi.1008856.g011;hal-03220977;Only in file1
https://kern.ccarh;hal-03279850;Only in file1
https://147.100.179.112:3838/team/kmeguelati;lirmm-03036910;Only in file1
https://inria.hal.science/hal-03807530;hal-03807530;Only in file1
https://github.com/danfaria/oaei{_}sealsclient/blob/master/oracletutorial.pdf;hal-02984949;Only in file1
https://doi.org/10.3897/rio;hal-03871553;Only in file1
https://duckduckgo.com/y.js;hal-04228304;Only in file1
"https://biomodels.net/model-qualifiers/""";hal-04125922;Only in file1
https://doi.org/10.1016/s0304-3975(02)00730-2;hal-01673025;Only in file1
https://aclanthology.org/2023;hal-04371254;Only in file1
https://doi.org/10.1109/ipdps.2017.36;hal-03112715;Only in file1
https://drops.dagstuhl.de/opus/volltexte/2018/8594;hal-02492780;Only in file1
https://lix.polytechnique.fr/~goga/datasets;hal-04129915;Only in file1
https://enquetes.univ-lille.fr/index.php;hal-03279850;Only in file1
https://arxiv.org/abs/1901;hal-02087763;Only in file1
https://imitates.gforge.inria.fr/code;lirmm-02973633;Only in file1
https://doi.org/10.3233/ds-;hal-03231805;Only in file1
https://oaei.ontologymatching.org;hal-03889780;Only in file1
https://ceur-ws.org/vol-937/ldow2012-paper-09.pdf;hal-02435371;Only in file1
https://doi.org/10.1093/icesjms/fsv149;hal-03228509;Only in file1
https://sciencedirect.com;hal-03097047;Only in file1
https://doi.org/10.3897/biss.5.73751;hal-03338823;Only in file1
https://hal.science/hal-02269200;hal-02269200;Only in file1
https://aaai.org/library/aaai/1987/aaai87-121.php;emse-04058783;Only in file1
https://ceur-ws.orgissn;hal-04366893;Only in file1
https://doi.org/10;hal-02020829;Only in file1
https://w3.org/tr/sparql11-query;hal-03021075;Only in file1
https://doi.org/10.1007/s00530-015-0462-9;hal-03338811;Only in file1
https://twitter.com/crudeoilprices;lirmm-03036868;Only in file1
https://plantnet.org;hal-02873670;Only in file1
https://link.springer.com/chapter;hal-03514297;Only in file1
https://hal.science/hal-02196903;hal-02196903;Only in file1
https://doi.org/10.2527/jas1983.5661282x;hal-03347926;Only in file1
https://project-hobbit.eu/outcomes/hobbit-platform;hal-04351729;Only in file1
https://doi.org/10.1109/icde.2017.112;lirmm-03799097;Only in file1
https://doi.org/10.4230;hal-03934389;Only in file1
https://aaai.org/ocs/index.php/aaai/aaai15;hal-03934420;Only in file1
https://doi.org;hal-03904200;Only in file1
https://vldb.org/pvldb/vol4/p34-;hal-03514297;Only in file1
https://doi.org/10.1016/s1574-6526(06;hal-03156136;Only in file1
https://doi.org/10.1007;hal-04132566;Only in file1
https://doi.org/10.1007/s13593-;hal-02228974;Only in file1
https://ietf.org;hal-03135088;Only in file1
https://doi.org/10.1109/lics52264;lirmm-03833578;Only in file1
https://doi.org/10.3233/sw-223224;hal-04201661;Only in file1
https://dbpedia.org/facebook;hal-04131977;Only in file1
https://doi.org/10.4230;hal-02532706;Only in file1
https://qweb.cs.aau.dk/jedi;hal-04110779;Only in file1
https://inria.hal.science/hal-02468778;hal-02468778;Only in file1
"https://sbml.org/sbml/level2/version4""";hal-04125922;Only in file1
https://d2s.semanticscience.org;hal-04201661;Only in file1
https://hal.inrae.fr/hal-04405026;hal-04405026;Only in file1
https://usenix.org/conference/tapp2018;hal-03140067;Only in file1
https://ceur-ws.org/vol-996/papers;emse-04058783;Only in file1
https://dx.doi.org/10.1017/s0269888913000039;hal-02066516;Only in file1
https://creativecommons.org/licenses/by-;lirmm-03639381;Only in file1
https://github.com/summanlp/textrank;hal-02281138;Only in file1
https://inria.hal.science/hal-03809754;hal-03809754;Only in file1
https://sake.re/20210927-dotg;hal-03939919;Only in file1
https://hal.science/hal-02265743;hal-02265743;Only in file1
https://doi.org/10.1016/b978-;hal-03886320;Only in file1
https://github;hal-03602177;Only in file1
https://doi.acm.org/10.1145/1015330.1015412;hal-03220977;Only in file1
https://doi.org/10.1007/978-3-030-29381-9_34;hal-03079818;Only in file1
https://opentheso.huma-;hal-04156996;Only in file1
https://hal.science/hal-03236409;hal-03236409;Only in file1
https://arxiv.org;hal-03160473;Only in file1
https://xmlns.com/foaf/spec;hal-03516420;Only in file1
https://doi.org/10.1086/665997;hal-02228974;Only in file1
https://inria.hal.science/hal-03454183;hal-03454183;Only in file1
https://doi.org/10.1098/rsif.2019.0225;hal-03347926;Only in file1
https://scikit-learn.org;hal-03908363;Only in file1
https://gitlab.inria.fr/ydauxais/gdc-pbc;hal-03090211;Only in file1
https://semanticaudio.ac.uk;hal-03133188;Only in file1
https://doi.org/10.1109/icc.2008.11;hal-03266462;Only in file1
https://hal.science/hal-04372234;hal-04372234;Only in file1
https://mitp-content-server.mit.edu:18180/books/content;emse-04058783;Only in file1
https://oaei.ontologymatching.org/2013/results/oaei2013.pdf;hal-04351729;Only in file1
https://cbd.int;hal-02873670;Only in file1
https://w3.org/1999/02/22\-rdf-syntax-ns\;hal-02100230;Only in file1
https://sabiod.org/icml4b2013_book.pdf;hal-02945382;Only in file1
https://entrepot.recherche.data.gouv.fr/dataset.xhtml;hal-04366893;Only in file1
https://doi.org/10.1109/laweb.2014.21;hal-03404580;Only in file1
https://hal.inria.fr;hal-02530206;Only in file1
https://doi.org/10.3897;hal-03871553;Only in file1
https://webassembly.org;hal-03812972;Only in file1
https://escholarship.mcgill.ca/concern/theses/9g54xk72r;hal-03114304;Only in file1
https://github.com/rdfostrich/comunica-actor-init-sparql-ostrich;hal-03500522;Only in file1
https://w3.org/tr/annotation-vocab;hal-03230741;Only in file1
https://reasonstudios.com/press/275-reasons-flagship-europa-synth-now-availa;hal-02366725;Only in file1
https://hal-lirmm.ccsd.cnrs.fr/lirmm-02265932;lirmm-02265932;Only in file1
https://doi.org/10.1145/3308558.3313472;hal-02096714;Only in file1
https://inria.hal.science/hal-02530206v2;hal-02530206;Only in file1
https://dgraux.github.io/sparql-hash;hal-03516459;Only in file1
https://nytimes.com;hal-03189474;Only in file1
https://w3.org/tr/prov-o;hal-03807744;Only in file1
https://github.com/dbpina/keras-prov;lirmm-03324873;Only in file1
https://aclweb.org/anthology/d14-1162;hal-04346759;Only in file1
https://tools;hal-02066041;Only in file1
https://doi.org/10.1016/0304-;hal-03937274;Only in file1
https://arxiv.org/abs/1906.01282;hal-03256451;Only in file1
https://site.example;hal-04228304;Only in file1
https://irisa.fr/lis/ferre/sparklis;hal-04186117;Only in file1
https://doi.org/10.1371/journal.pcbi.1008856.g001;hal-03220977;Only in file1
https://doi.org/10.1111/2041-210x;hal-03871553;Only in file1
https://doi.org/10.1007/978-3-642-24794-1_2;hal-03662183;Only in file1
https://dx.doi.org/10.1109/sp.2016.42;hal-02066516;Only in file1
https://core.ac.uk/download/pdf/82500417.pdf;hal-04377324;Only in file1
https://doi.org/10.1109/icassp.2019.8682467;hal-04411802;Only in file1
https://drive.google;lirmm-03036910;Only in file1
https://doi.org/10.1016/j.eja.2018.01;hal-02228974;Only in file1
https://doi.org/10.1007/s00484-019-01679-0;hal-02137748;Only in file1
https://rdfhdt.org/datasets;hal-02152844;Only in file1
https://doi.org/10.1145/3618257.3624823;hal-04228304;Only in file1
https://github.com/wimmics/covidontheweb/tree/master/notebooks;hal-02939363;Only in file1
https://ceur-;hal-03905184;Only in file1
https://hal.science/hal-03260142;hal-03260142;Only in file1
https://imt.hal.science/hal-02066041;hal-02066041;Only in file1
https://wjh.harvard.edu/˜inquirer;hal-03314797;Only in file1
https://doi.org/10.1007;hal-02057980;Only in file1
https://bitbucket.org/rtaylor;hal-03066941;Only in file1
https://ncbi.nlm.nih.gov/books/nbk232319;hal-03347926;Only in file1
https://dx.doi.org/10.1103/physreve.80.016118;hal-02435371;Only in file1
https://doi.org/10.1016/j.ppees.2007.11.002;hal-02228974;Only in file1
https://ogc.org;hal-03662183;Only in file1
https://frama.link/vwg7r8pf;hal-02060966;Only in file1
https://lod-cloud.net/lod-data.json;hal-03301330;Only in file1
https://doi.org/10.1111/2041-210x.12180;hal-03220977;Only in file1
https://doi.org/10.1002/cpe.3616;lirmm-02949807;Only in file1
https://aicrowd.com/challenges/lifeclef-2022-23-plant;hal-04322219;Only in file1
https://arxiv.org/abs/1911.06679;hal-02406503;Only in file1
https://vertx.io;hal-03135088;Only in file1
https://doi.org/10.1038/ncomms10460;hal-03100032;Only in file1
https://kgqa.github.io/scholarly-qald-challenge/2023;hal-04311370;Only in file1
https://gitlab.com/ckatsimerou/abc_s_public;hal-03407247;Only in file1
https://doi.org/10.1109/wi-iat.2015;hal-02289497;Only in file1
https://storage.googleapis.com/books/ngrams/books/datasetsv2.html;hal-02972184;Only in file1
https://hal-lirmm.ccsd.cnrs.fr/lirmm-02197618;lirmm-02197618;Only in file1
https://doi.org/10.1145/2991561;emse-02070625;Only in file1
https://w3;hal-04201661;Only in file1
https://hal.science/hal-03845144;hal-03845144;Only in file1
https://pubmed.ncbi.nlm.nih.gov;hal-03811323;Only in file1
https://ai.googleblog.com/2020/05;hal-02406503;Only in file1
https://inria.hal.science/hal-03405745;hal-03405745;Only in file1
https://quantum.agroparistech;hal-03662183;Only in file1
https://inria.hal.science/hal-04344167;hal-04344167;Only in file1
https://gitlab.inria.fr/magnet/mangoes;hal-02860659;Only in file1
https://dbpedia.org,https://wikidata.orgmetric;hal-03084627;Only in file1
https://doi.org/10.1007/s11104-016-3092-x;hal-02228974;Only in file1
https://doi.org/10.1093;hal-03711320;Only in file1
https://hal-lirmm.ccsd.cnrs.fr/lirmm-03852429;lirmm-03852429;Only in file1
https://anaee.eu;hal-03404125;Only in file1
https://pypi.org/project/pymonet;lirmm-03443660;Only in file1
https://en.wikipedia.org/wiki/popoviciu's%;hal-03320929;Only in file1
https://wiki.loliot.net/docs/lang;hal-03710323;Only in file1
https://doi.org/10.3390/s20164550;hal-04386951;Only in file1
https://ceur-ws.org/vol-538;hal-03889780;Only in file1
https://doi.org/10.1641/b580507;hal-03228509;Only in file1
https://doi.org/10.1016/j.is.2017.02.002;hal-02984949;Only in file1
https://oecd.org/gov/digital-;hal-03726234;Only in file1
https://hal.science/hal-02879293;hal-02879293;Only in file1
https://project.inria.fr/espdms/games/1/1(cid:5;hal-03941868;Only in file1
https://doi.org/10.34971/zaz0-n247;hal-03338811;Only in file1
https://inria.hal.science/hal-03147623;hal-03147623;Only in file1
https://github.com/patrickzib/sfa;hal-02373429;Only in file1
https://dl.acm.org;hal-04358408;Only in file1
https://proceedings;hal-03406994;Only in file1
https://github.com/guillaume-thiry/oecd-;hal-03021075;Only in file1
https://github.com/ukplab/emnlp2017-bilstm-cnn-crf;hal-02381078;Only in file1
https://cyber.bibl.u-szeged.hu/index.php/actcybern;hal-03940590;Only in file1
https://hal-lirmm.ccsd.cnrs.fr/lirmm-02148200;lirmm-02148200;Only in file1
https://w3.org/tr/2013/rec-sparql11-service-;hal-03404125;Only in file1
https://linkeddata.ge.imati.cnr.it:8890/sparql;hal-03301330;Only in file1
https://openarchives.org/pmh;hal-03807744;Only in file1
https://vexflow.com;hal-03812972;Only in file1
https://inria.hal.science/hal-03128504;hal-03128504;Only in file1
https://consort-statement.org;hal-03264761;Only in file1
https://mpi-inf.mpg.de/yago-naga;hal-03517826;Only in file1
https://doi.org/10.1145/nnnnnnn.nnnnnnn;hal-03903287;Only in file1
https://doi.acm.org/10.1145/1516512.1516518;hal-03527888;Only in file1
https://dx.doi.org/10.1145/311535.311589;hal-03369680;Only in file1
https://github.com/remifelin/rdfmining;hal-03892080;Only in file1
https://fair-di.eu/fairmat/proposal;hal-03404125;Only in file1
https://tinyurl.com/tbl-inrupt;hal-02269292;Only in file1
https://inpn.mnhn.fr/programme;hal-03889780;Only in file1
https://doi.org/10.1073/pnas.2007324117;hal-03871553;Only in file1
https://arxiv.org/pdf/1905;hal-03514297;Only in file1
https://intelliquiz/kg1;hal-02571170;Only in file1
https://lod-cloud.net;hal-03662183;Only in file1
https://doi.org/10.1016/j.neuchi.2020.04.134;hal-03263469;Only in file1
https://github.com;hal-03358998;Only in file1
"https://purl.obolibrary.org/obo/pr_000035415""";lirmm-02945170;Only in file1
https://dataviz.i3s.unice.fr/muvin;hal-03748134;Only in file1
https://dx.doi.org/10.7717/peerj-cs.479;hal-03741042;Only in file1
https://onlinelibrary;lirmm-02364411;Only in file1
https://w3.org/tr/2018;hal-03135088;Only in file1
https://meteofrance.com;hal-03619869;Only in file1
https://doi.org/10.1016;lirmm-04277973;Only in file1
https://gdpr-info.eu/art-22-gdpr;hal-04181257;Only in file1
https://pytorch.org;hal-02290310;Only in file1
https://doi.org/10.1051/kmae:2002003;hal-03228509;Only in file1
https://hal-lirmm.ccsd.cnrs.fr/lirmm-01679967;lirmm-01679967;Only in file1
https://doi.org;hal-04351729;Only in file1
https://doi.org/10.1016/j.websem.2018.08.003;hal-04201661;Only in file1
https://proceedings.neurips.cc/paper/2013/hash;hal-04344975;Only in file1
https://dx.doi.org/10.1145/2815675.2815691;hal-02066516;Only in file1
https://dublincore.org/specifications/dublin-core/dcmi-terms;hal-02939363;Only in file1
https://hal.science/hal-02879313;hal-02879313;Only in file1
https://gqlstandards.org;hal-03103509;Only in file1
https://doi.org/10.5591/978-;hal-03937274;Only in file1
https://weakg.i3s.unice.fr/sparql;hal-03890035;Only in file1
"https://identifiers.org/go/go:0006468""";hal-04125922;Only in file1
https://hal-lirmm.ccsd.cnrs.fr/lirmm-04283828v2;lirmm-04283828;Only in file1
https://fsa.usda.gov;hal-03167637;Only in file1
https://bitbucket.org/smaniu/graph-provenance;hal-03140067;Only in file1
https://sciencedirect;hal-04351729;Only in file1
https://dx.doi.org/10.1145/1900008.1900067;hal-02435371;Only in file1
https://doi.org/10.18653/v1;hal-04014977;Only in file1
https://doi.org/10.1109/vr;hal-03698833;Only in file1
https://nodered.org;hal-02289497;Only in file1
"https://datamusee.givingsense.eu/onto/>;";hal-04171196;Only in file1
https://doi.org/10.1016/j.compag.2019.104859;hal-04411802;Only in file1
https://portal.unesco.org/ci/fr/ev.php-url_id=3038&url_do=do_topic&url_section=201.html;hal-02860659;Only in file1
https://bibliontology.com/specification.html;hal-02939363;Only in file1
https://doi.org/10.1145/3184558.3186964;hal-03021075;Only in file1
https://inria.hal.science/hal-03464373;hal-03464373;Only in file1
https://orcid.org/0000-0002-7896-2520;hal-04040702;Only in file1
https://hal.science/hal-04142592;hal-04142592;Only in file1
https://inria.hal.science/hal-04110779;hal-04110779;Only in file1
https://wikidata.org/wiki/wikidata:sparql_query_;hal-03118422;Only in file1
https://ror.org/01pd2sz18”;hal-04289970;Only in file1
https://doi.org/10.1007/978-3-319-;hal-02873670;Only in file1
https://webdb2011.rutgers.edu/papers;hal-04110779;Only in file1
https://hal.inria.fr/hal-03134596;hal-03536045;Only in file1
https://iot-;hal-04157720;Only in file1
https://github.com/carpedm20/emoji;hal-02972184;Only in file1
https://inria.fr/en/covid-web;hal-03292140;Only in file1
https://github;hal-03474556;Only in file1
https://arxiv.org/abs/2006.11233;lirmm-03324873;Only in file1
https://lod2-dev.vse.cz/lodsight/about.html;hal-01925496;Only in file1
https://hal.inrae.fr/hal-02937618;hal-02937618;Only in file1
https://openreview;hal-02406503;Only in file1
https://github.com/kermitt2/entity-fishing;hal-03230741;Only in file1
https://oaei.ontologymatching.org/2019/results/knowledgegraph/kgbaselinematchers.zip;hal-04366893;Only in file1
https://web4.ensiie.fr/∼stefania.dumbrava/sum19;hal-02417259;Only in file1
https://doi.org/10.1016/j.marpol.2012.09.001;hal-03228509;Only in file1
https://doi.org/10.1093/biosci/biu166;hal-03871553;Only in file1
https://hal.inria.fr;hal-02070827;Only in file1
https://doi.org/10.3390;hal-03601464;Only in file1
https://dis.uniroma1.it/~degiacom/didattica/semingsoft;hal-03514297;Only in file1
https://inria.hal.science/hal-03025560;hal-03025560;Only in file1
"https://wikidata.org/prop/""";hal-03516420;Only in file1
https://dblp.uni-trier.de/db/conf/iadis;hal-02571170;Only in file1
https://nlm.nih.gov/pubs/factsheets/umls.html;hal-03502001;Only in file1
https://doi.org/10.1186/s12859-019-2693-9;hal-04366893;Only in file1
https://github.com/azure/ai-toolkit-iot-edge;hal-03510012;Only in file1
https://doi.org/10.1109;hal-03886320;Only in file1
https://inria.hal.science/hal-03812938;hal-03812938;Only in file1
https://arxiv.org/abs/1902.04885;hal-02406503;Only in file1
https://doi.org/https://doi.org/10.1016/0022-5193(73)90208-7;hal-04125922;Only in file1
https://inria.hal.science/hal-01673025v6;hal-01673025;Only in file1
https://dwslab.github.io/melt/matcher-evaluation/client;hal-04351729;Only in file1
https://doi.org/10.1145/3297280.3297327;lirmm-03036910;Only in file1
https://health-policy-;hal-03404580;Only in file1
https://arxiv.org/abs/1609.09353;hal-03167637;Only in file1
https://nlp.stanford.edu/software/crf-ner.html;hal-04349796;Only in file1
https://hal.archives-ouvertes.fr;hal-02902853;Only in file1
https://doi.org/10.1109/icstc.2017.8011861;hal-01999453;Only in file1
https://hal.inrae.fr/hal-02903070;hal-02903070;Only in file1
https://inria.hal.science/hal-02319638;hal-02319638;Only in file1
https://developer.chrome.com/blog/chips-;hal-04228304;Only in file1
https://doi.org/10.1002/ecm.1307;hal-02639237;Only in file1
https://github.com;hal-04273353;Only in file1
https://hal.archives-ouvertes.fr;hal-03946680;Only in file1
https://cloud.google.com/enterprise-knowledge-graph/docs;hal-04201661;Only in file1
https://ceur-ws.orgissn;hal-03890035;Only in file1
https://dl.acm.org;hal-02406503;Only in file1
https://doi.org/10.1071/cp16211;hal-02228974;Only in file1
https://aclweb.org/anthology/p10-1014;hal-03104155;Only in file1
https://ouvrirlascience.fr;hal-03807744;Only in file1
https://doi.acm.org/10.1145/1807167.1807247;hal-02406503;Only in file1
https://hal.science/hal-03119907;hal-03119907;Only in file1
https://doi.org/10.1145/1242572.1242652;hal-04228304;Only in file1
https://doi.org/10.1016/0022-0000(93;hal-03934389;Only in file1
https://doi.org/10.1007;hal-03801032;Only in file1
https://w3.org/submission/ccrel;hal-03065217;Only in file1
https://hal.science/hal-02444752;hal-02444752;Only in file1
https://cloud.google.com/automl;lirmm-03443660;Only in file1
https://comparativeagendas.s3.amazonaws.com;hal-04129915;Only in file1
https://team.inria.fr/cedar/projects;hal-01978784;Only in file1
https://github.com/wimmics/zoomathia/tree;hal-04156996;Only in file1
https://aclweb.org/anthology/p16-1162;hal-04346759;Only in file1
https://proceedings.neurips.cc/paper/2011/file;hal-03406994;Only in file1
https://csie.ntu.edu.tw/~cjlin/libsvmtools/datasets;hal-02166425;Only in file1
https://doi.org/10.1145/3543507.3583875;hal-04129915;Only in file1
https://dx.doi.org/10.1007/978-3-319-27030-2_1;hal-03960471;Only in file1
https://eppo.int;hal-03889780;Only in file1
https://doi.org/10.31222/osf.io/wycjn;hal-03871553;Only in file1
https://dbpedia.org/property;hal-02936193;Only in file1
https://w3.org/tr/void;hal-03301330;Only in file1
https://inria.hal.science/hal-03925679v3;hal-03925679;Only in file1
https://dx.doi.org/10.4230/lipics.itcs.2017.43;hal-02066516;Only in file1
https://paperman.name/data/these.pdf;hal-03114304;Only in file1
https://hal.science/hal-03886251;hal-03886251;Only in file1
https://doi.org/10.1016/j.compag.2019.105148;hal-03347926;Only in file1
https://doi.org/10.1145/2660517.2660533;hal-03765857;Only in file1
https://wasabihome.i3s.unice.fr;hal-03133188;Only in file1
https://ns.inria.fr/acta/doc;hal-03811323;Only in file1
https://hal.science/hal-03373536;hal-03373536;Only in file1
https://doi.org/10;emse-04058783;Only in file1
https://eprint;hal-03904200;Only in file1
https://keras.io;hal-03599214;Only in file1
https://oro.open.ac.uk/67263;hal-03715416;Only in file1
https://doi.org/10.1089/109493101300117938;hal-03369680;Only in file1
https://dx.doi.org/10.1016/j.artint.2014.12.010;hal-03934420;Only in file1
https://dx.doi.org/10.1007/s10115-012-0584-8;hal-02066516;Only in file1
https://inria.hal.science/hal-03905078;hal-03905078;Only in file1
https://academic.oup.com/bioinformatics/article-;hal-03384058;Only in file1
https://fr0stbyter;hal-03812972;Only in file1
https://protege.stanford.edu/ontologies/pizza;hal-04346839;Only in file1
https://data.ign;hal-03913504;Only in file1
https://doi.org/10.14778/3352063.3352101;hal-02152844;Only in file1
https://odense.dk;lirmm-03036868;Only in file1
https://inria.hal.science/hal-02194887;hal-02194887;Only in file1
https://hal.science/hal-03332524;hal-03332524;Only in file1
https://doi.org/10.3920/978-90-8686-803-2;hal-03347926;Only in file1
https://inria.hal.science/hal-02269222;hal-02269222;Only in file1
https://doi.org/10.1016/j;hal-03347926;Only in file1
https://easylist.to/easylist;hal-04228304;Only in file1
https://doi.org/10.1371/journal.pcbi.1008856.t001;hal-03220977;Only in file1
https://inria.hal.science/hal-02152844v2;hal-02152844;Only in file1
https://hal.science/hal-03293643;hal-03293643;Only in file1
https://tinyurl.com;hal-04228038;Only in file1
https://spinningbytes.com/resources/wordembeddings;hal-02972184;Only in file1
https://doi.org/10.1016/j;hal-04230234;Only in file1
https://hal-lirmm.ccsd.cnrs.fr/lirmm-02266483;lirmm-02266483;Only in file1
https://doi.org/10.1145/3459637;hal-04068708;Only in file1
https://schema.org/about;hal-02939363;Only in file1
https://linkeddata.org;hal-02936253;Only in file1
https://github.com/gingsmith/fmtl;hal-03406994;Only in file1
https://inria.hal.science/hal-02435355;hal-02435355;Only in file1
https://github.com/frmichel/sparql-micro-service/tree/0.3.1;hal-02060966;Only in file1
https://hal.science/hal-03066941;hal-03066941;Only in file1
https://inria.hal.science/hal-03100032;hal-03100032;Only in file1
https://doi.org/10.1016/0022-0000(78)90049-1;hal-03934389;Only in file1
https://arxiv.org/abs/1906;hal-04255500;Only in file1
https://hal.science/hal-02143762;hal-02143762;Only in file1
https://gitlab.inria.fr/pmangold1;hal-03424974;Only in file1
https://w3.org/tr/sparql11-service-description;hal-04230234;Only in file1
https://keras.io;lirmm-02969506;Only in file1
https://hal.science/hal-04075393;hal-04075393;Only in file1
https://doi.org/10.5281/zenodo.2555498;hal-02483307;Only in file1
https://disi.unitn.it/~pavel/om2018/papers/om2018_ltpaper3.pdf;hal-02984949;Only in file1
https://w3.org/tr;hal-02444752;Only in file1
https://orcid.org/0000-0003-0543-1232;hal-03301330;Only in file1
https://doi.org/10.1016/s0304-0208(08)73072-x;hal-03134596;Only in file1
https://doi.org/10.1145/3297280.3297573;hal-02020829;Only in file1
https://hal-lirmm.ccsd.cnrs.fr/lirmm-03359490;lirmm-03359490;Only in file1
https://hal-lirmm.ccsd.cnrs.fr/lirmm-03806053;lirmm-03806053;Only in file1
https://oaei.ontologymatching.org/2012/results/oaei2012.pdf;hal-04351729;Only in file1
https://hal.science/hal-02972203;hal-02972203;Only in file1
"https://schema.org/);";hal-03767967;Only in file1
https://doi.org/10;hal-02937618;Only in file1
https://schema.org;hal-03404580;Only in file1
https://doi.org/10.1007/s10817-007-9078-x;hal-03801032;Only in file1
https://oar.imag.fr;hal-03726234;Only in file1
https://doi.org/10.1007/978-3-;hal-04201661;Only in file1
https://w3.org/tr/rdf-sparql-query;hal-02319638;Only in file1
https://inria.hal.science/hal-02355080;hal-02355080;Only in file1
https://doi.org/10.1109/vr50410.2021;hal-04102737;Only in file1
https://linkinghub;hal-03347926;Only in file1
https://hal.science/hal-03326618;hal-03326618;Only in file1
https://kaggle.com/stackoverflow/stackoverflow;hal-02406503;Only in file1
https://hal.science/hal-02918344;hal-02918344;Only in file1
https://github.com/smaniu/treewidth;hal-02087763;Only in file1
https://inria.hal.science/hal-04302997;hal-04302997;Only in file1
https://github.com/lajus/amie;hal-03084606;Only in file1
https://data.cityofnewyork.us/health;hal-03770516;Only in file1
https://doi.acm.org/10.1145/2934872.2934904;hal-03266462;Only in file1
https://orcid.org/0000-0002-2828-4389;hal-03965684;Only in file1
https://doi.org/10.1145/3308560.3317074;hal-02064075;Only in file1
https://arxiv.org/abs/2005.09940;hal-03256451;Only in file1
https://ifaamas.org;hal-03905183;Only in file1
https://github.com/brotherta/wam-refont;hal-04335612;Only in file1
https://ﬂorent-masseglia.info;lirmm-02197618;Only in file1
https://sciencedirect.com/science/article/pii/s0950705121010972;hal-04031744;Only in file1
https://doi.org/10.1162/dint_a_00034;hal-03871553;Only in file1
https://cdjemiel.github.io/pdf/2017-jobim-actes.pdf;hal-02297702;Only in file1
https://hal.science/hal-02277678;hal-02277678;Only in file1
https://doi.org/10.1002/j.2161-;hal-04132566;Only in file1
https://inria.hal.science/hal-03172025;hal-03172025;Only in file1
https://inria.hal.science/hal-02290310;hal-02290310;Only in file1
https://doi;hal-02348004;Only in file1
https://inria.hal.science/hal-03151014;hal-03151014;Only in file1
https://github.com/paddlepaddle/paddlefl;hal-02406503;Only in file1
https://csie.ntu;hal-03510012;Only in file1
https://doi.org/10.1109/focs.2015.46;hal-03100032;Only in file1
https://streamreasoning.github.io/triplewave;hal-02435371;Only in file1
https://creativecommons.org/licenses/by/4.0;hal-03662183;Only in file1
https://hal.umontpellier.fr/hal-02345644;hal-02345644;Only in file1
https://doi.org/10.1007/978-3-319-68288-4_7;hal-02066041;Only in file1
https://proceedings.mlsys;hal-04353543;Only in file1
https://doi.org/10.1890/12-0429.1;hal-03228509;Only in file1
https://matportal.org;hal-04366893;Only in file1
https://proceedings.mlr.press/v139;hal-04262826;Only in file1
https://doi.org/10.1145/3603719.3603730;hal-04234924;Only in file1
https://hal.science/hal-03905182v2;hal-03905182;Only in file1
https://data.cms.gov/provider-data;hal-03770516;Only in file1
https://covidontheweb.inria.fr/sparql;hal-02939363;Only in file1
https://www;hal-03135088;Only in file1
https://faz.net/aktuell/wirtschaft/unternehmen;hal-03189474;Only in file1
https://dbpedia.org/resources/live;hal-04388912;Only in file1
https://doi.org/10.1093/aob/mcy050;hal-02228974;Only in file1
https://proceedings.neurips.cc/paper/2020/file;hal-03369206;Only in file1
https://sciencedirect.com/science/article/pii/s0306437916303891;hal-03329908;Only in file1
https://doi.org/10.1145/514183.514185;hal-03135088;Only in file1
https://inria.hal.science/hal-03913481;hal-03913481;Only in file1
https://insee;hal-03767992;Only in file1
https://legifrance.gouv.fr/jorf/id/jorftext000000341734;hal-04129915;Only in file1
https://doi.org/10.5281;hal-04212137;Only in file1
https://youtu.be/tfavdpyn_ow;hal-02196903;Only in file1
https://hal.inrae.fr/hal-04182535;hal-04182535;Only in file1
https://github.com/akisatok;hal-03710323;Only in file1
https://inria.hal.science/hal-04371254;hal-04371254;Only in file1
https://hal.science/hal-03662183;hal-03662183;Only in file1
https://ia.cr/2019/1255;hal-03904200;Only in file1
https://doi.org/10.3732/ajb;hal-03871553;Only in file1
https://inria.hal.science/hal-02166422;hal-02166422;Only in file1
https://force11.org;hal-02483307;Only in file1
https://geneontology.org;hal-03934420;Only in file1
https://w3.org/tr/void;hal-02939363;Only in file1
https://inria.hal.science/hal-03510012;hal-03510012;Only in file1
https://github.com/cddlib/cddlib;hal-03384058;Only in file1
https://data.gouv.fr/fr;hal-02319539;Only in file1
https://hal.inrae.fr/hal-03342381;hal-03342381;Only in file1
https://doi.org/10.1016/j.ecoinf.2013.07.006;hal-03338811;Only in file1
https://google.com;hal-04228304;Only in file1
https://hal.inria.fr/hal-01239198;hal-03156136;Only in file1
https://hal.science/hal-03793389;hal-03793389;Only in file1
https://inria.hal.science/hal-03664928;hal-03664928;Only in file1
https://w3id.org/kg-construct;hal-04201661;Only in file1
https://doi.org/10.1111/j.1541-0420.2012;hal-02639237;Only in file1
https://github;hal-03111679;Only in file1
https://lod-cloud.net;hal-03301330;Only in file1
https://ceur-ws.org/vol-304/paper9.pdf;hal-04366893;Only in file1
https://arxiv.org/abs/1705.11000;hal-02962262;Only in file1
https://github.com/khadidjam;hal-01999453;Only in file1
https://globalsciencebooks.info/online/gsbonline;hal-03358998;Only in file1
https://doi.org/10.1093;lirmm-03324873;Only in file1
https://vldb.org/pvldb/vol14/p1950-;hal-03897397;Only in file1
https://pubchem.ncbi.nlm.nih.gov;hal-02435371;Only in file1
https://doi.org/10.1145/3543873.3587357;hal-04230234;Only in file1
https://doi.org/10.1186/s13326-017-0166-5;hal-04351729;Only in file1
https://doi.org/10.1016/j.agwat.2010.08.021;hal-02228974;Only in file1
https://content.sciendo.com/view/journals/popets/2019/1/article-p87.xml;hal-03100032;Only in file1
https://openenclave.io;hal-03536381;Only in file1
https://hal.science/hal-01771670v2;hal-01771670;Only in file1
https://doi.org/10.1109;hal-03908363;Only in file1
https://doi.org/10.15468/39omei;hal-04198414;Only in file1
https://ics.uci.edu;hal-03899151;Only in file1
https://inria.hal.science/hal-04132499;hal-04132499;Only in file1
https://github.com/parisson/timeside;hal-02366730;Only in file1
https://doi.acm.org/10.1145/2949689.2949704;hal-03329908;Only in file1
https://ampedstudio.com;hal-04337523;Only in file1
https://oaei.ontologymatching;hal-04366893;Only in file1
https://inria.hal.science/hal-03517826v4;hal-03517826;Only in file1
https://github.com/hit-scir;hal-04346759;Only in file1
https://hal.science/hal-03079818;hal-03079818;Only in file1
https://github.com/deezer/deezer_mood_;hal-03133188;Only in file1
https://ontology.inrae;hal-04289970;Only in file1
https://doi.org/10.1145/3341105.3373932;hal-02389918;Only in file1
"https://data.agroportal.lirmm.fr/user/mappingadmin""";lirmm-02945170;Only in file1
https://base-search.net;hal-04138880;Only in file1
https://sage.univ-nantes.fr/see/sameas;hal-03301330;Only in file1
https://journals.lww.com/optvissci/fulltext/2001/08000/designing_;hal-03710323;Only in file1
https://doi.acm.org/10.1145/2939672.2939785;hal-03220977;Only in file1
https://hal.science/hal-04008864;hal-04008864;Only in file1
https://hal;hal-03889780;Only in file1
https://arxiv.org/abs;hal-04255500;Only in file1
https://inria.hal.science/hal-03087763;hal-03087763;Only in file1
https://github.com/exathlonbenchmark;hal-03381732;Only in file1
https://doi.org/10.1590/1809-4430-eng.agric.v39n2p166-175/2019;hal-03347926;Only in file1
https://doi.org/10;hal-02289497;Only in file1
https://keras.io;hal-02190790;Only in file1
https://plantnet.org;hal-02190170;Only in file1
"https://identifiers.org/psimod/mod:00696""";hal-04125922;Only in file1
https://doi.org/10.3390/s21020343;hal-04405026;Only in file1
https://doi.org;hal-04311598;Only in file1
https://inria.hal.science/hal-02433213;hal-02433213;Only in file1
https://ecfr.gov/current/title-47/chapter-;hal-04311598;Only in file1
https://doi.org/10.1162/dint_a_00027;hal-02483307;Only in file1
https://shorturl.at/ahay4;hal-03236409;Only in file1
https://gitlab.com/tomaye/abstrct;hal-03811323;Only in file1
https://w3.org/tr/owl-ref;hal-02936253;Only in file1
https://doi.org/10.1016/j.biosystemseng.2020.01.016;hal-03347926;Only in file1
https://help.duckduckgo.com/duckduckgo-help-pages/company/ads-;hal-04228304;Only in file1
https://orcid.org/0000-0002-;hal-03965684;Only in file1
https://her-;hal-02137748;Only in file1
https://github.com;hal-04228304;Only in file1
https://sourceforge.net/projects/dbpedia-spotlight/files/2016-10/fr;hal-02389918;Only in file1
https://prod-dekalog.inria.fr;hal-03946680;Only in file1
https://orcid.org/0000-0003-3248-1497;hal-03726234;Only in file1
https://dx.doi.org/10.1007/978-3-319-68288-4_13;hal-03960471;Only in file1
https://scikit-learn.org;hal-03266004;Only in file1
https://hal.science/hal-03765860;hal-03765860;Only in file1
https://doi.org/10.1002/cem.2440;hal-03329674;Only in file1
https://cigref.hr-ingenium.com/accueil.aspx;hal-03403125;Only in file1
https://inria.hal.science/hal-04204378;hal-04204378;Only in file1
https://hal.science/hal-02968427;hal-02968427;Only in file1
https://code.google.com/archive/p/loted2/source;hal-03065217;Only in file1
https://doi.org/10.1093/nar;hal-03602177;Only in file1
https://xgboost.readthedocs.io/en/latest/python;hal-02190790;Only in file1
https://doi.org/10.1007/978-3-319-;hal-02513295;Only in file1
https://downloads.dbpedia.org;hal-04346839;Only in file1
https://inria.hal.science/hal-04055171;hal-04055171;Only in file1
https://hal.science/hal-02268004;hal-02268004;Only in file1
https://jena.apache.org/documentation/tdb/index.html;hal-04353523;Only in file1
https://inventaire.hautsdefrance.fr/dossier/usine-de-mecanique-de-precision-mopco-puis-bull-puis-usine-de-;hal-02613465;Only in file1
https://aws.amazon.com/ec2/instance-types;hal-02549758;Only in file1
https://github.com/emscripten-core/emscripten/issues;hal-03812938;Only in file1
https://hal.science/hal-03021960;hal-03021960;Only in file1
https://deezer.com;hal-02281137;Only in file1
https://hal-lirmm.ccsd.cnrs.fr/lirmm-02969506;lirmm-02969506;Only in file1
https://ceur-ws.org/vol-2137/paper_27.pdf;hal-04353523;Only in file1
https://doi.org/10.1016/j.patrec.2021.07.003;hal-03871553;Only in file1
https://op.europa.eu/en/publication-;hal-03726234;Only in file1
https://arxiv.org/abs/1904.10120;hal-02406503;Only in file1
https://doi.org/10.1002;hal-02064075;Only in file1
https://washingtonpost.com/technology/2020/01/06/youtube-;hal-04311598;Only in file1
https://doi.org/10.1016/0952-8180(95)00130-a;hal-03263469;Only in file1
https://hal.inrae.fr/hal-02964060;hal-02964060;Only in file1
https://inpn.mnhn.fr/telechargement/referentielespece/taxref/12.0/menu;hal-03220977;Only in file1
https://134.59.134.234:8081/analyseddocs;hal-03404580;Only in file1
https://hal.science/hal-03955911;hal-03955911;Only in file1
https://doi.org/10.6084/m9.figshare.7712720;hal-02066041;Only in file1
https://github.com/toooooodo/rgcn-linkprediction;hal-04344975;Only in file1
https://doi.acm.org/10.1145/2660267.2660308;hal-02913866;Only in file1
https://stardog.com;hal-03500522;Only in file1
https://doi.org/10.1145/1122445.1122456;hal-03133223;Only in file1
https://ceur-ws.org/vol-1391/157-cr.pdf;hal-02470280;Only in file1
https://doi.org/10.1016/j.is.2021;hal-03337765;Only in file1
https://github.com/khadidjam/hd4c;lirmm-02364411;Only in file1
https://doi.org/10.1111/gcb.15145;hal-03871553;Only in file1
https://aiim.org/wfmc/mainframe.htm;hal-02968427;Only in file1
https://moeaframework.org/javadoc/index.html;hal-03082579;Only in file1
https://abcjs.net;hal-03812972;Only in file1
https://doi.org/10.1016/j.ecolmodel.2005.03.026;hal-02639237;Only in file1
https://catalogueoflife.org;hal-03889780;Only in file1
https://skyserver.sdss.org/dr8/en/help/doc;hal-04414815;Only in file1
https://obdasystems.com/mastro;hal-02446427;Only in file1
https://hal.science/hal-04259861;hal-04259861;Only in file1
https://inria.hal.science/hal-03633526;hal-03633526;Only in file1
https://s24b.com​;hal-02145478;Only in file1
https://arxiv.org/abs/1409.4842;hal-02470280;Only in file1
https://doi.org/10.1016/0022-0000(91)90032-z;hal-01673025;Only in file1
https://linkeddatacatalog.dws;hal-01925496;Only in file1
https://hal.science/hal-03918080;hal-03918080;Only in file1
https://hal.science/hal-03932371;hal-03932371;Only in file1
https://inria.hal.science/hal-02269201;hal-02269201;Only in file1
https://team.inria.fr/wimmics;hal-03230741;Only in file1
https://nodered.org;hal-02196903;Only in file1
https://arxiv.org;hal-03514297;Only in file1
https://aaai.org/ocs;hal-03908363;Only in file1
https://zooniverse;hal-04157720;Only in file1
https://doi.org/xxxxxxx.xxxxxxx;hal-04386268;Only in file1
https://github.com/mpariente/asteroid;hal-02962964;Only in file1
https://doi.org/10.1109/mcom;hal-02289497;Only in file1
https://hal.umontpellier.fr/hal-02281455;hal-04322219;Only in file1
https://github.com/fr0stbyter/sol;hal-03812972;Only in file1
https://event.cwi.nl/grades2013;hal-04110779;Only in file1
https://worldclim.org/bioclim;hal-02873670;Only in file1
https://doi.org/10;hal-03536045;Only in file1
https://d2kab.org;hal-04230234;Only in file1
https://w3.org/tr;hal-04201661;Only in file1
https://ifttt.com;hal-02289497;Only in file1
https://kompass-international.com/corporate/home.html;hal-02348004;Only in file1
https://doi.org/10.57745;hal-04289970;Only in file1
https://doi.org/10.5281/zenodo.1400776;hal-03871500;Only in file1
https://doi.org/10.1080/08920759709362317;hal-03228509;Only in file1
https://thefreedictionary.com/list-of-;hal-03314797;Only in file1
https://inria.hal.science/hal-02293688v2;hal-02293688;Only in file1
https://wifo5-03.informatik.uni-mannheim.de/drugbank;hal-02444752;Only in file1
https://arxiv.org/abs/1106.1819;hal-04377324;Only in file1
https://github.com/chaozhang-db/pba;lirmm-03468587;Only in file1
https://en.wikipedia.org/wiki/bloody_sunday_(1972;hal-03812106;Only in file1
https://doi.org/10.1007/978-1-4899-;hal-03904200;Only in file1
https://lifeclef.org;hal-03415990;Only in file1
https://doi.org/10;hal-02639237;Only in file1
https://inria.hal.science/hal-01978784;hal-01978784;Only in file1
https://cbd.int;hal-03641389;Only in file1
https://jmlr.org/papers/v21/19-737.html;hal-02406503;Only in file1
https://hal-emse.ccsd.cnrs.fr/emse-02070625;hal-03189474;Only in file1
https://inria.hal.science/hal-04337523;hal-04337523;Only in file1
https://inria.hal.science/hal-03890035;hal-03890035;Only in file1
https://github.com/webaudiomodules;hal-03951799;Only in file1
https://doi.org/10.5281/zenodo.4247134;hal-03230741;Only in file1
https://hal.science/hal-04210669;hal-04210669;Only in file1
https://doi.org/10.1109/issnip.2007.4496859;hal-02945382;Only in file1
https://w3.org;emse-02070625;Only in file1
https://hal.science/hal-03096846;hal-03096846;Only in file1
https://doi.org/10.1109/mic.2012.116;hal-03403125;Only in file1
https://agrichatuk.org;hal-04008864;Only in file1
https://deeplearningbook.org;hal-04138880;Only in file1
https://inria.hal.science/hal-02970761;hal-02970761;Only in file1
https://doi.org/10.1371/journal.pcbi.1008856.g003;hal-03220977;Only in file1
https://openreview.net;hal-03648498;Only in file1
https://millionsongdataset.com;hal-03812106;Only in file1
https://doi.org/10.3233/sw-223294;hal-04201661;Only in file1
https://github.com/podmr/darql;hal-02096714;Only in file1
https://knowledge.amia;hal-04353523;Only in file1
https://doi.org/10.1111/j.0906-7590.2008.5203.x;hal-03220977;Only in file1
https://users.dimi.uniud.it;hal-04106420;Only in file1
https://orcid.org/0000-0003-0543-1232;hal-03404580;Only in file1
"https://example.org/evidence"";";hal-02064075;Only in file1
https://arxiv.org/abs/https://doi.org/10.1177/1470785318771451;hal-04014977;Only in file1
https://arxiv.org/abs/1603.09291v1;hal-01926379;Only in file1
https://doi.org/10.1126/science.286;hal-03516360;Only in file1
https://isca-speech.org/archive;hal-03160473;Only in file1
https://doi.org;hal-03527888;Only in file1
https://googleblog.blogspot.com/2009/01/powering-google-search.html;hal-03189474;Only in file1
https://imt-mines-ales.hal.science/hal-03969275;hal-03969275;Only in file1
https://cnet.com/news/googles-project-vault-is-a-security-chip-disguised-as-an-;hal-03329908;Only in file1
https://doi.org;hal-04345437;Only in file1
https://ibm.com/netherlands.sgy>-associated;lirmm-02335500;Only in file1
https://w3.org/history/1989/proposal;hal-02748219;Only in file1
https://fsa.usda.gov;hal-02945382;Only in file1
https://explore.recolnat.org/search/botanique/type=index;hal-03353469;Only in file1
https://bitbucket.org/clement_gautrais/mdl_signature_;hal-02505913;Only in file1
https://doi.org/10.1145/2723372.2742796;hal-02492780;Only in file1
https://dx.doi.org/10.1016/j.ejor.2013.08.022;hal-02435371;Only in file1
https://plantphysiol.org/lookup/doi/10.1104/pp.16.00984;hal-03329674;Only in file1
https://calculus-project.eu/antondries,angelikakimmig,jessedavis,vaishakbelle,andlucderaedt.2017.solvingprobabilityproblemsinnaturallanguage.inproceedingsofthetwenty-sixthinternationaljointconferenceonartificialintelligence,ijcai-17,pages3981–3987.wadefagen-ulmschneider.2015.perceptionofproba-bilitywords.shermankent.1964.wordsofestimativeprobability.studiesinintelligence,8(4):49–65.emilydlenhardt,rachaelncross,makenziejkro-cak,josephtripberger,seanrernst,carollsilva,andhankcjenkins-smith.2020.howlikelyisthatchanceofthunderstorms;hal-04290243;Only in file1
https://inria.hal.science/hal-03899151;hal-03899151;Only in file1
https://inria.hal.science/hal-04152604;hal-04152604;Only in file1
https://cvce.eu/recherche/unit-content/-/unit/5cc6b004-33b7-4e44-b6db-;hal-04293239;Only in file1
https://doi.org/10.1007/978-1-4612-;hal-03934389;Only in file1
https://hal.science/hal-04377363;hal-04377363;Only in file1
https://hal.inria.fr/hal-01623368;hal-02748219;Only in file1
https://doi.org/10.1086/717623;hal-03871553;Only in file1
https://hal-lirmm.ccsd.cnrs.fr/lirmm-02195593;lirmm-02195593;Only in file1
"https://w3.org/1998/math/mathml""";hal-04125922;Only in file1
https://pytorch.org;hal-02191302;Only in file1
https://doi.org/10.3171/2018.3.focus1831;hal-03263469;Only in file1
https://inria.hal.science/hal-02279726;hal-02279726;Only in file1
https://doi.org/10.1016/j.anscip.2022.07;hal-04040702;Only in file1
https://query.wikidata.org/sparql;hal-02096714;Only in file1
https://w3.org/designissues/linkeddata.html;emse-04058783;Only in file1
https://ffmpeg.org;hal-03812972;Only in file1
https://gitlab.inria.fr/pmangold1/private-coordinate-descent;hal-03424974;Only in file1
"https://identifiers.org/mamo/mamo_0000046""";hal-04125922;Only in file1
https://hal.inrae.fr/hal-03791428;hal-03791428;Only in file1
https://pdfs.semanticscholar.org/d82a;hal-03356951;Only in file1
https://github.com/okfn-brasil;hal-04351729;Only in file1
https://doi.org/10.2200;hal-03140067;Only in file1
https://doi.org/10.1016/0925-7721(95)00022-2;hal-04278100;Only in file1
https://inria.hal.science/hal-03135131;hal-03135131;Only in file1
https://arxiv.org/abs/2002.09284;hal-04377324;Only in file1
https://doi.org/10.1111/nph.12192;hal-02228974;Only in file1
https://hal.science/hal-03369680;hal-03369680;Only in file1
https://doi.org/10.3390/metabo12020107;hal-04278771;Only in file1
https://aksw.org/projects/dbpsb.html;hal-02435371;Only in file1
https://arxiv.org/abs/1908.11642;hal-03104155;Only in file1
https://doi.org/10.1371/journal.pmed.1002546;hal-03100032;Only in file1
https://github.com/bkghz-orange-blue;hal-03899151;Only in file1
https://ai4media.eu/).thisworkhasbeenpartiallysupportedbytheanrprojectattention(anr-21-ce23-0037;hal-04260221;Only in file1
https://doi.org/10.1016/j.livsci.2019.103847;hal-03347926;Only in file1
https://globalnews.ca/news/3976740/trump-;hal-02895316;Only in file1
https://openaccess;hal-03748134;Only in file1
https://fsa.usda.gov/programs-;hal-02873670;Only in file1
https://doi.org/10.1109/tcbb.2018.2850901;hal-04125922;Only in file1
https://doi.org/10.1126/science.1257484;hal-03228509;Only in file1
https://hal;hal-02945382;Only in file1
https://doi.org/10.1023/b:busi.0000035907;hal-04311598;Only in file1
https://sweet-hall-e72.notion.site/a-traveler-s-guide-to-the-latent-space-85efba7e5e6a40e5bd3cae980f30235f;hal-04262826;Only in file1
https://arxiv.org/abs/1907.11692;hal-03256451;Only in file1
https://electoralcommission.org.uk/i-am-a/voter/misc-;hal-04129915;Only in file1
https://doi.org/10.5281;hal-02190170;Only in file1
https://iden;hal-03769993;Only in file1
https://inria.hal.science/hal-02100230;hal-02100230;Only in file1
https://aaafoundation.org/understanding-the-impact-;hal-04205128;Only in file1
https://bit.ly/2otfqhp;hal-02936193;Only in file1
https://dx.doi.org/10.1145/1989323.1989340;hal-02435371;Only in file1
https://doi.org/10.1371;hal-02228974;Only in file1
https://hal-lirmm.ccsd.cnrs.fr/lirmm-03144324;lirmm-03144324;Only in file1
https://doi.org/10.1016/s2095-;hal-02228974;Only in file1
https://hal.inrae.fr/hal-03738973;hal-03738973;Only in file1
"https://identifiers.org/go/go:0051098""";hal-04125922;Only in file1
https://github.com/engynasr/mse-benchmark/releases/tag/v1.1;hal-04351729;Only in file1
https://doi.acm.org/10.1145/2508859.2516735;hal-03329908;Only in file1
https://hal.science/hal-02064421v2;hal-02064421;Only in file1
https://doi.org/10.1162;hal-02483307;Only in file1
https://2019.semantics.cc;hal-04201661;Only in file1
https://doi.org/10.1038/nrn1054;hal-04293239;Only in file1
https://ngarendare.org;hal-02937618;Only in file1
https://github.com/voice-privacy-challenge/voice-privacy-challenge-2020;hal-03332224;Only in file1
https://orcid.org/0000-0002-;hal-04040702;Only in file1
https://oaei.ontologymatching.org;hal-03403125;Only in file1
https://soilgrids.org;hal-03693593;Only in file1
https://data.eppo.int;hal-03889780;Only in file1
https://doi.org/10.5220;hal-03904200;Only in file1
https://doi.org/10.1007;hal-03127717;Only in file1
https://hal.inrae.fr/hal-03641389;hal-03641389;Only in file1
https://doi.acm.org/10.1145/2619239.2626336;hal-03266462;Only in file1
https://ojs.aaai.org/index.php/aaai/article/view/16850;hal-04344975;Only in file1
https://orcid.org/0000-0002-0756-6934;hal-03404580;Only in file1
https://hal.science/hal-03487128;hal-03487128;Only in file1
https://doi.org/10.5281/zenodo.3759714;hal-02903070;Only in file1
https://project.inria.fr/corese;hal-03404125;Only in file1
https://voiceprivacychallenge.org/docs/voiceprivacy_;hal-02562199;Only in file1
https://doi.org/10.1038/30918;hal-03112715;Only in file1
https://dl.acm.org/doi/10.5555/1286831.1286840;lirmm-04277973;Only in file1
https://gbif.org;hal-04322219;Only in file1
https://doi.org/10.1080/01904160701555648;hal-02228974;Only in file1
https://hal.archives-ouvertes.fr/hal-03337650;hal-04110779;Only in file1
https://inria.hal.science/hal-03084029;hal-03084029;Only in file1
https://w3.org/tr/2017;hal-03807744;Only in file1
https://hal.science/hal-03265442;hal-03265442;Only in file1
https://inria.hal.science/hal-03498125;hal-03498125;Only in file1
https://www;hal-03079818;Only in file1
https://data.archives-ouvertes.fr/doc/schema;hal-03518845;Only in file1
https://doi.org/10.1111/2041-210x.12738;hal-02639237;Only in file1
https://dx.doi.org/10.1145/2090236.2090255;hal-02066516;Only in file1
https://ncbi.nlm.nih.gov;hal-03889968;Only in file1
https://hal.science/hal-04102737v2;hal-04102737;Only in file1
https://hal.science/hal-03601145;hal-03601145;Only in file1
https://doi.org/10.1201/9781003128786;hal-03657095;Only in file1
https://github.com/nju-;hal-03886320;Only in file1
https://hal-lirmm.ccsd.cnrs.fr/lirmm-04277973;lirmm-04277973;Only in file1
https://inria.hal.science/hal-03905068;hal-03905068;Only in file1
https://doi;lirmm-04277973;Only in file1
https://hal.science/hal-02269211;hal-02269211;Only in file1
https://csxstatic.ist.psu.edu;hal-04138880;Only in file1
https://doi.org/10.1139/f06-038;hal-03228509;Only in file1
https://solidproject.org/tr/wac;emse-04058783;Only in file1
https://doi.org/10.1007/978-3-319-11558-0\_7;hal-03934420;Only in file1
https://tel.archives-ouvertes.fr/tel-;hal-03220977;Only in file1
https://doi;hal-04377324;Only in file1
https://doi.org/10.1371/journal.pbio.1000385;hal-03871553;Only in file1
https://doi.org/10.1109/iot.2012.6402313;hal-03135088;Only in file1
https://arxiv.org/pdf/1706.07936.pdf;hal-02145369;Only in file1
https://fsa.usda.gov;hal-03695760;Only in file1
"https://identifiers.org/kegg.compound/c00562""";hal-04125922;Only in file1
https://doi.org/10.1145/1065167;hal-03320929;Only in file1
https://github.com/maximiliense/glc19;hal-02290310;Only in file1
https://voiceprivacychallenge.org/docs/idiap-nki;hal-03332224;Only in file1
https://hal.inria.fr/hal-01059273;hal-03189474;Only in file1
https://dbpedia.org/ontology;hal-02936253;Only in file1
https://bioportal;hal-03662183;Only in file1
https://w3id.org/rml/core;hal-04201661;Only in file1
https://alibabacloud;hal-03897397;Only in file1
https://rs.tdwg.org/dwc/terms;hal-02168164;Only in file1
https://simplon.co​fred@simplon.co;hal-02145478;Only in file1
https://doi.org/10.1371/journal.pone.0169218;hal-02228974;Only in file1
https://inscore.grame.fr;hal-03812972;Only in file1
https://hal.inria;hal-02935956;Only in file1
https://www;hal-02310236;Only in file1
"https://ncbi.nlm.nih.gov/pubmed/20587024""";hal-04125922;Only in file1
https://yann.lecun;hal-02319539;Only in file1
https://r-;lirmm-04283772;Only in file1
"https://purl.obolibrary.org/obo/envo_00000020""";lirmm-02945170;Only in file1
https://rdflib.readthedocs.org;hal-03500647;Only in file1
https://ec.europa.eu/esco/portal/home;hal-02996442;Only in file1
https://github.com/aliutkus/spe;hal-03256451;Only in file1
https://hal-lirmm.ccsd.cnrs.fr/lirmm-03148271;lirmm-03148271;Only in file1
https://digital-strategy.ec.europa.eu/en/policies/digital-services-act-package;hal-04129915;Only in file1
https://gitlab.inria.fr/hayats/connor;hal-03866075;Only in file1
https://doi.org/10.1145/3274670;hal-01478788;Only in file1
https://w3.org/tr/2014;hal-03807744;Only in file1
https://inria.hal.science/hal-04106420;hal-04106420;Only in file1
https://hal-lirmm.ccsd.cnrs.fr/lirmm-02945170;lirmm-02945170;Only in file1
https://doi.org/10.1186/s12862-017-1014-z;hal-03871553;Only in file1
https://di.unito.it/~tutreeb/sentipolc-evalita16/index.html;hal-02972184;Only in file1
https://hal.science/hal-03314797;hal-03314797;Only in file1
https://creativecommons.org/licenses/by/4.0;hal-03602177;Only in file1
https://fwf.ac.at/en/research-funding/open-access-policy/research-data-management;hal-02483307;Only in file1
https://link.springer.com/10.1007/s10681-018-2226-z;hal-03329674;Only in file1
https://oaei.ontologymatching.org;hal-04346839;Only in file1
https://doi.org/10.1145/3557992.3565994;hal-03913497;Only in file1
https://chameleoncloud.org/blog/2023/02/20/sc-the-largest-;hal-04157720;Only in file1
https://inria.hal.science/hal-03320929;hal-03320929;Only in file1
https://hal.science/hal-03292140;hal-03292140;Only in file1
https://hal.umontpellier.fr/hal-02273257;hal-02273257;Only in file1
https://openknowledge.worldbank.org/bitstream/handle/10986/7441/344100paper0me101official0use0only1;hal-03140409;Only in file1
https://doi.org/10.1007/978-3-319-;hal-03641389;Only in file1
https://aclanthology.org/2021.naacl-main.187;hal-04344975;Only in file1
https://github.com/tdwg/pliniancore;hal-04198414;Only in file1
https://doi.org/10;hal-01673025;Only in file1
https://inria.hal.science/hal-03474556v2;hal-03474556;Only in file1
https://researchgate.net/publication/279530172_atlas_des_poissons_d'eau_douce_de;hal-03228509;Only in file1
https://github.com/wimmics/corese;hal-02289497;Only in file1
https://github.com/aliutkus/swf;hal-02191302;Only in file1
https://github.com/micbuffa/wasabidataset;hal-03133188;Only in file1
https://sparontologies.github.io/fabio/current/fabio.html;hal-03230741;Only in file1
https://doi.org/10.1145/3375395.3387666;hal-03127717;Only in file1
https://doi.org/10.1016/0165-0114(93)90194-m;hal-03913497;Only in file1
https://inria.hal.science/hal-02269576;hal-02269576;Only in file1
https://hal.archives-ouvertes;hal-04125922;Only in file1
https://arxiv.org/abs;hal-03381732;Only in file1
https://acm.org/binaries/content;hal-03189474;Only in file1
https://dx.doi.org/10.1093;hal-04125922;Only in file1
https://ceur-ws.org/vol-2489/paper5.pdf;hal-04201661;Only in file1
https://w3.org/tr/owl2-overview;lirmm-04272014;Only in file1
https://dx.doi.org;hal-02571170;Only in file1
https://w3.org/tr/2018/rec-websub-20180123;hal-02289497;Only in file1
https://arxiv;hal-02483307;Only in file1
https://wimmics.github.io/voidmatic;hal-04171196;Only in file1
https://inria.hal.science/hal-03059482;hal-03059482;Only in file1
https://dx.doi.org/10.1137/1.9781611972740.43;hal-02435371;Only in file1
https://hal.science/hal-02190793;hal-02190793;Only in file1
https://developer.apple.com;hal-02406503;Only in file1
https://lodib.wbsg.de;hal-02435371;Only in file1
https://guido.grame.fr;hal-03812972;Only in file1
https://w3.org/tr/shacl;hal-04201661;Only in file1
https://doi.org/10.1109/issnip.2007.4496859;hal-02273257;Only in file1
https://doi.org/10.1016/j.artint.2018.07;hal-03908363;Only in file1
https://doi.org/10.1017/s0269888920000132;hal-04351729;Only in file1
https://scansante.fr;hal-03326618;Only in file1
https://cs231n.github.io/transfer-learning;hal-02470280;Only in file1
https://hal.science/hal-02049763;hal-02049763;Only in file1
https://w3.org/rdf;hal-02100230;Only in file1
https://hal.archives-ouvertes.fr/hal-00908543;hal-03812106;Only in file1
https://doi.org/10.1016/j.biosystemseng.2020.05.010;hal-03347926;Only in file1
https://dx.doi.org/10.1145/3365871.3365901;hal-03960471;Only in file1
https://doi.org/10;hal-02492780;Only in file1
https://doi.org/10.3897/biss.5.73699;hal-03373536;Only in file1
https://doi.org/10.1073/pnas.2016239118;hal-03871553;Only in file1
https://doi.org/10.1016/s0304-0208(08)73072-x;hal-03536045;Only in file1
https://inria.hal.science/hal-04311401;hal-04311401;Only in file1
https://openenclave.io/sdk;hal-03580286;Only in file1
https://doi.org/10.1109/lcomm.2018.2872980;hal-03266462;Only in file1
https://pycrop2ml.readthedocs.io;hal-02962262;Only in file1
https://inria.hal.science/hal-03087768;hal-03087768;Only in file1
https://doi.org/10.1093/jas/skz320;hal-03347926;Only in file1
https://hal.science/hal-03369206;hal-03369206;Only in file1
https://support.google.com/youtubekids;hal-04311598;Only in file1
https://bio-;hal-03657095;Only in file1
https://dl.acm.org/doi/abs;hal-04358408;Only in file1
https://accumulo.apache.org;hal-02070827;Only in file1
https://fasttext.cc/docs/en/english-vectors.html;hal-02972184;Only in file1
https://wisdom.weizmann.ac.il/~oded/cc-book.html;hal-04377324;Only in file1
https://hal.inria.fr/hal-03812948;hal-04233343;Only in file1
https://github.com/wimmics/d2kab/tree/main/meteo/lifting-dataset;hal-03619869;Only in file1
https://hal.science/hal-02265061;hal-02265061;Only in file1
https://cs.cornell.edu/people/pabo/movie-review-data;hal-03133223;Only in file1
https://agroportal.lirmm.fr/ontologies/po2;hal-04115029;Only in file1
https://kvraudio.com;hal-03951799;Only in file1
https://mpi-inf.mpg.de/departments/databases-and-information-systems;hal-03150441;Only in file1
https://hal-lirmm.ccsd.cnrs.fr/lirmm-03639381;lirmm-03639381;Only in file1
https://inria.hal.science/hal-02096764;hal-02096764;Only in file1
https://alexandria.unisg;hal-03135088;Only in file1
https://aaai.org/library/kr/2008/kr08-028;hal-03934420;Only in file1
https://researchers.lille.inria.fr/niehren/complementary-;hal-03134596;Only in file1
https://agroportal;hal-04289970;Only in file1
https://doi.org/10.57745;hal-04043460;Only in file1
https://d2rq;hal-04201661;Only in file1
https://github.com/wimmics/covidontheweb;hal-03404580;Only in file1
https://aclweb.org/anthology/2020.acl-;hal-03518717;Only in file1
https://doi.org/10.5281/ze-;hal-02910844;Only in file1
https://dx.doi.org/10.1145/1124772.1124959;hal-03657095;Only in file1
https://www2.stat.duke.edu/~scs/courses;hal-03356951;Only in file1
https://github.com/omarfoq/fedem;hal-03406994;Only in file1
https://github.com/rdnetwork/safe-lod-anonymizer;hal-02444752;Only in file1
https://doi.org/10.1142;hal-03934389;Only in file1
https://ontology.irstea.fr/bsv/sparql;hal-03404125;Only in file1
https://camembert-model.fr;hal-02860659;Only in file1
https://osr-cesbio.ups-tlse.fr/~oso/posts/2017-03-30-carte-s2-2016;hal-03353487;Only in file1
https://jasonsigal.cc/portfolio/olos;hal-03087778;Only in file1
https://oaei;hal-02348004;Only in file1
https://inria.hal.science/hal-01945345;hal-01945345;Only in file1
https://doi.org/10.1016/j.is.2020.101604;hal-03934340;Only in file1
https://tpc.org;hal-03474955;Only in file1
https://hal.science/hal-02381093;hal-02381093;Only in file1
https://arxiv.org/abs;hal-02406503;Only in file1
https://voiceprivacychallenge.org;hal-03332224;Only in file1
https://arxiv.org/abs/1711.00399;hal-03908363;Only in file1
https://microsoft.com;hal-02406503;Only in file1
https://doi.org/10.1038/ng.3841;hal-03100032;Only in file1
https://example.org;hal-03135088;Only in file1
https://github.com/wimmics/covidontheweb/tree/master/src/acta;hal-03230741;Only in file1
https://inria.hal.science/hal-03384058v2;hal-03384058;Only in file1
https://mashable.com/article;hal-03916393;Only in file1
https://arxiv.org/abs/1812.02858;hal-02406503;Only in file1
https://nytimes.com/interactive;hal-02057980;Only in file1
https://query.wikidata.org;hal-03516360;Only in file1
https://inria.hal.science/hal-04152998;hal-04152998;Only in file1
https://w3.org/tr/2013/rec-sparql11-service-description-;hal-04171196;Only in file1
https://ps.uni-sb.de/papers/abstracts/stepwise.html;hal-02532706;Only in file1
https://lod.sztaki.hu/sparql;hal-03301330;Only in file1
https://maths.gla.ac.uk/~cc/pdf/leinster2011.pdf;hal-03905183;Only in file1
https://doi.org/10.1016/j.engappai.2022.104755;hal-04201661;Only in file1
https://unesdoc.unesco.org/ark:;hal-03658842;Only in file1
https://eur-lex.europa.eu;hal-02269222;Only in file1
https://github.com/vanes11/flashfill_quickfill_mixte;hal-03717860;Only in file1
https://inria.hal.science/hal-03916393;hal-03916393;Only in file1
https://neherbaria;hal-02137748;Only in file1
https://blog.paul.cx/post/audio-video-synchronization-;hal-04335612;Only in file1
https://media.education.gouv.fr/ﬁle/46/7/5467.pdf;hal-02571170;Only in file1
https://startpage;hal-04228304;Only in file1
https://osr-cesbio.ups-tlse.fr/~oso/posts/2017-03-30-carte-s2-2016;hal-02989077;Only in file1
https://lpdaac.usgs.gov/products/srtmgl1v003;hal-03695760;Only in file1
https://ceur-ws.org/vol-89/broekstra-et-al.pdf;hal-02051413;Only in file1
https://doi.acm.org/10.1145/2845080;hal-03329908;Only in file1
https://dx.doi.org/10.1145;hal-02532706;Only in file1
https://arxiv.org/abs/1812.09519;hal-03940590;Only in file1
https://facebook.com;hal-04129915;Only in file1
https://w3.org/tr/2013;hal-02096714;Only in file1
https://eur-lex.europa.eu;hal-02269216;Only in file1
https://github.com;hal-02406503;Only in file1
https://ceur-ws.orgissn;hal-03936512;Only in file1
https://hal.science/hal-01999453;hal-01999453;Only in file1
https://usenix.org/conference;hal-02406503;Only in file1
https://hal.archives-ouvertes;hal-03812106;Only in file1
https://doi.org/10.1016/j.is.2021;hal-03886320;Only in file1
https://doi.org/10.1145/3460210.3493557;hal-03402766;Only in file1
https://inria.hal.science/hal-02195539;hal-02195539;Only in file1
https://inria.hal.science/hal-01478788v2;hal-01478788;Only in file1
https://doi.org/10.4230;lirmm-04305787;Only in file1
https://doi.org/10.1016/j.biombioe.2012.09;hal-02228974;Only in file1
https://cnil.fr/fr/la-cnil-publie-son-deuxieme-avis-;hal-03189474;Only in file1
https://db.uwaterloo;hal-02530206;Only in file1
https://w3.org/designissues;hal-02748219;Only in file1
https://team.inria.fr/cedar/projects/abstra/pathways;hal-04103293;Only in file1
https://old.datahub.io/dataset/nobelprizes;hal-02152844;Only in file1
https://hal-lirmm.ccsd.cnrs.fr/lirmm-04173545;lirmm-04173545;Only in file1
https://doi.ieeecomputersociety.org/10.1109/icalt;hal-02571170;Only in file1
https://github.com/tkipf/gcn;hal-03100039;Only in file1
https://proquest.com/scholarly-journals/improving-retention-among-;hal-04132566;Only in file1
https://doi.org/10.1109/isvlsi.2006.18;lirmm-03822964;Only in file1
https://doi.org/10.1177/1461444810365297;emse-02070625;Only in file1
https://hal.science/hal-02571170;hal-02571170;Only in file1
https://doi.org/10.1007/s00778-021-00704-2;hal-04031744;Only in file1
https://plantnet.org/en/2021/03/30/a-;hal-03965684;Only in file1
https://doi.acm.org/10.1145/1023720.1023737;hal-03266462;Only in file1
https://lpdaac.usgs.gov/products/srtmgl1v003;hal-03693593;Only in file1
https://hal.inria.fr/hal-03084029;hal-03807744;Only in file1
https://tinyurl.com/yyen526u​;hal-02145478;Only in file1
https://data.world/blog/understanding-null-values-;hal-03934346;Only in file1
https://gate.d5.mpi-inf.mpg.de/webyago3spotlx/svgbrowser;hal-02468778;Only in file1
https://doi.org/10.1162/dint_r_00024;hal-02483307;Only in file1
https://hal.archives-ouvertes.fr/hal-01591145;hal-03699447;Only in file1
https://w3.org/tr/2012/rec-xmlschema11-1-20120405;hal-03189192;Only in file1
https://hal.science/hal-02639237;hal-02639237;Only in file1
https://doi.org/10.1016/j.chb.2018.12.004;hal-03084671;Only in file1
https://zoomathia.com/annotation;hal-04156996;Only in file1
https://mdpi.com/2313-433x/8/8/224;hal-04262826;Only in file1
https://github.com/ihtsdo/snomed-owl-toolkit;hal-04366893;Only in file1
https://doi.org/10.1093/wber;hal-04411802;Only in file1
https://doi.org/10.1017;hal-02066041;Only in file1
https://doi.org/10.1007/s00224-;hal-03934389;Only in file1
https://en.wikipedia.org/wiki/virtual_studio_technology;hal-03951799;Only in file1
https://w3.org/designissues;hal-02984945;Only in file1
https://sabiod.org/nips4b;hal-03641389;Only in file1
https://csie.ntu.edu.tw/~cjlin/libsvm;hal-02049763;Only in file1
https://data;hal-02898931;Only in file1
https://doi.org/10.4230/lipics.mfcs;hal-03516360;Only in file1
https://frontiersin.org/articles/10.3389/fpls;hal-03329674;Only in file1
https://doi.org/10.1145;hal-04205128;Only in file1
https://doi.org/10.1145;lirmm-04305787;Only in file1
https://snap.stanford.edu/index.html;hal-03476795;Only in file1
https://prolific.co;hal-04129915;Only in file1
https://gitlab.inria.fr/tyrex/kegnn;hal-04041691;Only in file1
https://github.com/xuczhang/xuczhang.github;hal-03469487;Only in file1
https://doi.org/10.1145/359545;hal-04212814;Only in file1
https://hal.inrae.fr/hal-02980085;hal-02980085;Only in file1
https://doi.org/10.1145/1098918.1098937;hal-03135088;Only in file1
https://wam-examples.vidalmazuy.fr;hal-04335612;Only in file1
https://aclweb;hal-03256451;Only in file1
https://scikit-learn.org/stable;hal-02373429;Only in file1
https://doi.org/10.1109/cvpr.2016.308;hal-02470280;Only in file1
https://gitlab.com/pem360/pem360;hal-03710323;Only in file1
https://inria.hal.science/hal-03424974v3;hal-03424974;Only in file1
https://aima.cs.berkeley.edu;hal-04353543;Only in file1
https://ars-grin.gov;hal-02190170;Only in file1
https://hyperagents.org;hal-02196903;Only in file1
https://jade.tilab.com/documentation/tutorials-guides/configuring-;emse-02070625;Only in file1
https://doi.org/10.2200;hal-03320929;Only in file1
https://code.google.com/a;lirmm-01867717;Only in file1
https://hal-lirmm.ccsd.cnrs.fr/lirmm-03036910;lirmm-03036910;Only in file1
https://vldb.org;lirmm-04305787;Only in file1
https://github.com;hal-03474955;Only in file1
https://doi.org/10.1038/s41587-019-;hal-02483307;Only in file1
https://cbd.int;hal-02945382;Only in file1
https://hal.inria.fr/hal-01325900v6;hal-02530206;Only in file1
https://doi.acm.org/10.1145/1851182.1851192;hal-03266462;Only in file1
https://doi.org/10.1145;hal-02289497;Only in file1
https://idigbio.org;hal-02873670;Only in file1
https://inria.hal.science/hal-03347947;hal-03347947;Only in file1
https://opendatacommons.org/licenses/by/1.0;hal-02939363;Only in file1
https://doi.org/10;hal-02406503;Only in file1
https://ncbi.nlm.nih.gov/pmc/articles/pmc3041576;hal-03404580;Only in file1
https://www;hal-03812106;Only in file1
https://doi.org/10.1007/s002360050095;hal-03871500;Only in file1
https://hal.inria.fr/hal-01402575;hal-02435371;Only in file1
https://inria.hal.science/hal-03104144;hal-03104144;Only in file1
https://yummydata.org;hal-03301330;Only in file1
https://arxiv.org/abs/1910.10683;hal-03256451;Only in file1
https://project.inria.fr/fuchsia;hal-02970761;Only in file1
https://doi.org/10.1109/tdsc.2015.2484326;hal-02406503;Only in file1
https://hal.science/hal-02941076;hal-02941076;Only in file1
https://agroportal.lirmm.fr/ontologies/microfiltration;hal-03738973;Only in file1
https://mpi-;hal-01673025;Only in file1
https://uddi.org/pubs/uddi-v3.0.2-20041019.htm;hal-02060966;Only in file1
https://doc.ml.tu-;hal-03940446;Only in file1
https://libe.fr/balkany;hal-03945733;Only in file1
https://doi.org/10.1006/jtbi;hal-02228974;Only in file1
https://tel.archives-;hal-03517826;Only in file1
https://storage.googleapis.com/books;hal-02381152;Only in file1
https://doi.org/10.1371/journal.pcbi.1008856.g002;hal-03220977;Only in file1
https://semanticscience.org/resource/cheminf;hal-03301330;Only in file1
https://hal.inria;hal-02532706;Only in file1
https://hal.science/hal-04368386;hal-04368386;Only in file1
https://cambridge.org/core/journals/combinatorics-;hal-03356951;Only in file1
https://sake.re/20200623-dola;hal-03426130;Only in file1
https://doi.acm.org/10.1145/781027.781075;hal-03266462;Only in file1
https://hal.univ-cotedazur.fr/hal-02337828;hal-02337828;Only in file1
https://w3.org/tr/2014;hal-02066041;Only in file1
https://dx.doi.org/10.1145/2463676.2465296;hal-02435371;Only in file1
https://doi.org/10.1109/tkde;hal-03320929;Only in file1
https://journals.sagepub.com/doi/10.1255/jnirs.283;hal-03329674;Only in file1
https://github.com/iplug2;hal-03951799;Only in file1
https://project;hal-04152604;Only in file1
https://inria.hal.science/hal-04353543;hal-04353543;Only in file1
https://dx.doi.org/10.1109/4235.942529;hal-02100230;Only in file1
https://navigon.com;hal-03329908;Only in file1
https://doi.org/10.3390/su14074078;hal-03658842;Only in file1
https://vocab.org/frbr/core;hal-03889968;Only in file1
https://fcon_1000;lirmm-02973633;Only in file1
https://github.com/uffescience/scicumulus;hal-03418836;Only in file1
https://doi.org/10.1002/1098-;hal-03263469;Only in file1
https://doi.org/10.1145/3557990;hal-03913504;Only in file1
https://ijcai.org/proceedings/2018/0273.pdf;hal-03514297;Only in file1
https://doi.org;hal-04182535;Only in file1
https://hydra-cg.com/spec/latest/core;hal-02196903;Only in file1
https://hal.science/hal-03426549;hal-03426549;Only in file1
https://hal-lirmm.ccsd.cnrs.fr/lirmm-03468535;lirmm-03468535;Only in file1
https://resdac.org/cms-data;hal-03266004;Only in file1
https://gitlab.inria.fr/moex/lazylav;hal-03426130;Only in file1
https://inria.hal.science/hal-02371221;hal-02371221;Only in file1
https://doi.org/10.11588/ans.2015.100.20553;lirmm-02949807;Only in file1
https://doi.org/10.3390;hal-03871553;Only in file1
https://hal-lirmm.ccsd.cnrs.fr/lirmm-03443660;lirmm-03443660;Only in file1
https://inria.hal.science/hal-02145369v3;hal-02145369;Only in file1
https://github.com/joshuachang2311;hal-03256451;Only in file1
https://emphasis.plant-phenotyping.eu/emphasis_;hal-03686060;Only in file1
https://fews.net/ipc;hal-04411802;Only in file1
https://support.google.com/google-;hal-04228304;Only in file1
https://arxiv.org/abs/1904.08679;hal-04377324;Only in file1
https://doi.org/10.1007/s00366-;lirmm-02949807;Only in file1
https://iso.org/standard/77520.html;hal-03079818;Only in file1
https://hal.science/hal-03454121;hal-03454121;Only in file1
https://hal.inrae.fr/hal-02894994;hal-02894994;Only in file1
https://doi.org/10.5281/zenodo.1436634;hal-02962579;Only in file1
https://inria.hal.science/hal-04388912;hal-04388912;Only in file1
https://users.dimi.uniud.it/~massimo;hal-03536045;Only in file1
https://doi.org/10.1016/s1573-5214(03)80020-9;hal-02228974;Only in file1
https://hal.inrae.fr/hal-04386951;hal-04386951;Only in file1
https://github.com/oguzcennet;hal-03807530;Only in file1
https://doi.org/10.1038/nplants.2017.8;hal-02228974;Only in file1
https://w3c.github.io/rdf-star;hal-04201661;Only in file1
https://doi.org/10.5281/zenodo.7919848;hal-04201661;Only in file1
https://kunihirowasa.github.io/enum/problem_list;hal-03955911;Only in file1
https://oaei.ontologymatching.org/2022/results/knowledgegraph/index.html;hal-04351729;Only in file1
https://github.com/agroportal/fairness/blob/master/doc/results;hal-04372234;Only in file1
https://doi.org/10;hal-04234924;Only in file1
https://dx.doi.org/10.1145/2611567;hal-02066516;Only in file1
https://doi.org/10.1080/03650340;hal-02228974;Only in file1
https://sciencedirect.com/bookseries;hal-02984951;Only in file1
https://doi.org/10.1038/s41746-;hal-03160473;Only in file1
https://team.inria.fr/cedar/contentcheck;hal-02934277;Only in file1
https://github.com/wiseman/py-webrtcvad;lirmm-02010805;Only in file1
https://w3.org/tr/webaudio;hal-03812972;Only in file1
https://inria.hal.science/hal-03951799;hal-03951799;Only in file1
https://inria.hal.science/hal-02269216;hal-02269216;Only in file1
https://github.com/huggingface/transformers;hal-02879293;Only in file1
https://pippa.psb;hal-03686060;Only in file1
https://doi.org/10.1038/sdata.2018.118;hal-02483307;Only in file1
https://docs.ray.io/en/latest/index.html;hal-03310540;Only in file1
https://cs.ucr.edu/∼eamonn/time;lirmm-04225369;Only in file1
https://doi.org/10.2307/2347614;hal-02639237;Only in file1
https://linkeddata.org;hal-02319638;Only in file1
https://irsa;hal-03418836;Only in file1
https://proceedings.mlr.press/v70/shrikumar17a.html;hal-03741042;Only in file1
https://doi.acm.org/10.1145/3131944.3133941;hal-03266462;Only in file1
https://hal.sorbonne-universite.fr/hal-02297702;hal-02297702;Only in file1
https://doi.org/10.1007/s13593-013-0180-7;hal-02228974;Only in file1
https://github.com/daajoe/detkdecomp;hal-02096714;Only in file1
https://github.com/micbuffa/wasabidataset;hal-03748134;Only in file1
https://doi.org/10.1145/1148493.1148532;hal-03404580;Only in file1
https://inria.hal.science/hal-04138880;hal-04138880;Only in file1
https://hal.science/hal-02942947;hal-02942947;Only in file1
https://politico.eu/article;hal-03916393;Only in file1
https://om2022.ontologymatching.org;hal-04351729;Only in file1
https://hal.science/hal-03716868;hal-03716868;Only in file1
https://doi.org/10.1111/epi.13678;hal-03263469;Only in file1
https://openreview;hal-04353523;Only in file1
https://jmlr.org/papers/volume11/strumbelj10a/strumbelj10a.pdf;hal-04377324;Only in file1
https://dx.doi.org/10.1126/science.286.5439.509;hal-02435371;Only in file1
https://doi.org/10.1145;hal-04228304;Only in file1
https://inria.hal.science/hal-03717860;hal-03717860;Only in file1
https://tinyurl.com/yf3hrxvw;hal-03951799;Only in file1
https://web.cs.ucla.edu;hal-04377324;Only in file1
https://github.com/microsoft/biosbias;hal-03905094;Only in file1
https://project;hal-02166434;Only in file1
https://sentinel.esa.int/web/sentinel/missions/sentinel-2;hal-03693593;Only in file1
https://aclanthology.org/d11-1049;hal-04344975;Only in file1
https://w3.org/tr;hal-02435371;Only in file1
https://doi.org/10.1007/s00500-004-;hal-03871500;Only in file1
https://doi.org/10.1007/978-3-319-69131-2_15;hal-02984951;Only in file1
https://github.com/dig-team/amie;hal-04353543;Only in file1
https://inria.hal.science/hal-02935956;hal-02935956;Only in file1
https://arxiv.org/abs/2006.04768;hal-03256451;Only in file1
https://doi.org/10.1145/3375395.3387970;hal-03127726;Only in file1
https://loc.gov/standards/alto;hal-04138880;Only in file1
https://github.com/hadad-paper/hadad_sigmod2021;hal-03347677;Only in file1
https://dx.doi.org/10.4018/978-1-61350-053-8;hal-02435371;Only in file1
https://dx.doi.org/10.1145/1367497.1367591;hal-02435371;Only in file1
https://opencypher.org;hal-01673025;Only in file1
https://dx.doi.org/10.1016/0304-3975(93)90287-4;hal-02532706;Only in file1
https://dx.doi.org/10.1145/2723372.2746479;hal-02435371;Only in file1
https://doi;lirmm-04305787;Only in file1
https://sparql-micro-services.org/service/pubmed;hal-03889968;Only in file1
https://combinatorics.org/volume_11/abstracts/v11i1r87.html;hal-03098614;Only in file1
https://hal-lirmm.ccsd.cnrs.fr/lirmm-02531748;lirmm-02531748;Only in file1
https://dx.doi.org/10.1145/3018661.3018731;hal-02435371;Only in file1
https://ec.europa.eu/eip;hal-04008864;Only in file1
https://doi.org/10.1371/journal.pcbi.1008856.g006;hal-03220977;Only in file1
https://oaei.ontologymatching.org;hal-04366893;Only in file1
https://github.com/patrickzib;hal-03469487;Only in file1
https://hal.inrae.fr/hal-02873670;hal-02873670;Only in file1
https://redis.io;hal-03791175;Only in file1
https://inria.hal.science/hal-03516296;hal-03516296;Only in file1
https://hpc.uni.lu;hal-02194887;Only in file1
https://orcid.org/0000-0002-4935-4710;hal-03404580;Only in file1
https://doi.org/10.6084/m9.ﬁgshare.4986368.v8;hal-02348004;Only in file1
https://doi.org/10.1111/cgf.12930;lirmm-02949807;Only in file1
https://scratch.mit.edu;hal-03190617;Only in file1
https://hal-lirmm.ccsd.cnrs.fr/lirmm-03798483;lirmm-03798483;Only in file1
https://amturing.acm.org/award_winners/berners-;hal-03633526;Only in file1
https://doi.org/10.1145/3486622.3493921;hal-03430113;Only in file1
https://doi.org/10.1111/ejn;hal-03905184;Only in file1
https://laws.council.nyc.gov/legislation/int-1696-2017;hal-02066516;Only in file1
https://issa.i3s.unice.fr/sparql;hal-03807744;Only in file1
https://ns.inria.fr/covid19;hal-03230741;Only in file1
https://dx.doi.org/10.1016/j;hal-04351729;Only in file1
https://gbif.es/en;hal-04198414;Only in file1
https://qwone.com/˜jason/20newsgroups;hal-03100039;Only in file1
https://grid5000.fr;lirmm-01867717;Only in file1
https://pole-emploi.org/accueil/mot-;hal-03403125;Only in file1
https://doi.org/10;hal-03937274;Only in file1
https://raw.githubusercontent.com/emmo-repo/emmo/1.0.0-alpha2/emmo.owl;hal-04351729;Only in file1
https://hal.science/hal-03264761;hal-03264761;Only in file1
https://uts.nlm.nih.gov/uts/umls/semantic-network/root;hal-04353523;Only in file1
https://hal.inrae.fr/hal-04084880;hal-04084880;Only in file1
https://hl7.org/fhir/mapping-language;hal-03937274;Only in file1
https://inria.hal.science/hal-03536381;hal-03536381;Only in file1
https://doi.org/10.1016/0378-8741(82)90002-2;hal-03228509;Only in file1
https://www;hal-03140067;Only in file1
https://w3.org/tr/2020/rec-vocab-;hal-03946680;Only in file1
https://hal.science/hal-02902853v2;hal-02902853;Only in file1
https://doi.org/10.1109/mcg.2015.137;hal-03084671;Only in file1
https://arxiv.org/abs/1303.0966;hal-02269576;Only in file1
https://doi.org/10.5281/zenodo.3833753;hal-02939363;Only in file1
https://doi.org/10;hal-03332224;Only in file1
https://gitlab.inria.fr/rules/graal-v2;lirmm-03785968;Only in file1
https://doi.org/10.1073/pnas.1521540113;hal-03228509;Only in file1
https://doi.org/10.1007/s11104-;hal-02228974;Only in file1
https://usenix.org/conference;hal-03897397;Only in file1
https://premierinc.com/newsroom/education/premier-;hal-03066941;Only in file1
https://emscripten.org;hal-03812972;Only in file1
https://ec;hal-03189474;Only in file1
https://doi.org/10.5281;hal-02137748;Only in file1
https://marswiki.jrc.ec.europa.eu/wikicap/images/5;hal-03965684;Only in file1
https://imitates.gforge.inria.fr;lirmm-02265726;Only in file1
https://w3.org/tr;emse-04058783;Only in file1
https://hal-lirmm.ccsd.cnrs.fr/lirmm-02265726;lirmm-02265726;Only in file1
https://doi.org/10.1139/cjfr-2014-0562;hal-03220977;Only in file1
https://hal.science/hal-03329908;hal-03329908;Only in file1
https://hal.inrae.fr/hal-03711320;hal-03711320;Only in file1
https://hal.science/hal-03771424;hal-03771424;Only in file1
https://inria.hal.science/hal-03960471;hal-03960471;Only in file1
https://deepcode.ai;hal-03190617;Only in file1
https://pti.iu.edu/impact/data-sets/komadu.html;lirmm-02265932;Only in file1
https://inria.hal.science/hal-03103700v2;hal-03103700;Only in file1
https://dki-lab.github.io/grailqa;hal-04257838;Only in file1
https://w3.org/rdf;hal-02936253;Only in file1
https://hal.archives-ouvertes.fr/hal-02279942;hal-03384058;Only in file1
https://tensorflow.org/tensorboard/hyperparameter_tuning_with_hparams;lirmm-03443660;Only in file1
https://unspsc.org;hal-02996442;Only in file1
https://github.com/nadiaya2019/demokgviz-1/blob/main/wekg-mf-sparql-queries.ipynb;hal-04230234;Only in file1
https://help.duckduckgo.com/duckduckgo-help-;hal-04228304;Only in file1
https://doi.org/10.1136/practneurol-2019-002210;hal-03263469;Only in file1
https://ourworldindata.org/hunger-andundernour;hal-04411802;Only in file1
https://inria.hal.science/hal-04388974;hal-04388974;Only in file1
https://inria.hal.science/hal-04041691v3;hal-04041691;Only in file1
https://events.linkeddata.org/ldow2018/papers/ldow2018_paper_4;hal-02096714;Only in file1
https://ai2-semanticscholar-cord-19;hal-03230741;Only in file1
https://eur-lex.europa.eu;hal-01949641;Only in file1
https://ceur-ws.orgissn;lirmm-03785968;Only in file1
https://hal.science/hal-03098614;hal-03098614;Only in file1
https://hal.science/hal-04212112;hal-04212112;Only in file1
https://dwslab.github.io/melt/matcher-packaging/web;hal-04351729;Only in file1
https://doi.org/10.1109/tpds.2021.3068195;hal-03904200;Only in file1
https://tinyurl.com;hal-03996787;Only in file1
https://maxbannach.github.io/jdrasil;hal-03118422;Only in file1
https://jsbin.com/joyifojuva/edit;hal-03812106;Only in file1
https://hal-lirmm.ccsd.cnrs.fr/lirmm-01867717;lirmm-01867717;Only in file1
https://people.cs.umass.edu;hal-03356951;Only in file1
https://doi.org/10.1002/aps3.11369;hal-03871553;Only in file1
https://gforge.inria.fr/plugins;hal-02984951;Only in file1
https://facebook.com/ads/library;hal-04129915;Only in file1
https://github.com/aschein/pgds;hal-02883800;Only in file1
https://doi.org/10;hal-04157720;Only in file1
https://doi.org/10.1162/neco.1989.1.4;hal-04138880;Only in file1
https://fasttext.cc/docs/en/pretrained-vectors.html;hal-02348004;Only in file1
https://gitlab.com/shimorina/webnlg-dataset;hal-04257838;Only in file1
https://hal.science/hal-04129915;hal-04129915;Only in file1
https://inria.hal.science/hal-02269292;hal-02269292;Only in file1
https://hal.science/hal-04188896;hal-04188896;Only in file1
https://doi.org/10.1111/asj.12569;hal-03347926;Only in file1
https://support.google.com;hal-04228304;Only in file1
https://parliament.uk;hal-03189474;Only in file1
https://altair-;hal-02918344;Only in file1
https://npmjs.com/package;hal-04228304;Only in file1
https://doi.org/10.4000/communication.13490;hal-04293239;Only in file1
https://perma.cc/dp8v-5abt;hal-04234924;Only in file1
https://creep-project.eu;hal-03765860;Only in file1
https://doi.org/10.46298/lmcs-17(3:22)2021;hal-04377324;Only in file1
https://geoservices.ign.fr;hal-02945382;Only in file1
https://premierinc.com/newsroom/education/premier-healthcare-database-;hal-03160473;Only in file1
https://inria.hal.science/hal-01811835v4;hal-01811835;Only in file1
https://doi.org/10.5751/es-05035-170440;hal-02228974;Only in file1
https://github.com/yatingmusic;hal-03256451;Only in file1
https://doi.org/10.1109/glocom.2016.7841733;hal-03266462;Only in file1
https://hal-lirmm.ccsd.cnrs.fr/lirmm-02386429;lirmm-02386429;Only in file1
https://ec.europa.eu/research/participants/data/ref;hal-02483307;Only in file1
https://w3.org/tr/2014/rec-vocab-data-cube-20140116;hal-03619869;Only in file1
https://cassandra.apache.org;hal-03189130;Only in file1
https://aaai.org/ojs/index.php/aimagazine/article/view/2704;hal-02277678;Only in file1
https://inria.hal.science/hal-03414756;hal-03414756;Only in file1
https://wasabi.i3s.unice.fr;hal-03295581;Only in file1
https://doi.org/10.1016/0005-1098(83)90046-8;hal-04205128;Only in file1
https://hatemeter.eu;hal-02972184;Only in file1
https://inria.hal.science/hal-03104155;hal-03104155;Only in file1
https://hal.science/hal-02939363;hal-02939363;Only in file1
https://doi.org/10;hal-03897397;Only in file1
https://ojs.aaai.org/index.php/aaai/article/view/16879;hal-04344975;Only in file1
https://openlinksw.com;hal-03118422;Only in file1
https://doi.org/10.1046/j;hal-02228974;Only in file1
https://arxiv.org/abs/1607.00653;hal-02915414;Only in file1
https://doi.org/10.3233/sw-;hal-03905184;Only in file1
https://w3.org/tr/2013;hal-03118422;Only in file1
https://classiques.uqac.ca/contemporains/chapuis_jean/personne_wayana_entre_sang_et_ciel/p;hal-03228509;Only in file1
https://w3.org;hal-04110779;Only in file1
https://hal.umontpellier.fr/hal-03150701;hal-03150701;Only in file1
https://ceur-ws.orgissn;hal-04351729;Only in file1
https://sciencedirect.com/bookseries/pure-and-applied-mathematics/vol/59/part/pb;hal-03114304;Only in file1
https://github.com/pierpaologoffredo/disputool2.0/tree/main;hal-04349796;Only in file1
https://ﬁco.com/en/products/ﬁco-xpress-;hal-02319521;Only in file1
https://hal.inrae.fr/hal-03338823;hal-03338823;Only in file1
https://hal.umontpellier.fr/hal-02281455;hal-04204378;Only in file1
https://github.com/thealgorithms/c;hal-04148587;Only in file1
https://doi.org/10.1007/s00778-017-0486-1;hal-02483307;Only in file1
https://doi.org/10.1109/tlt.2017.2720670;hal-03084671;Only in file1
https://doi.org/10.1111/ele;hal-03871553;Only in file1
https://imageclef.org;hal-04204378;Only in file1
https://w3.org;hal-04201661;Only in file1
https://inria.hal.science/hal-02376981;hal-02376981;Only in file1
https://inria.hal.science/hal-01949641;hal-01949641;Only in file1
https://doi;hal-02639237;Only in file1
https://w3.org/tr/owl-features;hal-02435371;Only in file1
https://portal.idigbio.org/portal/search;hal-02980085;Only in file1
https://community.fico;hal-03381732;Only in file1
https://github;hal-03454183;Only in file1
https://inf.ed;hal-03356951;Only in file1
https://cpntools.org;hal-02387680;Only in file1
https://project.inria.fr/espdms/games/1/1(cid:5;hal-03580286;Only in file1
https://inria.hal.science/hal-02927913;hal-02927913;Only in file1
https://arcep.fr/la-regulation/grands-dossiers-thematiques-transverses/lempreinte-environnementale-du-;hal-03833620;Only in file1
https://dx.doi.org/10.1186/2041-1480-5-32;hal-02435371;Only in file1
https://mdpi.com/article;hal-03454183;Only in file1
https://kaggle;hal-03320929;Only in file1
https://hal-lirmm.ccsd.cnrs.fr/lirmm-03799097;lirmm-03799097;Only in file1
https://catalog.ldc.upenn.edu/ldc2007s10;hal-02166422;Only in file1
https://doi.org/10.1016/0301-6226(85;hal-03315102;Only in file1
https://archive.org/web;hal-04152998;Only in file1
https://cloud.google.com/automl;lirmm-02969506;Only in file1
https://qz.com/1751030;hal-03916393;Only in file1
https://github.com/wimmics/corese;hal-03135088;Only in file1
https://github.com/mlesnoff/rnirs;hal-02899789;Only in file1
https://arxiv.org/abs/1711.01134;hal-03741042;Only in file1
https://github.com/google-research;hal-03256451;Only in file1
https://hal.science/hal-02190788;hal-02190788;Only in file1
"https://identifiers.org/go/go:0006470""";hal-04125922;Only in file1
https://flink.apache.org;lirmm-03359490;Only in file1
https://github.com/antoinegauquier/inferring_;hal-04138880;Only in file1
https://hal.science/hal-03502001;hal-03502001;Only in file1
https://proceedings.neurips.cc/paper/2017/file;hal-04068708;Only in file1
https://doi.org/10.1007/978-3-642-;hal-02532706;Only in file1
https://web.archive.org/web/20210302021149/https://labs;hal-03301330;Only in file1
https://github.com/jacomyal/sigma.js;hal-04353523;Only in file1
https://hal.science/hal-02143747;hal-02143747;Only in file1
https://data-issa.cirad.fr/issa-agritrop;hal-03807744;Only in file1
https://taxref.mnhn.fr/sparql;hal-04289970;Only in file1
https://hal.science/hal-03905184;hal-03905184;Only in file1
https://openai.com/blog/chatgpt;hal-04262826;Only in file1
https://inria.hal.science/hal-02942997;hal-02942997;Only in file1
https://proceedings.neurips.cc/paper/2019;hal-03897397;Only in file1
https://doi.org/10.1186/2041-;hal-03905184;Only in file1
https://doi.org/10.1016/0301-6226(89)90091-2;hal-03347926;Only in file1
https://inria.hal.science/hal-03905917;hal-03905917;Only in file1
https://inria.hal.science/hal-04031744;hal-04031744;Only in file1
https://youtu.be/iutzzma-7fi;hal-02289497;Only in file1
https://spiegel.de/wissenschaft/mensch/rezo-video-die-politik-lullt-ein-und-die-;hal-03189474;Only in file1
https://pytorch.org/vision/stable/models.html;lirmm-03793595;Only in file1
https://tpc.org/tpch;hal-03474955;Only in file1
https://doi.org/10.1016/j.dam.2008.08.021;hal-03527888;Only in file1
https://aemet.linkeddata.es/sparql;hal-03619869;Only in file1
https://archive.ics.uci.edu/ml/index.php;lirmm-03036868;Only in file1
https://doi.org/10.1214/15-;hal-03220977;Only in file1
https://entrepot.recherche.data.gouv.fr/dataset.xhtml;hal-04351729;Only in file1
https://creativecommons.org/licenses/by/4.0;hal-04386951;Only in file1
https://doi.org/10.3390/ijerph8093514;hal-03347926;Only in file1
https://gforge.inria.fr/moex/lazylav;hal-03905182;Only in file1
https://calculus-project.eu;hal-04411802;Only in file1
https://doi.org/10.1145;hal-01673025;Only in file1
https://doi.org/10.1016/j.tvjl.2016.09.005;hal-03347926;Only in file1
https://orcid.org/0000-0003-2046-;hal-03965684;Only in file1
https://arxiv.org/abs/1902.01046;hal-02406503;Only in file1
https://time.com/5387560;hal-03916393;Only in file1
https://github.com;hal-03419236;Only in file1
https://inria.hal.science/hal-03127717;hal-03127717;Only in file1
https://tel.archives-ouvertes.fr/tel-02276423;hal-03536045;Only in file1
https://doi.org/10.1093;hal-02228974;Only in file1
https://inria.hal.science/hal-03854573;hal-03854573;Only in file1
https://hdl.handle.net/2318/1685680;hal-02196903;Only in file1
https://yann;hal-03905085;Only in file1
https://hal-lirmm.ccsd.cnrs.fr/lirmm-03443548;lirmm-03443548;Only in file1
https://doi;hal-04075393;Only in file1
https://legifrance.gouv.fr/loda/id;hal-04311598;Only in file1
https://usdb.animux.de;hal-03812106;Only in file1
https://doi.org/10.1109;hal-04075393;Only in file1
https://github.com/stacks;hal-04282533;Only in file1
https://arxiv;hal-04377324;Only in file1
https://cisco.com/c/en/us/solutions/collateral/service-;hal-03266462;Only in file1
https://doi.org/10.1109/tkde.2017;hal-03320929;Only in file1
https://pebbie.org/mashup/rml;hal-03516713;Only in file1
https://bibliontology.com/specification.html;hal-03807744;Only in file1
https://inria.hal.science/hal-03189474;hal-03189474;Only in file1
https://fairmlbook.org;hal-02406503;Only in file1
https://github;hal-03770516;Only in file1
https://doi.org/10.1016/0304-3975(82;hal-01673025;Only in file1
https://hal.science/hal-03834320;hal-03834320;Only in file1
https://team.inria.fr/cedar/projects/abstra;hal-03774599;Only in file1
https://hal.science/hal-02933190;hal-02933190;Only in file1
https://podmr.github.io/darql;hal-02096714;Only in file1
https://sabiod.telemeta.org;hal-02873670;Only in file1
https://github.com/monarch-initiative/omim;hal-04366893;Only in file1
https://eprint.iacr.org/2019;hal-02406503;Only in file1
https://exmo.inria.fr/files;hal-03905183;Only in file1
https://doi.org/https://doi.org/10.1016/0022-5193(73)90247-6;hal-04125922;Only in file1
https://w3.org/tr/turtle;hal-03933868;Only in file1
https://hal.inria.fr/hal-03812948;hal-04335612;Only in file1
https://doi;hal-03517826;Only in file1
https://sabiod.org/nips4b;hal-02945382;Only in file1
https://inria.hal.science/hal-01941862;hal-01941862;Only in file1
https://doi.org/10.1109/kse;hal-04014977;Only in file1
https://w3id.org/eve;hal-03135088;Only in file1
https://hal.science/hal-03190032;hal-03190032;Only in file1
https://old.datahub.io/dataset/data-incubator-;hal-03320929;Only in file1
https://en.wikipedia.org/wiki/entity_linking;hal-02571170;Only in file1
https://doi.org/10.1161/circulationaha.110.976613;hal-03100032;Only in file1
https://doi.org/10.1111/j.1365-2745.2010.01709.x;hal-02228974;Only in file1
https://identify.plantnet.org/partners/lucas-;hal-03965684;Only in file1
https://creativecommons.org;hal-02483307;Only in file1
https://github;hal-04201661;Only in file1
https://mon-entreprise.fr/voiture/berline-n3;hal-02748219;Only in file1
https://aaai.org/ocs;hal-04353543;Only in file1
https://vldb.org/pvldb/vol15/p414-;hal-03897397;Only in file1
https://inria.hal.science/hal-03536045v2;hal-03536045;Only in file1
https://inria.hal.science/hal-02166432v2;hal-02166432;Only in file1
https://mdpi.com/2413-8851/3/3/100/s1;hal-02319539;Only in file1
https://gitlab.inria.fr/cedar/connectionlens;hal-03945733;Only in file1
https://inria.hal.science/hal-03905091v2;hal-03905091;Only in file1
https://doi.org/10.1109/icde.2019.00038;hal-03886320;Only in file1
https://doi.org/10.48550/arxiv.2111;hal-03769993;Only in file1
https://hal.science/hal-03551329;hal-03551329;Only in file1
https://doi.org/10.1162/artl.1993.1.1_2.135;emse-04058783;Only in file1
https://commonsensemedia.org/sites/default/files;hal-04311598;Only in file1
https://project.inria.fr/corese;hal-03502001;Only in file1
https://arxiv.org/abs/1903.10635;hal-02406503;Only in file1
https://arxiv.org/abs/1412.6980;hal-04041691;Only in file1
https://inria.hal.science/hal-03925147;hal-03925147;Only in file1
https://doi.org/10.1016/j.scitotenv.2017.11.296;hal-02228974;Only in file1
https://docker.com;hal-02060966;Only in file1
https://tagesschau.de/inland;hal-03189474;Only in file1
https://industrialontologies.org/working-groups/the-material-science-and-engineering-mse-working-group-wg;hal-04366893;Only in file1
https://developer.arm.com/ip-products;hal-02406503;Only in file1
https://wifo5-03.informatik.uni-mannheim.de/bizer/berlinsparqlbenchmark;hal-02435371;Only in file1
https://w3.org/tr/prov-o;hal-04358408;Only in file1
https://doi.org/10.5281/zenodo.3922069;hal-02483307;Only in file1
https://doi.org//10.1016/0304-3800(95)00142-5;hal-03167637;Only in file1
https://hal.science/hal-03381732;hal-03381732;Only in file1
https://homepages.inf.ed.ac.uk/libkin/papers;hal-03356951;Only in file1
https://biopax.org/release/biopax-level2.owl;hal-02084977;Only in file1
https://doi.org;hal-03220977;Only in file1
https://ietf.org/rfc/rfc3987.txt;hal-02936253;Only in file1
https://w3id.org/rml/cc;hal-04201661;Only in file1
https://orcid.org/0000-0001-5959-5561;hal-03404572;Only in file1
https://ijcai.org/abstract/16;hal-04344975;Only in file1
https://doi.org/10.2307;hal-02639237;Only in file1
https://ckan.org/about/instances;hal-02060966;Only in file1
https://vldb.org/conf/2007/papers/research/p1033-shen.pdf;hal-03104155;Only in file1
https://hal.science/hal-03138759;hal-03138759;Only in file1
https://movella.com/products/motion-capture/xsens-mvn-awinda;hal-04102737;Only in file1
https://oeg-dataintegration.github.io/kgc-tutorial-2020;hal-04201661;Only in file1
https://ns.inria.fr/acta;hal-02275997;Only in file1
https://chowlk.linkeddata.es/notation;hal-04289970;Only in file1
https://github.com/interactions-hsg/yggdrasil/tree/iot2019;hal-02289497;Only in file1
https://orpha.net/consor/cgi-bin/index.php;hal-04002207;Only in file1
https://doi.org/10.1007/s10472-012-9288-8;hal-03801032;Only in file1
https://w3.org/standards/semanticweb;hal-02936253;Only in file1
https://hal.science/hal-03474955;hal-03474955;Only in file1
https://aaai.org;hal-03426142;Only in file1
https://proceedings.mlr.press/v108/zantedeschi20a.html;hal-03406994;Only in file1
https://doi.org/10.1016/0022-;hal-03527888;Only in file1
https://ebird.org;hal-02639237;Only in file1
https://doi.org/10.1016/s0304-3800(00)00431-2;hal-02228974;Only in file1
https://github.com/nicolas-hbt/benchmark-sematk;hal-04344975;Only in file1
https://hal-lirmm.ccsd.cnrs.fr/lirmm-02148142;lirmm-02148142;Only in file1
https://huggingface.co/bert-base-multilingual-uncased;hal-04315527;Only in file1
https://inria.hal.science/hal-03908363;hal-03908363;Only in file1
https://hal.science/hal-02269203;hal-02269203;Only in file1
https://github.com/kermitt2/entity-fishing;hal-03969275;Only in file1
https://doi.org/10.1145/2506182.2506198;hal-03404580;Only in file1
https://emas2018.dibris;hal-02289497;Only in file1
https://yago-knowledge.org/downloads/yago-4;hal-03516436;Only in file1
https://quae.com/en/r1291-;hal-03231805;Only in file1
https://dataviz.i3s.unice.fr/arviz/issa;hal-03807744;Only in file1
https://hal.inria.fr/hal-01843967;hal-03189474;Only in file1
https://doi.org/10.5281/zenodo.7919845;hal-04201661;Only in file1
https://dx.doi.org/10.1002/cpe.3449;hal-02571170;Only in file1
https://doi:;hal-03228509;Only in file1
https://w3.org/ns/dcat;hal-04372234;Only in file1
https://hal.science/hal-04131977;hal-04131977;Only in file1
https://doi.org;hal-03384058;Only in file1
https://oaei.ontologymatching.org/2022/results/knowledgegraph/knowledgegraph-alignments.zip;hal-04351729;Only in file1
https://hal.science/hal-04205128;hal-04205128;Only in file1
https://w3.org/tr/wot-thing-description11;hal-04358408;Only in file1
https://inria.hal.science/hal-03925653;hal-03925653;Only in file1
https://chrisbotella.shinyapps.io/plectranthus_;hal-03771760;Only in file1
https://nadiaya2019.github.io/demokgviz-1;hal-04230234;Only in file1
https://wiki;hal-01978784;Only in file1
https://data.gouv.fr/datasets/54de1e8fc751df388646738b;hal-03326618;Only in file1
https://inria.hal.science/hal-03231805;hal-03231805;Only in file1
https://arxiv.org/abs/1404.4442;hal-03940590;Only in file1
https://gitlab.inria.fr/nabbas/lksa;hal-03512110;Only in file1
https://hal.science/hal-04278771;hal-04278771;Only in file1
https://doi.org/10.1016/s0022-;lirmm-04320944;Only in file1
https://doi.acm.org/10.1145/3360598;hal-02950994;Only in file1
https://dx.doi.org/10.1145/3292522.3329406;hal-03960471;Only in file1
https://spark.apache.org;lirmm-03359490;Only in file1
https://bitbucket.org/rdfminer/classdisjointnessaxioms/src/master/results/goldstandard.csv;hal-02319638;Only in file1
https://inria.hal.science/hal-02446427;hal-02446427;Only in file1
https://inria.hal.science/hal-03714465v3;hal-03714465;Only in file1
https://graphgen.graphaware.com;hal-02435371;Only in file1
https://w3.org/tr/2013/rec-sparql11-overview-20130321;hal-04386268;Only in file1
https://hal.archives-ouvertes.fr/tel-03081054;hal-03296233;Only in file1
https://doi.org/10.1145/2047296;hal-03913497;Only in file1
https://loicpauleve;hal-03384058;Only in file1
https://hal.science/hal-02879286;hal-02879286;Only in file1
https://ec.europa.eu/esco/portal/home;hal-02348004;Only in file1
https://hal.inrae.fr/hal-04320566;hal-04320566;Only in file1
https://microsoft;hal-03692175;Only in file1
https://doi.org;hal-03905085;Only in file1
https://doi.org/10.1145;hal-03934346;Only in file1
https://w3.org/1999/02/22\-rdf-syntax-ns\;hal-02936193;Only in file1
https://proceedings.neurips.cc/paper/2017/file;hal-03518717;Only in file1
https://webapi-discovery.github.io/rfcs;hal-02060966;Only in file1
https://ceur-ws;hal-04353523;Only in file1
https://mon-entreprise.fr/voiture/estconducteurde;hal-02748219;Only in file1
https://arxiv.org/abs/1905.09786;hal-03256451;Only in file1
https://neo4j.com;hal-02435371;Only in file1
https://conﬂuence.pegasus.isi.edu/display/pegasus;hal-03418836;Only in file1
https://dx.doi.org/10.1016/0304-3975(94)00188-o;hal-01176763;Only in file1
https://pgmusic.com;hal-03256451;Only in file1
https://doi.org/10.1109;hal-03871553;Only in file1
https://inria.hal.science/hal-03139460;hal-03139460;Only in file1
https://ns.inria.fr/munc;hal-02167174;Only in file1
https://hal.science/hal-02883800v3;hal-02883800;Only in file1
https://spotseven.de/gecco-challenge/gecco-challenge-2018;lirmm-03852429;Only in file1
https://orcid.org/0000-0001-9479-;hal-03965684;Only in file1
https://hal.science/hal-02378887;hal-02378887;Only in file1
https://vldb.org/pvldb/vol9;hal-03514297;Only in file1
https://doi.org/10.1145/3377391.3377393;hal-03801032;Only in file1
https://doi.acm.org/10.1145/1101149;hal-03812106;Only in file1
https://almond.sh;hal-03517826;Only in file1
https://bit.ly/2kl36wb;hal-02936253;Only in file1
https://team.inria.fr/zenith/hpdasc;lirmm-03799097;Only in file1
https://hal-lirmm.ccsd.cnrs.fr/lirmm-03805997;lirmm-03805997;Only in file1
https://hal-lirmm.ccsd.cnrs.fr/lirmm-03452170;lirmm-03452170;Only in file1
https://github.com/materialdigital/core-ontology;hal-04366893;Only in file1
https://inria.hal.science/hal-03741042;hal-03741042;Only in file1
https://doi.org/10.1093/jmammal/gyx147;hal-03871553;Only in file1
https://yago-knowledge.org;hal-04353543;Only in file1
https://huggingface.co/sentence-transformers/all-minilm-l6-v2;hal-04269089;Only in file1
https://hal.science/hal-02872149;hal-02872149;Only in file1
https://doi.org/10.1016/j;hal-02228974;Only in file1
https://eic.cefet-rj.br/~eogasawara/csa;lirmm-02984969;Only in file1
https://wiki.inria.fr;hal-03917930;Only in file1
https://digital-strategy.ec.europa.eu/en/policies/cybersecurity-act;hal-04092216;Only in file1
https://orcid.org/0000-0002-8208-2139;hal-04002207;Only in file1
https://w3id.org/stn/core;hal-02289497;Only in file1
https://doi.org/10.1111/1365-2435.12732;hal-02228974;Only in file1
https://inria.hal.science/hal-03189192;hal-03189192;Only in file1
https://doi.org/10.1007/s11047-;hal-03897397;Only in file1
https://doi.org/10.1016/j.eja.2018.04.007;hal-02228974;Only in file1
https://github.com/benjaminocampo/bridging_ie_hs_embs;hal-04351644;Only in file1
https://github.com/agrueneberg/sessel;hal-01926379;Only in file1
https://aclweb.org/anthology;hal-03648498;Only in file1
https://lyrics.wikia.com;hal-03295581;Only in file1
https://inria.hal.science/hal-02310236v2;hal-02310236;Only in file1
https://wikia.com;hal-04351729;Only in file1
https://github;hal-03284110;Only in file1
https://eol.org;hal-02873670;Only in file1
https://hal.inria.fr/inria-00625090v1;hal-02051413;Only in file1
https://lifeclef.org;hal-04322219;Only in file1
https://github.com/navefr/shapleyfordbfacts;hal-03514297;Only in file1
https://doi.org/10.1145/3465480.3468292;hal-03522878;Only in file1
https://w3id.org/rml/fnml;hal-04201661;Only in file1
https://arxiv.org/abs/https://www.tandfonline;hal-04014977;Only in file1
https://insee.fr;hal-03791175;Only in file1
https://doi.org/10.1016/s0166-4115(08)62386-;hal-04205128;Only in file1
https://r-;hal-02899789;Only in file1
https://hal.science/hal-03937274v2;hal-03937274;Only in file1
https://github.com/romaissalmh/elections2022;hal-04129915;Only in file1
https://huggingface.co/dbmdz;hal-04037120;Only in file1
https://ceur-ws.org/vol-2849/paper-01.pdf;hal-04201661;Only in file1
https://doi.org/10.1109/tvcg.2020.3021342;hal-04102737;Only in file1
https://hal.science/hal-02872132;hal-02872132;Only in file1
https://doi.org/10.1145/322234;hal-03516360;Only in file1
https://doi.org/10.1177/1046878119831420;hal-03710323;Only in file1
https://w3.org/tr/annotation-vocab;hal-02939363;Only in file1
https://dx.doi.org/10.1016/0009-2509(87)80099-4;hal-03156136;Only in file1
https://doi.org/10.1093/jxb/ery323;hal-02228974;Only in file1
https://doi.org/10.1371/journal.pone.0189288;hal-02483307;Only in file1
https://gitlab.inria.fr/cedar/statstical_mentions;hal-03767992;Only in file1
https://hal-lirmm.ccsd.cnrs.fr/lirmm-03793595;lirmm-03793595;Only in file1
https://github.com/patrickzib/sfa;hal-03599214;Only in file1
https://dublincore.org/specifications;hal-03889968;Only in file1
https://doi.org/10;hal-02307999;Only in file1
https://data.archives-ouvertes.fr/doc/sparql;hal-03404580;Only in file1
https://doi.org/10.3406/homig.2000.3617;hal-04293239;Only in file1
https://bluekai.com/registry;hal-03916393;Only in file1
"https://example.org/possibility>;";hal-02064075;Only in file1
https://hal.inrae.fr/hal-03167637;hal-03167637;Only in file1
https://ccs.neu.edu/home/ramsdell/tools;hal-01673025;Only in file1
https://brahmsonline.kew.org/content/projects/msbp;hal-03871553;Only in file1
https://doi.org;hal-04132566;Only in file1
https://hal.science/hal-04260221;hal-04260221;Only in file1
https://ftc.gov/system/files/documents/cases/172_3083_youtube_;hal-04311598;Only in file1
https://localhost:8080/1;hal-02269209;Only in file1
https://doi.org/10.1007/978-3-030-26951-7_22;hal-02406503;Only in file1
https://inria.hal.science/hal-03896402;hal-03896402;Only in file1
https://github.com/phfaist/pylatexenc;hal-04282533;Only in file1
https://hal.science/hal-03417019v2;hal-03417019;Only in file1
https://doi.org;hal-03516360;Only in file1
https://doi.org/10.1002/047;hal-03135088;Only in file1
https://project.inria.fr/fuchsia;hal-02968427;Only in file1
https://sabiod.org/nips4b;hal-02273257;Only in file1
https://propaganda.qcri.org/nlp4if-s;hal-03417019;Only in file1
https://hal.science/hal-04377395;hal-04377395;Only in file1
https://arxiv.org/abs/1511;hal-03064464;Only in file1
"https://identifiers.org/go/go:0016301""";hal-04125922;Only in file1
https://hal.science/hal-04230234;hal-04230234;Only in file1
https://github.com/fhircat/cord-19-on-fhir;hal-02939363;Only in file1
https://en.wikipedia.org/wiki/lyricwiki;hal-03812106;Only in file1
https://github.com/cozy/dissec_cozy/blob/master/demonstration.md;hal-04234719;Only in file1
https://inria.hal.science/hal-04353523;hal-04353523;Only in file1
https://hal.science/hal-02441654;hal-02441654;Only in file1
https://dx.doi.org/10.1109/icdew.2012.47;hal-02435371;Only in file1
https://obofoundry.org;lirmm-02945170;Only in file1
https://hal.inria.fr;hal-03536045;Only in file1
https://hal.sorbonne-universite.fr/hal-03263469;hal-03263469;Only in file1
https://inria.hal.science/hal-03100039;hal-03100039;Only in file1
https://inria.hal.science/hal-03358998;hal-03358998;Only in file1
https://w3.org/tr/vocab-dcat;hal-03230741;Only in file1
https://data.ign.fr;hal-03426150;Only in file1
https://w3.org/wai;hal-03189474;Only in file1
https://doi.org/10.1109/mis.2007.62;emse-04058783;Only in file1
https://ceur-ws.org/vol-156;hal-04366893;Only in file1
https://doi.org/10.5334/dsj-;hal-02483307;Only in file1
https://doi.org;hal-04278100;Only in file1
https://inria.hal.science/hal-04068708;hal-04068708;Only in file1
https://hal.science/hal-04037120;hal-04037120;Only in file1
https://papers.neurips.cc/paper/9015-pytorch-an-;hal-03648498;Only in file1
https://bpi.co.uk;hal-02281137;Only in file1
https://ncra.ucd.ie/site/geva.html;hal-02319638;Only in file1
https://relational.ﬁt.cvut.cz/dataset/ptc;hal-03474955;Only in file1
https://gdpr-info.eu/art-4-gdpr;hal-03715416;Only in file1
https://inria.hal.science/hal-02293689;hal-02293689;Only in file1
https://semanticaudio.ac.uk;hal-03812106;Only in file1
https://mainline.i3s.unice.fr/wam2/packages/_;hal-04337523;Only in file1
https://sequencer.party;hal-03951799;Only in file1
https://doi.org/10.1145/3357251.3357590;hal-03369680;Only in file1
https://tata.gforge.inria.fr;hal-03536045;Only in file1
https://hal.inria.fr;hal-01925496;Only in file1
https://hal.science/hal-02138771;hal-02138771;Only in file1
https://mdpi.com/journal/sustainability;hal-03658842;Only in file1
https://hal.science/hal-03404580;hal-03404580;Only in file1
https://github.com/turingtrain/lyrics_;hal-03133188;Only in file1
https://hasbro.com/en-us/product/trivial-pursuit-game-;hal-02388854;Only in file1
https://doi;hal-03934346;Only in file1
https://hal.science/hal-03118422;hal-03118422;Only in file1
https://downloads.dbpedia.org/repo/dbpedia/spotlight/spotlight-model;hal-03230741;Only in file1
https://www;hal-02167174;Only in file1
https://doi.org/10.3233/978-1-;hal-03231805;Only in file1
https://labelme.csail.mit;hal-02573627;Only in file1
https://papers.nips.cc/paper/7062-a-unified-approach-to-interpreting-;hal-03908363;Only in file1
https://hydra-cg.com/spec/latest/core;emse-02070625;Only in file1
https://cordis.europa.eu;hal-04092216;Only in file1
https://tel;hal-03527888;Only in file1
https://ray.io;hal-04414815;Only in file1
https://doi.org/10.3233/sw-160213;hal-03765857;Only in file1
https://doi.org/10.12688;hal-03905184;Only in file1
https://publications.europa.eu/en/web/eu-vocabularies/th-dataset/-;hal-03065217;Only in file1
https://doi.org/10;hal-03127717;Only in file1
https://www;hal-03654722;Only in file1
https://zenodo.org;hal-03474556;Only in file1
https://doi.org;hal-02406503;Only in file1
https://w3.org/tr/skos-reference;hal-04372234;Only in file1
https://inria.hal.science/hal-03890913;hal-03890913;Only in file1
https://hal.science/hal-01967586;hal-01967586;Only in file1
https://doi.org/10.1039;hal-04386951;Only in file1
https://arxiv.org/abs/1809.04281;hal-03256451;Only in file1
https://w3.org/designissues;hal-03633526;Only in file1
https://doi.org;hal-02381105;Only in file1
https://doi.org/10.1111/2041-210x;hal-04405026;Only in file1
https://inria.hal.science/hal-03934340;hal-03934340;Only in file1
https://doi.org/10.1145;hal-03937274;Only in file1
https://dx.doi.org;hal-03156136;Only in file1
https://doi.org/10.1007/978-3-319-44564-;hal-03641389;Only in file1
https://hal-lirmm.ccsd.cnrs.fr/lirmm-03714595;lirmm-03714595;Only in file1
https://developers.meethue.com/develop/get-started-2;hal-02289497;Only in file1
https://ceur-ws.org/vol-1184;hal-04201661;Only in file1
https://rdocumentation.org/packages/scmamp;hal-03469487;Only in file1
https://inria.hal.science/hal-03602177;hal-03602177;Only in file1
https://azurespeed;lirmm-01867717;Only in file1
https://github.com/inovexcorp/matonto-ontologies;hal-04346839;Only in file1
https://hal.science/hal-03889780;hal-03889780;Only in file1
https://sciencedirect.com/science/article/pii/s030402080873072x;hal-03536045;Only in file1
https://doi.org/10.1016;hal-02307999;Only in file1
https://doi.org/xxxxxxx.xxxxxxx;hal-03904200;Only in file1
https://competitions;hal-03431313;Only in file1
https://hal.inrae.fr/hal-03701955;hal-03701955;Only in file1
https://robjhyndman.com;hal-02371221;Only in file1
https://doi.acm.org/10.1145/3243734.3243818;hal-02406503;Only in file1
https://programmableweb.com;hal-02060966;Only in file1
https://ldbcouncil.org/developer/spb;hal-02435371;Only in file1
https://matportal.org;hal-04351729;Only in file1
https://aclanthology.org/2021.nlp4convai-1.20;hal-04262826;Only in file1
https://herbier-guyane;hal-03601464;Only in file1
https://doi.org/10.2307/2403626;hal-02228974;Only in file1
https://hal-lirmm.ccsd.cnrs.fr/lirmm-04283772;lirmm-04283772;Only in file1
https://zenodo.org/communities/sotm-2021;hal-03516296;Only in file1
https://monetdb.org/blog/embedded-;hal-03347677;Only in file1
https://inria.hal.science/hal-02381055;hal-02381055;Only in file1
https://gitlab.inria.fr/hayats/connor;hal-03704042;Only in file1
https://doi.org/10.1007/s00530-015-0462-9;hal-02639237;Only in file1
https://inria.hal.science/hal-02087763;hal-02087763;Only in file1
https://hal.science/hal-04282533;hal-04282533;Only in file1
https://doi.org/10.1007/978-3-030-62466-8\_19;hal-04031744;Only in file1
https://gitlab.inria.fr/moex/linkex;hal-03933868;Only in file1
https://ceur-ws.orgissn;hal-04345437;Only in file1
https://orcid.org/[id;lirmm-02945170;Only in file1
https://inria.hal.science/hal-03915413;hal-03915413;Only in file1
https://solidproject.org/tr/2021/protocol-20211217;emse-04058783;Only in file1
https://doi.acm.org/10.1145/1516512.1516518;hal-03536045;Only in file1
https://fasttext.cc/docs/en/pretrained-vectors.html;hal-03403125;Only in file1
https://bitbucket.org/rdfminer/classdisjointnessaxioms/src/master/results;hal-02319638;Only in file1
https://arxiv.org/abs/cs/0003044;hal-04377324;Only in file1
https://doi.org/10.1111/j.1467-2979.2004.00144.x;hal-03228509;Only in file1
https://phenome-em;hal-02969510;Only in file1
https://www;hal-03711320;Only in file1
https://inria.hal.science/hal-02191302;hal-02191302;Only in file1
https://inria.hal.science/hal-03666895;hal-03666895;Only in file1
https://github.com/jeris90/annotationfn;hal-02990781;Only in file1
https://doi.org/10.1111/j.1467-9876.2011.00769.x;hal-02639237;Only in file1
https://doi.org/10.1111/j.1365-2699.2006.01584.x;hal-03220977;Only in file1
https://clef2020.clef-initiative.eu;hal-02873670;Only in file1
https://hal.science/hal-02190790v2;hal-02190790;Only in file1
https://doi.org/10;hal-03904200;Only in file1
https://raw.githubusercontent.com/inovexirad/matonto-ontologies/master/matonto-release.ttl;hal-04366893;Only in file1
https://doi.org/10.1007;hal-02902853;Only in file1
https://w3.org/submission/spin-;hal-03404125;Only in file1
https://hal.science/hal-03965684;hal-03965684;Only in file1
https://inria.hal.science/hal-03403125;hal-03403125;Only in file1
https://ceur-ws.org/vol-304/paper9.pdf;hal-04351729;Only in file1
https://doi.org/10.1007;hal-03946680;Only in file1
https://proceedings.mlr.press/v72/shih18a.html;hal-04377324;Only in file1
https://arxiv.org/abs/1901.08755;hal-02406503;Only in file1
https://grandeannotation.fr;hal-02860659;Only in file1
https://doi.org/10.1145/1122445.1122456;hal-03510012;Only in file1
https://github.com/dwslab/melt/tree/master/examples/kgevalcli;hal-04366893;Only in file1
https://proceedings.mlr.press;hal-03518717;Only in file1
https://www;hal-02387680;Only in file1
https://github.com/pykeen/pykeen;hal-04353543;Only in file1
https://soundtrackyourbrand.com;hal-03133188;Only in file1
https://inria.hal.science/hal-03903287;hal-03903287;Only in file1
https://inria.hal.science/hal-02319539;hal-02319539;Only in file1
https://arxiv;hal-03514297;Only in file1
https://purl.org/dc/terms/subject;hal-02939363;Only in file1
https://dx.doi.org/10.2139/ssrn.2374119;hal-03189474;Only in file1
https://doi.org/10.23919/fruct.2018.8588069;hal-03601145;Only in file1
https://docker;hal-04157720;Only in file1
https://hal.science/hal-04130137;hal-04130137;Only in file1
https://doi.org/10.1017/s0021859621000538;hal-03342381;Only in file1
https://github.com/fr0stbyter/faustwasm;hal-03812938;Only in file1
https://purl.org/ontology/af;hal-03812106;Only in file1
https://eng.uber.com/athenax;lirmm-03359490;Only in file1
https://oaei.ontologymatching;hal-04351729;Only in file1
https://github.com/oai/openapi-specification;hal-02060966;Only in file1
https://microsoft;hal-03941879;Only in file1
https://hal.science/hal-03516713;hal-03516713;Only in file1
https://w3.org/tr;hal-04358408;Only in file1
https://cloud.google.com/speech-to-text;hal-02166434;Only in file1
https://doi.org/10.1145/3487553.3524225;hal-03951799;Only in file1
https://doi.org/10.1145/1168149.1168152;hal-03404580;Only in file1
https://a.org”;hal-03150441;Only in file1
https://doi.org;hal-02228974;Only in file1
https://riaa.com;hal-02281137;Only in file1
https://doi.org/10.5281/zenodo.6505847;hal-03807744;Only in file1
https://identify.plantnet.org/eu-;hal-03965684;Only in file1
https://project.inria.fr/espdms;hal-03580286;Only in file1
https://hal.inrae.fr/hal-04430929;hal-04430929;Only in file1
https://asterixdb.apache;lirmm-04305787;Only in file1
"https://identifiers.org/go/go:0009056""";hal-04125922;Only in file1
https://doi.org/10.1109/tvcg.2016.2598585;hal-03296233;Only in file1
https://doi.org/10.1145;hal-03897397;Only in file1
https://openprovenance.org/services/view/validator;lirmm-03443660;Only in file1
https://doi.org/10.1007/978-3-030-54549-;hal-03079818;Only in file1
https://theverge.com/2021/8/4/22609020;hal-03916393;Only in file1
"https://doi.org/10.1890/0012-9658(2007)88[243:btfema]2.0.co;2";hal-03167637;Only in file1
https://github.com/juliendelaunay35000/anchors;hal-03133223;Only in file1
https://hal-lirmm.ccsd.cnrs.fr/lirmm-03850420;lirmm-03850420;Only in file1
https://doi.org/10.1023/a:;lirmm-04277973;Only in file1
https://doi.org/10.1145/3322640.3326731;hal-02381105;Only in file1
https://ceur-ws.orgissn;hal-03791428;Only in file1
"https://wikidata.org/entity/statement/""";hal-03516420;Only in file1
https://doi.org/10.3233/sw-210452;hal-04366893;Only in file1
https://openreview.net;hal-04353523;Only in file1
https://doi.org/10.1371/journal.pcbi.1008856.t002;hal-03220977;Only in file1
https://doi.org/10.1109/wi-iat.2015.205;hal-03135088;Only in file1
https://ceur-ws.org;hal-04201661;Only in file1
https://github.com/vanes11/flashfill_quickfill_mixte/tree/master/bench;hal-03717860;Only in file1
https://doi.org/10.2307/1941447;hal-03220977;Only in file1
https://proceedings.mlr.press/v48/hernandez-;hal-03897397;Only in file1
https://hal-lirmm.ccsd.cnrs.fr/lirmm-02045144;lirmm-02045144;Only in file1
https://orcid.org/0000-0002-2161-9940;hal-03965684;Only in file1
https://doi.org/10.3897/rio.9.e116951;hal-04405026;Only in file1
https://aws-dglke.readthedocs.io/en/latest/index.html;hal-03476795;Only in file1
https://vldb.org;hal-03897397;Only in file1
https://pedroramaciotti.github.io/files/publications/2021_tcs.pdf;hal-03905183;Only in file1
https://doi.org/10.1109/mcg.2019.2933419;hal-03779349;Only in file1
https://orcid.org/0000-0002-4234-;hal-03965684;Only in file1
https://hal.archives-ouvertes.fr/hal-02918834;hal-03139460;Only in file1
https://doi.org/10.1145/3178876.3185998;hal-03807744;Only in file1
https://doi.org/10.1007/s10055-018-0364-1;hal-03369680;Only in file1
https://doi.org/10.1007/978-1-4419-7390-0_8;hal-03220977;Only in file1
https://fao.org/agrovoc;hal-03662183;Only in file1
https://youtu.be/iutzzma-7fi;hal-03135088;Only in file1
https://gitlab.inria;hal-02422796;Only in file1
https://doi.org/10.1145/3584372.3588659;lirmm-04320944;Only in file1
https://github.com;hal-04353523;Only in file1
https://arxiv.org/abs;hal-03112715;Only in file1
https://soul.dev;hal-03812938;Only in file1
https://project.inria.fr/corese;hal-03905409;Only in file1
https://orcid.org/0000-0002-9345-3994;hal-03404572;Only in file1
https://w3.org/tr/wot-architecture;hal-02289497;Only in file1
https://insee.fr/en/statistiques/ﬁchier/2388575;hal-03097047;Only in file1
https://jasonsigal.cc/portfolio/olos;hal-03519504;Only in file1
https://doi.org/10.15232/s1080-7446(15)30556-8;hal-03315102;Only in file1
https://archive.ics.uci.edu/ml/datasets/individual+;hal-03692175;Only in file1
https://hal.science/hal-02872123;hal-02872123;Only in file1
https://team.inria.fr/cedar/projects/abstra;hal-03767967;Only in file1
https://doi.org/10.1016/j.fcr.2009.09.006;hal-02228974;Only in file1
https://github.com/kevinmusgrave/pytorch-metric-learning;hal-03100076;Only in file1
https://ceur-ws.org/vol-2873/paper11.pdf;hal-04201661;Only in file1
https://inria.hal.science/hal-02057980;hal-02057980;Only in file1
https://ncbi.nlm.nih.gov/pmc/tools/developers;hal-03889968;Only in file1
https://w3.org/tr/indexeddb/3https://tinyurl.com/muc8cmyxthatusesthesamenamewillthenrefertothesamepartofthememory.wheneveryobjectassociatedwiththisnameisremoved,thememorywillbefreedanderased.injspatcher,thisbehaviorisimplementedbythetempo-raryfilesysteminwhicheveryfileisundertherootdirec-tory.wehaveprovidedanapiforobjectstocreatetempo-raryfileswhenanamecannotberesolvedasapersistentfile.meanwhile,theobjectbecomesanobserverofthetemporaryfile.whenthelastobservergetsremoved,thetemporaryfilewillautomaticallyfreethememoryspaceandremoveitself.2.3filestructureofaprojectinjspatcher,aprojectisafolderthatcontainssubfoldersorfilesinanyformatasinnativeoperatingsystems.whenasessionisstarted,theprojectfolderwillautomaticallybeinitializedwithahiddenfilenamed.jspatprojundertherootfolder.thisfilecontainsmetadatarelatedtotheprojectsuchasitsname,itsauthor,itsdependenciesandwillbesavedwiththewholeproject.typically,aprojectwillhaveoneormultiplepatcherswithsomeassetfiles.todistinguishpatchersunderdif-ferentmodes,weuse.jspatastheextensionforregu-larimperativepatcher,and.dsppatforfaustcompiledpatcher.patcherfilescanbeuploadedtothefilesystemordownloaded(exported)fromit.userscanalsouploadordownloadthewholeprojectforfurtherexchangeunderthe.zipformatwitheveryfilecompressedinside.2.4usageinpatcherssometypesofprojectfilescanberecognizedbyjspatcherandcanbeloadedintopatchers.typically,theywillbeusedinajavascriptpatcher(usingimperativeandwebau-diolayers)bydifferentboxobjects.toloadaspecificfile,theusershouldputthefilepathinunixformat(usingslashforsub-directory)relativetotheprojectrootfolder.table1showsalistoffiletypesthatcanbeloadedbyboxobjectsinapatcher.figure2showsasub-patcherfile,anaudiofile,atextfileandanimagefileinapatcher.figure2.filesinapatcher;hal-03812972;Only in file1
https://hdl.handle.net/10183/157522;hal-03404572;Only in file1
https://doi.acm.org/10.1145/3005745.3005750;hal-03266462;Only in file1
https://users.dimi.uniud.it/~massimo.franceschet;hal-03134596;Only in file1
https://gov.uk/government/news;hal-01949641;Only in file1
https://discovery.ucl.ac.uk/id/eprint/100584;hal-03658842;Only in file1
https://doi.org/10.1145/3350546.3352502;hal-03905409;Only in file1
https://w3.org/tr/2013/rec-sparql11-query-20130321;hal-03500522;Only in file1
https://bbc.com;hal-02435371;Only in file1
https://github.com/raouf-kerkouche/privacy-preserving-and-bandwith-efficient-;hal-03160473;Only in file1
https://hal.umontpellier.fr/hal-03917930;hal-03917930;Only in file1
https://hal.science/hal-02302463;hal-02302463;Only in file1
https://doi.org/10.1016/j.compag.2004.05.003;hal-03347926;Only in file1
https://gdpr-info.eu;hal-02269203;Only in file1
https://github.com/frmichel/morph-xr2rml;hal-01926379;Only in file1
https://data.london.gov.uk/dataset;hal-03726234;Only in file1
https://doi.org/10.1145/3297280.3297327;hal-01999453;Only in file1
https://bitbucket.org/rdfminer/classdisjointnessaxioms/src;hal-03905409;Only in file1
https://vldb.org/conf/1988/p050.pdf;hal-03934346;Only in file1
https://hal.inrae.fr/hal-03338811;hal-03338811;Only in file1
https://github.com/huggingface/transformers;hal-03264761;Only in file1
https://doi.org/10.1109/urc49805;hal-04132566;Only in file1
https://github.com/espnet/espnet/tree/master/egs/librispeech/tts1;hal-03332224;Only in file1
https://g.co/datasetsearch;hal-02060966;Only in file1
https://worldfishcenter.org/content/small-scale-capture-fisheries-global-overview-;hal-03228509;Only in file1
https://arxiv.org/abs/1912.12333;hal-03256451;Only in file1
https://doi.org/10.1007/s10707-017-0304-3;hal-03329908;Only in file1
https://scikit-learn.org/stable/modules/generated/sklearn.utils;hal-03160473;Only in file1
https://hal.science/hal-03538834;hal-03538834;Only in file1
https://hal.science/hal-03719603;hal-03719603;Only in file1
https://gitlab.inria.fr/cedar/quotientsummary;hal-01925496;Only in file1
https://lab.plantnet.org/seafile/d/936fe4298a5a4f4c8dbd;hal-04322255;Only in file1
https://github.com/bytedance/fedlearner;hal-02406503;Only in file1
https://github.com/cefet-rj-dal/stmotifexplorer;lirmm-04283828;Only in file1
https://mrlc.gov;hal-02873670;Only in file1
https://inria.hal.science/hal-03100076;hal-03100076;Only in file1
https://standards.ieee.org/develop/indconn/ec/ead_v1;hal-03189474;Only in file1
"https://sbml.org/sbml/symbols/time""";hal-04125922;Only in file1
https://bing.com/fd/ls;hal-04228304;Only in file1
https://doi.acm.org/10.1145/1536414.1536464;hal-02406503;Only in file1
https://speedtest.net/reports;hal-02406503;Only in file1
https://inserm.fr;hal-03404580;Only in file1
https://inria.hal.science/hal-02319521;hal-02319521;Only in file1
https://doi.org/10.1002/ppp3.10150;hal-03871553;Only in file1
https://learn.microsoft.com/en-us/power-query;hal-04186117;Only in file1
https://tinyurl;hal-04228038;Only in file1
https://github.com/postgres;hal-03791272;Only in file1
https://ngrams.info/download_coha.asp;hal-04126662;Only in file1
https://proceedings.neurips.cc/paper/2013/file;hal-04346759;Only in file1
https://inria.hal.science/hal-04377324;hal-04377324;Only in file1
https://doi.org/10.1002/biot.201400541;hal-03498125;Only in file1
"https://purl.org/dc/terms/""";hal-04125922;Only in file1
https://doi.org/10.1104/pp.114.243519;hal-02228974;Only in file1
https://miteco.gob.es/es;hal-04198414;Only in file1
https://doi;hal-04157720;Only in file1
https://doi.org/10.1016/j.compag.2018.03.003;hal-03347926;Only in file1
https://w3.org/tr/2012/rec-owl2-quick-reference-;hal-03189192;Only in file1
https://github.com/crux82/ganbert-pytorch;hal-04008864;Only in file1
https://zenodo.org/record/3842750;lirmm-02945170;Only in file1
https://doi.org/10;hal-03518717;Only in file1
https://orcid.org/0000-0002-7171-169x;hal-04269089;Only in file1
https://w3.org;hal-03662183;Only in file1
https://ontology;hal-04289970;Only in file1
"https://purl.obolibrary.org/obo/go_0000003""";lirmm-02945170;Only in file1
https://legifrance.gouv.fr/codes/id;hal-03726234;Only in file1
https://orcid.org/0000-0002-0044-2322;hal-04043460;Only in file1
https://arxiv.org/abs/1910.06403;hal-03310540;Only in file1
https://inria.hal.science/hal-03927871;hal-03927871;Only in file1
https://data.cityofnewyork.us/health;hal-03801032;Only in file1
https://doi.org/10.1111/ddi.12892;hal-03220977;Only in file1
https://inria.hal.science/hal-03811323;hal-03811323;Only in file1
https://psychclassics.yorku.ca/ebbinghaus/index.htm;hal-04293239;Only in file1
https://data.nobelprize;hal-03320929;Only in file1
https://unspsc.org;hal-02348004;Only in file1
https://inria.hal.science/hal-04388942;hal-04388942;Only in file1
https://docs.microsoft.com/en-us/windows/desktop/winrm/uri-;hal-02319638;Only in file1
https://inria.hal.science/hal-02096714;hal-02096714;Only in file1
https://hal.science/hal-02388854;hal-02388854;Only in file1
https://mdpi.com/journal/metabolites;hal-04278771;Only in file1
https://doi.org/https://doi.org/10.1016/s0304-0208(08)73072-x;hal-03527888;Only in file1
https://creativecommons.org/licenses/by/4.0;hal-02166422;Only in file1
https://cri.ensmp.fr/people/coelho/datafiller.html;hal-03127717;Only in file1
https://doi.org/10.1371/journal.pcbi.1008856.g005;hal-03220977;Only in file1
https://inria.cl/en/centre-inria-;hal-03938382;Only in file1
https://hal.inria.fr/hal-01745768;hal-03021075;Only in file1
https://inria.hal.science/hal-02262908;hal-02262908;Only in file1
https://en.wikipedia.org;hal-03502001;Only in file1
https://doi.org/10.1111;hal-02639237;Only in file1
https://ceur-ws.org/vol-2655;hal-04353543;Only in file1
"https://ns.inria.fr/covid19/f74923b3...>;";hal-03230741;Only in file1
https://inria.hal.science/hal-02934277;hal-02934277;Only in file1
https://linkeddatafragments.org;hal-03320929;Only in file1
https://github.com/wimmics/covidontheweb/dataset;hal-02939363;Only in file1
https://watson.kmi.open.ac.uk;hal-03765857;Only in file1
https://hal.science/hal-03329878;hal-03329878;Only in file1
https://doi.org/10;hal-04351729;Only in file1
https://cs.ox.ac.uk/isg;hal-01925496;Only in file1
https://langual.org/default.asp;hal-04366893;Only in file1
https://arxiv.org/abs/1904.08067;hal-04346759;Only in file1
https://purl.org/dc/terms;hal-02389918;Only in file1
https://doi.org/10.24963/ijcai.2017/239;hal-02915414;Only in file1
https://doi.org/10.1139/f05-081;hal-03228509;Only in file1
https://inria.hal.science/hal-02936193;hal-02936193;Only in file1
https://orcid.org/0000-0003-2981-9362;hal-04040702;Only in file1
https://sciencedirect.com/bookseries/pure-and-applied-mathematics/vol/59/part/pa;hal-03114304;Only in file1
https://w3.org/rdf;hal-02319638;Only in file1
https://neo4j.com/developer;hal-03886320;Only in file1
https://inria.fr/en/covid-web;hal-03084029;Only in file1
https://doi.org/10.1016/j.is.2022.102043;lirmm-03639381;Only in file1
https://doi.org/10.1080;hal-03635452;Only in file1
https://www;hal-03337765;Only in file1
https://sciencedirect.com/science/article/pii/s157082681200039x;hal-04366893;Only in file1
https://ontology.inrae.fr/frenchcropusage/sparql;hal-04289970;Only in file1
https://arxiv.org/abs/2004.04464;hal-04377324;Only in file1
https://hal.science/hal-03001157;hal-03001157;Only in file1
https://spj.science.org/doi/10.34133/plantphenomics.0112;hal-04322179;Only in file1
https://inria.hal.science/hal-03369137v2;hal-03369137;Only in file1
https://doi.org/10.1038/sdata.2016.18;hal-03905184;Only in file1
https://downloads;hal-03320929;Only in file1
https://cancer.gov/cancertopics/cancerlibrary/terminologyresources;hal-04366893;Only in file1
https://eur-lex;hal-03871553;Only in file1
https://1drv.ms/u/s!ao-qmrhqafytkzd69;hal-03417019;Only in file1
https://doi.org/10.1109/mis.2006.16;hal-03135088;Only in file1
https://bioportal.bioontology.org/ontologies/atc;hal-02064421;Only in file1
https://hal.inrae.fr/hal-02899789;hal-02899789;Only in file1
https://gitlab.inria.fr/jestopin;hal-03693593;Only in file1
https://doi.org/10.1117/12.2197167;hal-02984949;Only in file1
https://inria.hal.science/hal-03518717;hal-03518717;Only in file1
https://doi.org/10.1016/j.jcm.2016.02.012;hal-03710323;Only in file1
https://doi.acm.org/10.1145/2894750;hal-03329908;Only in file1
https://escholarship.mcgill.ca/concern/theses/j9602115z;hal-03114304;Only in file1
https://hal.science/hal-03431313;hal-03431313;Only in file1
https://tel.archives-ouvertes.fr/tel-01378723;hal-03801032;Only in file1
https://w3id.org/rml/star;hal-04201661;Only in file1
https://doi.org/10.1371/journal.pcbi.1003542;hal-03871553;Only in file1
https://inria.hal.science/hal-03483109v2;hal-03483109;Only in file1
https://hal-lirmm.ccsd.cnrs.fr/lirmm-03468587;lirmm-03468587;Only in file1
https://github.com/lamiad/asax;lirmm-03806053;Only in file1
https://fao.org/emergencies/emergency-types/plant-pests-and-diseases/en;hal-02470280;Only in file1
https://ai.shorensteincenter.org/ideas/2018/11/26/follow-the-data-algorithmic-transparency-starts-with-data-transparency;hal-02066516;Only in file1
https://inria.hal.science/hal-03889968;hal-03889968;Only in file1
https://ontosql.inria.fr;hal-02152844;Only in file1
https://doi.org/10.1109/cts53513.2021.9562814;hal-03871553;Only in file1
https://ilpubs.stanford.edu:;hal-03356951;Only in file1
https://rocksdb.org;hal-03500522;Only in file1
https://distrinet.cs.kuleuven.be/events/e4mas;emse-02070625;Only in file1
https://resdac.org/cms-data/variables/claim-inpatient-;hal-03066941;Only in file1
https://rust-leipzig.github.io/regex/2017/03/28/comparison-of-regex-engines;hal-03021960;Only in file1
https://inria.hal.science/hal-03134181;hal-03134181;Only in file1
https://doi.org/10.1093;hal-03871553;Only in file1
https://doi.org/10.3390/ani9040133;hal-03347926;Only in file1
https://gbif.org/article/7sl3m3zzn5muua;hal-04198414;Only in file1
https://doi.org/10.1145/2636805;hal-03536045;Only in file1
https://voiceprivacychallenge.org/docs/voiceprivacy_;hal-03332224;Only in file1
https://doi.org/10.1016/0016-;hal-03112715;Only in file1
https://example.org;hal-04152998;Only in file1
https://hal.archives-ouvertes.fr/hal-01722666;hal-03021075;Only in file1
https://inria.hal.science/hal-03814840;hal-03814840;Only in file1
https://publons;hal-02937618;Only in file1
https://citeseerx;hal-03514297;Only in file1
https://tpc;hal-03381732;Only in file1
https://hal.inria.fr/hal-03134596;hal-03527888;Only in file1
https://doi.org/10.1017/s1357729800054060;hal-03347926;Only in file1
https://inria.hal.science/hal-03892080;hal-03892080;Only in file1
https://w3.org/tr/2012;hal-02931396;Only in file1
https://inria.hal.science/hal-03140067;hal-03140067;Only in file1
https://huggingface.co/inriavalda/cc_;hal-04282533;Only in file1
https://doi.org/10.1016/j.ecoinf.2022.101641;hal-03871553;Only in file1
https://springer.com/computer/theoretical+computer+science/book;hal-03127717;Only in file1
"https://identifiers.org/go/go:0009058""";hal-04125922;Only in file1
https://doi.org/10.1145/3573381.3596150;hal-04102737;Only in file1
https://hal-lirmm.ccsd.cnrs.fr/lirmm-04272014;lirmm-04272014;Only in file1
https://neo4j.com/developer/cypher-query-language;hal-02435371;Only in file1
"https://w3.org/1999/xhtml""";hal-04125922;Only in file1
https://gitlab.inria.fr/mburon/org/blob/master/projects;hal-02446427;Only in file1
https://proceedings.mlr.press/v97/shen19e;hal-02406503;Only in file1
https://bing.com;hal-04228304;Only in file1
https://doi.org/10.1093/jamia/ocaa117;hal-03404580;Only in file1
https://triply.cc/docs/yasgui-api;hal-04388974;Only in file1
https://w3id.org/stn/core;hal-03135088;Only in file1
https://maya-ackerman.com/wp-content/uploads/2018;hal-03940590;Only in file1
https://w3.org/tr/2014/rec-;hal-03500522;Only in file1
https://ebi.ac.uk/efo/efo_0005741;hal-02939363;Only in file1
https://blog;hal-03905184;Only in file1
https://hbr.org/2018/05/how-nextdoor-addressed-racial-;hal-03189474;Only in file1
https://ceur-ws.org/vol-1695/paper4.pdf;hal-04358408;Only in file1
https://hal.science/hal-03981605v2;hal-03981605;Only in file1
https://inria.hal.science/hal-04139281;hal-04139281;Only in file1
https://github.com/ﬂairnlp/ﬂair;hal-03150441;Only in file1
https://doi.org/10.1109;hal-03138755;Only in file1
https://hal.science/hal-02417259;hal-02417259;Only in file1
https://ceur-ws.orgissn;lirmm-03793591;Only in file1
https://biocomputing.univ-lille.fr/core-sbml;hal-04125922;Only in file1
https://doi.org/10.1109/tbdata.2019.2921572;hal-03871553;Only in file1
https://arxiv.org/abs/1412;hal-04353543;Only in file1
https://orcid.org/0000-0003-0543-1232;hal-03404572;Only in file1
https://github.com/maximiliense/glc19;hal-02190170;Only in file1
https://demos.isl.ics.forth.gr/lodsyndesis;hal-03301330;Only in file1
https://w3.org/tr/owl2-overview;hal-04115029;Only in file1
https://doi.org/10.1016/j.patter.2020.100155;hal-03404580;Only in file1
https://dx.doi.org/10.2390;hal-04125922;Only in file1
https://hal.science/hal-03133188;hal-03133188;Only in file1
https://arxiv.org/abs/1503;hal-03256451;Only in file1
https://inria.hal.science/hal-03522878;hal-03522878;Only in file1
https://inria.hal.science/hal-02613465;hal-02613465;Only in file1
https://compriseh2020.eu/ﬁles/2019/06/d5.1.pdf,”;hal-03346196;Only in file1
https://arxiv.org/abs/1506.00242;hal-02406503;Only in file1
https://hal.science/hal-02281138;hal-02281138;Only in file1
https://inria.hal.science/hal-03996787v2;hal-03996787;Only in file1
https://gd.eppo.int;hal-04289970;Only in file1
https://kdd.ics.uci.edu/databases/20newsgroups/20newsgroups.html;hal-03494520;Only in file1
https://doi.org/10.48550/arxiv.2303.02829;hal-04377324;Only in file1
https://hal.inrae.fr/hal-04263001;hal-04263001;Only in file1
https://archive.ics.uci.edu/ml/datasets/individual+;hal-03941879;Only in file1
https://hal.science/hal-04250849;hal-04250849;Only in file1
https://theschooloflife.com/article/the-;hal-03811274;Only in file1
https://lemonde.fr/webservice/decodex/updates;hal-03945733;Only in file1
https://about.fb.com/news/2018/05/enforcement-numbers;hal-03189474;Only in file1
https://inria.hal.science/hal-02310749v2;hal-02310749;Only in file1
https://doi.org/10.1007/978-;hal-03934389;Only in file1
https://agritrop.cirad.fr/mention_legale.html;hal-03807744;Only in file1
https://inria.hal.science/hal-03031812;hal-03031812;Only in file1
https://support.startpage.com/hc/en-us/articles/5076181310612-can-;hal-04228304;Only in file1
https://w3.org/tr/odrl-vocab;hal-03065217;Only in file1
https://cril;hal-04377324;Only in file1
https://doi.org/10.3897/bdj.9.e69806;hal-03871553;Only in file1
https://dx.doi.org/10.1145/1247480.1247574;hal-02435371;Only in file1
https://hal.science/hal-03332224v4;hal-03332224;Only in file1
https://blog.google/products/search;hal-02984945;Only in file1
https://math.nist.gov/~jbernal/p_t_;hal-03356951;Only in file1
https://ns.inria.fr/covid19/arg/4f8;hal-03230741;Only in file1
https://portal.idigbio.org/portal/search;hal-03353469;Only in file1
https://hal.science/hal-03934389;hal-03934389;Only in file1
https://datahub.ckan.io;hal-02060966;Only in file1
https://doi.acm.org/10.1145/141800.141805;hal-03266462;Only in file1
https://sciencedirect.com/science/article;hal-04388942;Only in file1
https://inria.hal.science/hal-03415990;hal-03415990;Only in file1
https://doi.org/10.1093/llc/fqz013;hal-04293239;Only in file1
https://blog.google/products/search/making-it-easier-discover-datasets;hal-02060966;Only in file1
https://theconversation.com/les-ia-comprennent-elles-ce-quelles-font-;hal-03135131;Only in file1
https://doi.org/10.1111/jai.14014;hal-03871553;Only in file1
https://github.com/julienmirval/dissec_cozy/tree;hal-04234924;Only in file1
https://doi.org/10.1016/j.eja.2013.09.019;hal-02228974;Only in file1
https:/;lirmm-03148271;Only in file1
https://hatespeechdata.com;hal-03765860;Only in file1
https://ucd;hal-03726234;Only in file1
https://doi.org/10.3233/978-1-61499-419-0-21;hal-03112715;Only in file1
https://doi.org/10.1109;hal-04014977;Only in file1
"https://opencv.org;";hal-01895279;Only in file1
https://ciqual.anses.fr;hal-04366893;Only in file1
https://www;hal-02947251;Only in file1
https://hal.inrae.fr/hal-03347926;hal-03347926;Only in file1
https://doi.org/10.1109/access.2019.2933060;hal-03347926;Only in file1
https://wortwolken.com;hal-03133188;Only in file1
https://hal.science/hal-03189997;hal-03189997;Only in file1
https://github.com;hal-02962964;Only in file1
https://keras.io;hal-02940236;Only in file1
https://inria.hal.science/hal-02947265;hal-02947265;Only in file1
"https://dbpedia.org/ontology/plant;";hal-02936193;Only in file1
https://rtw.ml.cmu.edu/rtw/resources;hal-03500647;Only in file1
"https://purl.obolibrary.org/obo/po_0025131"":";lirmm-02945170;Only in file1
https://doi.org/10.1017/s1751731115001342;hal-03347926;Only in file1
https://ﬁnance.yahoo.com;lirmm-02973633;Only in file1
https://chameleoncloud;lirmm-01867717;Only in file1
https://hal-lirmm.ccsd.cnrs.fr/lirmm-04304601;lirmm-04304601;Only in file1
https://dx.doi.org/10.21037/atm-;hal-03716868;Only in file1
https://wasabi.inria.fr/sparql;hal-03748134;Only in file1
https://github.com/brijmohan/kaldi/tree/master;hal-02355115;Only in file1
https://qualtrics.com;hal-04129915;Only in file1
https://inria.hal.science/hal-02262591;hal-02262591;Only in file1
https://hal.science/hal-04322219;hal-04322219;Only in file1
https://hal.inria.fr/inria-00390236/en;hal-02532706;Only in file1
https://doi.org/https://dx.doi.org/10.1016/0009-2509(87)80099-4;hal-04125922;Only in file1
https://doi.org/10.1515/sem-2018-;hal-04293239;Only in file1
https://oeaw.ac.at/ac/konvens2018/workshop;hal-02972184;Only in file1
https://project.inria.fr/corese;hal-04346839;Only in file1
https://doi.org/10.1145/3344514;hal-02307999;Only in file1
https://dx.doi.org/10.1186/s13326-016-0089-6;hal-02571170;Only in file1
https://dx.doi.org/10.1007/978-3-642-22256-6_2;hal-02532706;Only in file1
https://swat.cse.lehigh.edu/projects/lubm;hal-02435371;Only in file1
https://unstats;hal-03934346;Only in file1
https://doi.org/10.1051/agro:2007057;hal-02228974;Only in file1
https://orcid.org/0000-0003-4586-8527;hal-03719603;Only in file1
https://doi.org/10.1109/cdc.2012.6426729;hal-03112715;Only in file1
https://datatilsynet.no/globalassets/global;hal-04092216;Only in file1
https://doi.org/10.1016/j.fishres.2016.01.007;hal-03228509;Only in file1
https://xmlns.com/foaf/spec;hal-03230741;Only in file1
https://ceur-ws.orgissn;hal-04262826;Only in file1
https://inria.hal.science/hal-04233343;hal-04233343;Only in file1
https://archive.ics.uci.edu/ml;hal-02190788;Only in file1
https://pegasus.isi.edu/2016/02/23/pegasus-and-;lirmm-03227618;Only in file1
https://inria.hal.science/hal-02481240v2;hal-02481240;Only in file1
https://doi.org/xxxxxxx.xxxxxxx;hal-04093045;Only in file1
https://proceedings.mlr.press/v48/gilad-bachrach16;hal-02406503;Only in file1
https://doi.org/10.1111/j;hal-02228974;Only in file1
https://www;lirmm-03806053;Only in file1
https://hal.science/hal-03189130;hal-03189130;Only in file1
https://inria.hal.science/hal-03090211;hal-03090211;Only in file1
https://cse.ust.hk/graphgen;hal-02435371;Only in file1
https://bitbucket.org/rdfminer/classdisjointnessaxioms/src;hal-04346839;Only in file1
https://w3.org;hal-01925496;Only in file1
https://hal.inrae.fr/hal-03770578;hal-03770578;Only in file1
https://hal.inrae.fr/hal-02820845;lirmm-03785968;Only in file1
https://github.com/dwslab/melt;hal-04366893;Only in file1
https://hpc4e.eu/downloads;lirmm-02531748;Only in file1
https://jmlr.org/papers/volume23;hal-04377324;Only in file1
https://arxiv.org/abs/2202.01581;hal-03765358;Only in file1
https://github.com;hal-04344167;Only in file1
https://doi.org/10.1051;hal-02228974;Only in file1
https://streetbump.org;hal-03329908;Only in file1
https://hal.science/hal-02275997;hal-02275997;Only in file1
https://eprint.iacr.org/2015/325.pdf;hal-03904200;Only in file1
https://chat.openai.com;hal-04186117;Only in file1
https://ebiquity.umbc.edu/project/html/id/53/swoogle;hal-03765857;Only in file1
https://inria.hal.science/hal-02191794;hal-02191794;Only in file1
https://inria.hal.science/hal-04003126;hal-04003126;Only in file1
https://radiofrance.com/professionnels/regie-publicitaire/actualite/les-;hal-03767992;Only in file1
https://cpntools;hal-02387680;Only in file1
https://usenix.org/system/files/conference/osdi16/osdi16-;hal-03510012;Only in file1
https://w3.org/tr/wot-architecture;hal-02196903;Only in file1
https://ec.europa.eu/research/participants/docs/h2020-funding-guide/cross-cutting-issues/open-acc;hal-03516296;Only in file1
https://inria.hal.science/hal-04246864;hal-04246864;Only in file1
https://inria.hal.science/hal-03004218;hal-03004218;Only in file1
https://keras.io;lirmm-03324873;Only in file1
https://eosc-portal.eu;hal-02483307;Only in file1
https://inria.hal.science/hal-03516459;hal-03516459;Only in file1
https://youtu.be/ca1afqlagoe;hal-03518845;Only in file1
https://doi.org/10.1890/07-0539;hal-03220977;Only in file1
https://lacl.fr/~ldartois/these.pdf;hal-03114304;Only in file1
https://allai.nl/first-;hal-03189474;Only in file1
https://quantiﬁedawesome.com/records;hal-03494520;Only in file1
https://doi.org/10.1016/j.soilbio.2011.11.015;hal-02228974;Only in file1
https://doi.org/10.14778;hal-03886320;Only in file1
https://jmlr.org/papers/v21/19-678.html;hal-03100076;Only in file1
https://github.com/grasp-algorithm/label-driven-summarization;hal-02417259;Only in file1
https://doi.org/10.1145/3452021;hal-04278100;Only in file1
https://institut-agro-rennes-angers.hal.science/hal-03228509;hal-03228509;Only in file1
https://greenplum.org;lirmm-03850420;Only in file1
https://inria.hal.science/hal-03904200;hal-03904200;Only in file1
https://youtu.be/do-9ma42pna;hal-02557901;Only in file1
https://doi.org/10.5281;hal-03602177;Only in file1
https://biocomputing.univ-lille.fr/core-;hal-04125922;Only in file1
https://w3.org/tr/owl-guide/.volz,j.,c.bizer,m.gaedke,etg.kobilarov(2009).silk-alinkdiscoveryframeworkforthewebofdata.ldow538.summaryinthispaperweareinterestedinlinkkeyselectioninrdfdatasets.alinkkeyisusedtoﬁndidentitylinksbetweentwoentitiesinthewebofdata.suchpairofentitiesdeterminesapairofclasseswhichinturncanguidetheselectionlinkkeyofbetterquality.forthispurpose,weproposeanalgorithmforselectinglinkkeysbasedonadaptedqualitymeasures.finally,experimentsondifferentdatasetsshowthepotentialandtheeffectivenessofthealgorithm;hal-03512110;Only in file1
https://hal.science/hal-03940446;hal-03940446;Only in file1
https://ceur-ws.orgissn;hal-04311401;Only in file1
https://ceur-ws.org/vol-3389;hal-04353543;Only in file1
https://proceedings.mlr.press/v80/sanchez-gonzalez18a.html;hal-04041691;Only in file1
https://relweb.cs.aau.dk/rdfev;hal-03500522;Only in file1
https://hal.science/hal-02279942v9;hal-02279942;Only in file1
https://inria.hal.science/hal-03025572;hal-03025572;Only in file1
https://researchgate.net/publication/344850508;hal-02981760;Only in file1
https://sites.google.com/view/knnmatrixprofile;lirmm-04225369;Only in file1
https://github.com/ldspider/ldspider;hal-03301330;Only in file1
https://doi.org/10.1186/s13326-022-00266-4;hal-03602177;Only in file1
https://gitlab.inria.fr/tcao/news-;hal-02121389;Only in file1
https://hal.science/hal-03383535;hal-03383535;Only in file1
https://doi.org/10.3390;hal-03454183;Only in file1
https://inria.hal.science/hal-02267166;hal-02267166;Only in file1
https://lifeclef.org;hal-04204378;Only in file1
https://mitpress.mit.edu/catalog/item;hal-04353543;Only in file1
https://doi.org/10.1007/978-3-642-32925-8\_5;hal-03934420;Only in file1
https://doi.org/10.1007;hal-03220977;Only in file1
https://edpb.europa.eu/sites/edpb/files/files/file1/edpb_;hal-03189474;Only in file1
https://aims.fao.org;hal-03889780;Only in file1
https://hal.science/hal-04255500;hal-04255500;Only in file1
https://dx.doi.org/10.1145/3485844;hal-03363442;Only in file1
https://doi.org/10.1016/s0169-7552(98)00110-x;emse-02070625;Only in file1
https://hdfgroup.org/hdf5;lirmm-03144324;Only in file1
https://hal.science/hal-03114304v3;hal-03114304;Only in file1
https://doi.org/10.1007/s10707-013-0197-8;hal-03905409;Only in file1
https://proceedings;hal-04353543;Only in file1
https://dx.doi.org/10.1145/1081870.1081893;hal-02435371;Only in file1
https://github.com/fr0stbyter/faust2wam;hal-03812938;Only in file1
https://hal.inrae.fr/hal-04345437;hal-04345437;Only in file1
https://doi.org/10.1016/0022-0000(92)90014-a;hal-03934389;Only in file1
"https://dx.doi.org/10.1016/s0955-0674(03)00017-6"">10.1016/s0955-0674(03)00017-6</a>;<br";hal-04125922;Only in file1
https://hal-lirmm.ccsd.cnrs.fr/lirmm-02265730;lirmm-02265730;Only in file1
https://quantitative-;hal-03686060;Only in file1
https://doi.org/10.1145;hal-03904200;Only in file1
https://dbpedia.org/resource;hal-03082579;Only in file1
https://w3.org/rdf;hal-03791175;Only in file1
https://methode-merci.fr;lirmm-03785968;Only in file1
https://voiceprivacychallenge.org/docs;hal-03332224;Only in file1
https://trends;hal-04228304;Only in file1
https://doi.org/10.1145/3183713.3183739;hal-04278100;Only in file1
https://github.com/wimmics;hal-04002207;Only in file1
https://osr-cesbio.ups-tlse.fr/~oso/posts/2017-03-30-carte-s2-2016;hal-03167637;Only in file1
https://inria.hal.science/hal-04337545;hal-04337545;Only in file1
https://aclweb.org;hal-04346759;Only in file1
https://tinyurl.com/25vjwk2s;hal-03710323;Only in file1
https://gitlab.inria.fr/lgalarra/remi.references[1]robertdale.1992.generatingreferringexpressions:constructingdescriptionsinadomainofobjectsandprocesses.abradfordbook,mit.[2]luisgalárraga,christinateflioudi,katjahose,andfabianm.suchanek.2015.fastrulemininginontologicalknowledgebaseswithamie+.thevldbjournal24,6(2015),707–730.[3]luisgalárraga,juliendelaunay,andjean-louisdessalles.2019.remi:miningintuitivereferringexpressionsonknowledgebases.arxiv:cs.ai/1911.01157[4]helmuthoracek.2003.abest-firstsearchalgorithmforgeneratingrefer-ringexpressions.inconferenceoneuropeanchapteroftheassociationforcomputationallinguistics(eacl).[5]emielkrahmer,sebastiaanvanerk,andandréverleg.2003.graph-basedgenerationofreferringexpressions.computationallinguistics29,1(2003),53–72.[6]ehudreiterandrobertdale.1992.afastalgorithmforthegenerationofreferringexpressions.inconferenceoncomputationallinguistics(coling).[7]andreasthalhammer,nelialasierra,andachimrettinger.2016.linksum:usinglinkanalysistosummarizeentitydata.ininternationalconferenceonwebengineering(icwe).[8]arnoldzellner,hugoa.keuzenkamp,michaelmcaleer,etal.2001.simplicity,inferenceandmodelling:keepingitsophisticatedlysimple.cambridgeuniv.press;hal-03084627;Only in file1
https://doi.org/10.5281/zenodo.7526244;hal-04344975;Only in file1
https://universaldependencies.org;hal-03917930;Only in file1
https://microsoft.com/en-;hal-03329908;Only in file1
https://github.com/ihtsdo/snomed-owl-toolkit;hal-04351729;Only in file1
https://ci.apache.org/projects/flink/flink-docs-release-;hal-03510012;Only in file1
https://users.dimi.uniud.it;hal-03527888;Only in file1
https://hal.science/hal-03138755;hal-03138755;Only in file1
https://doi.org/10.1145/318242;hal-03150701;Only in file1
https://hal.science/hal-04351695;hal-04351695;Only in file1
https://sabiod.org/icml4b2013_book.pdf;hal-03415990;Only in file1
https://doi.org/10.1007/s41980-018-0160-4;hal-03112715;Only in file1
https://i3s.unice.fr/~fmichel/xr2rml_;hal-03889968;Only in file1
https://babelfy.org;hal-03812106;Only in file1
https://hadoop.apache;lirmm-01867717;Only in file1
https://allea.org;hal-04405026;Only in file1
https://oaei.ontologymatching.org/2023/results/knowledgegraph/knowledge;hal-04366893;Only in file1
https://inria.hal.science/hal-03934331;hal-03934331;Only in file1
https://kaggle.com/c/yandex-personalized-web-search-challenge;hal-03163763;Only in file1
https://abstat.disco.unimib.it/search;hal-01925496;Only in file1
https://xeno-canto.org;hal-03415990;Only in file1
https://teamupturn.org/reports/2018/facebook-ads;hal-03916393;Only in file1
https://gbif.org;hal-02873670;Only in file1
https://w3.org/tr/2013/rec-sparql11-query-20130321;hal-04388912;Only in file1
https://covidgraph.org;hal-03516360;Only in file1
https://anonymous.4open.science/r/axiom-score-prediction-bc16;hal-03905409;Only in file1
https://inria.hal.science/hal-02406503v2;hal-02406503;Only in file1
https://covid19.pubannotation.org;hal-02939363;Only in file1
https://inria.hal.science/hal-02166434;hal-02166434;Only in file1
https://inria.hal.science/hal-03881631;hal-03881631;Only in file1
https://project.inria.fr/creattive3d/gust-3d;hal-03635452;Only in file1
https://doi.org/10.1109/icics49469.2020;hal-04138880;Only in file1
https://christophm.github.io/interpretable-ml-book;hal-03147623;Only in file1
https://arxiv.org/abs;hal-03955911;Only in file1
https://bitbucket.org/sebferre/graph-fca;hal-04246864;Only in file1
https://inria.hal.science/hal-02376987;hal-02376987;Only in file1
https://ilpubs.stanford.edu:8090/422;hal-03135088;Only in file1
https://hal.science/hal-02136378;hal-02136378;Only in file1
https://inria.hal.science/hal-03519504;hal-03519504;Only in file1
https://hal.inrae.fr/hal-03353469;hal-03353469;Only in file1
https://degruyter;hal-04125922;Only in file1
https://hal.inria.fr/hal-01976768;hal-02933190;Only in file1
"https://florilege.arcad-project.org/fr/crb/coffea;";hal-04182535;Only in file1
https://intelligence.house.gov/social-media-content;hal-04129915;Only in file1
https://sparontologies.github.io/fabio/current/fabio.html;hal-02939363;Only in file1
https://www;hal-04043460;Only in file1
https://doi.org/10.1093/biosci/biac060;hal-03871553;Only in file1
https://doi.org/10.3917/psy.038.0061;hal-04293239;Only in file1
https://hal.inria.fr/hal-00804503v2;hal-02051413;Only in file1
https://maya-ackerman.com;hal-03940590;Only in file1
https://orcid.org/0000-0002-5872-5034;hal-04289970;Only in file1
https://fedai.org;hal-02406503;Only in file1
https://support.mozilla.org/en-us/kb/password-manager-rem;hal-03079818;Only in file1
https://iso.org/standard/62845.html;hal-02355080;Only in file1
https://getpostman.com/collections/c509a6299e357ff4aff0;hal-02289497;Only in file1
https://gitlab.inria.fr;lirmm-04305787;Only in file1
https://doi.org/10.1145/3318464;hal-03897397;Only in file1
https://doi.org;hal-04068708;Only in file1
https://w3.org/tr/2004;emse-02070625;Only in file1
https://inria.hal.science/hal-03881548;hal-03881548;Only in file1
https://dx.doi;hal-03527888;Only in file1
https://images.bugwood.org;hal-02470280;Only in file1
https://proceedings.mlr.press/v70/sundararajan17a;hal-03908363;Only in file1
https://semanticbible.com/ntn/ntn-view.html;hal-02084977;Only in file1
https://twitter.com/cedric_o/status/1115171491384037377;hal-02860659;Only in file1
https://w3c.github.io;hal-04201661;Only in file1
https://dx.doi.org/10.1098;hal-02573627;Only in file1
https://hal.science/hal-04349796;hal-04349796;Only in file1
https://cambridge.org/core/terms;hal-03342381;Only in file1
https://doi.org/10.1145/3555312;hal-04201661;Only in file1
https://w3.org/tr/2017/rec-;hal-03937274;Only in file1
https://www;hal-01926379;Only in file1
https://sciencedirect.com/science/article;hal-03329674;Only in file1
https://semwebtech.org/mondial/10;hal-04372234;Only in file1
https://inria.hal.science/hal-03812972;hal-03812972;Only in file1
https://doi.org/10.1016/s0304-3975(99)00278-9;hal-03934389;Only in file1
https://apache.github.io/systemds/native-;hal-03347677;Only in file1
https://dblp.org/pid/00/2941>’;hal-04311370;Only in file1
https://doi.org/10.1145/3584372.3588654;hal-03937274;Only in file1
https://w3.org/tr/2020/rec-;hal-04171196;Only in file1
https://github.com/kermitt2/pdfalto;hal-03293643;Only in file1
https://millionsongdataset.com;hal-03133188;Only in file1
https://doi.org/10.1145/2939672.2945397;hal-02406503;Only in file1
https://sparql.archives-ouvertes.fr;hal-03404572;Only in file1
https://inria.hal.science/hal-03927901;hal-03927901;Only in file1
https://doi.org/10.5281/zenodo.7919856;hal-04201661;Only in file1
https://hal-lirmm.ccsd.cnrs.fr/lirmm-03227618;lirmm-03227618;Only in file1
https://adobserver.org;hal-03916393;Only in file1
https://nbn-resolving.de/urn:nbn:de:bsz:;hal-04346759;Only in file1
https://hal.science/hal-04115029;hal-04115029;Only in file1
https://doi.org/10.1038/s41587-019-;hal-03905184;Only in file1
https://gitlab.inria.fr/abaud/sgx-basics;hal-04228113;Only in file1
https://doi.org/10.1145/3584372.3588670;lirmm-04277973;Only in file1
https://wikidata.org;hal-03118422;Only in file1
https://dx.doi.org/10.1126/science.1116869;hal-02435371;Only in file1
https://doi.org/10.5281;hal-04198414;Only in file1
https://hal.science/hal-03315102;hal-03315102;Only in file1
https://inria.hal.science/hal-03809756;hal-03809756;Only in file1
https://doi.org/10.1109/iot.2010.5678450;hal-03135088;Only in file1
https://arxiv.org;hal-04138880;Only in file1
https://github.com/slundberg/shap;hal-02190790;Only in file1
https://hal.science/hal-04214094;hal-04214094;Only in file1
"https://doi.org/10.1890/0012-9658(2007)88[243:btfema]2.0.co;2";hal-03220977;Only in file1
https://freedomhouse.org/report-types/freedom-net;hal-03189474;Only in file1
https://doi.org/10.4018;hal-03871553;Only in file1
https://doi.org/10.48550/arxiv.2208.12909;hal-03769993;Only in file1
https://opencypher.org/ocig2;hal-03118422;Only in file1
https://hal.science/hal-04322255;hal-04322255;Only in file1
https://joernhees.de/blog/2015/11/23/setting-up-a-linked-data-mirror-;hal-02319638;Only in file1
https://dumps.wikimedia.org;hal-02381093;Only in file1
https://gqlstandards.org;hal-02138771;Only in file1
https://doi.org/10.57745/jr;hal-04043460;Only in file1
https://doi;hal-03904200;Only in file1
https://professionnels.ign.fr/bdortho;hal-02873670;Only in file1
https://pedestrian;hal-02371221;Only in file1
https://chameleoncloud.org;hal-04157720;Only in file1
https://download.geonames.org/export/dump/allcountries.zip;hal-03426150;Only in file1
"https://ns.inria.fr/covid19/4f8...>;";hal-03230741;Only in file1
https://tiny.cc/92s43y;hal-02269134;Only in file1
https://oracle.com/database;hal-03189192;Only in file1
https://inria.hal.science/hal-02433443;hal-02433443;Only in file1
https://cigref.hr-ingenium.com/accueil.aspx;hal-02348004;Only in file1
https://xmlns.com/foaf/0.1/surname;hal-02939363;Only in file1
https://arxiv.org/abs/1401.6576;hal-03114304;Only in file1
https://unspsc.org;hal-03403125;Only in file1
https://intel.ai;hal-02406503;Only in file1
https://doi.org/10.1145/3038912.3052696;hal-03329908;Only in file1
https://lifeclef.org;hal-02281455;Only in file1
"https://en.wikipedia.org/wiki/pretty_good_privacy/;";hal-03138769;Only in file1
https://doi.org/10.1016/j.agrformet.2009.02.011;hal-02228974;Only in file1
https://tiny.cc/z6s43y;hal-02269134;Only in file1
https://inria.hal.science/hal-03284110;hal-03284110;Only in file1
https://pole-emploi.org/accueil/mot-cle.html;hal-02996442;Only in file1
https://ceur-;hal-03871553;Only in file1
https://gbif.org;hal-04345310;Only in file1
https://dx.doi.org/10.1145/1265530.1265564;hal-02532706;Only in file1
https://inria.hal.science/hal-03423328;hal-03423328;Only in file1
https://gqlstandards.org/;hal-02435371;Only in file1
https://doi.org/10.1145/3323878.3325809;hal-02106521;Only in file1
https://oaei.ontologymatching.org;hal-04351729;Only in file1
https://pytorch.org/vision/stable;hal-03601464;Only in file1
https://hal.science/hal-04122866;hal-04122866;Only in file1
https://arxiv.org/abs/1408.7092;hal-03960471;Only in file1
https://doi.org/10.1109/iat.2003;emse-02070625;Only in file1
https://physionet.org/content/mimiciii/1.4;hal-03474955;Only in file1
https://github.com/structureddynamics;hal-03889968;Only in file1
https://onlinelibrary;hal-03329674;Only in file1
https://madhu.seas.harvard.edu/papers/1992;hal-04377324;Only in file1
https://swirlds.com/downloads/swirlds-tr-2016-01.pdf;hal-03112715;Only in file1
https://w3.org/tr/2012/rec-r2rml-20120927;hal-03937274;Only in file1
https://neos-guide.org;hal-02549758;Only in file1
https://nlp.stanford.edu/pubs;hal-03518717;Only in file1
https://aoir.org/reports;hal-03189474;Only in file1
https://inria.hal.science/hal-02921457;hal-02921457;Only in file1
https://makg.org/sparql;hal-03404580;Only in file1
https://github.com/webaudiomodules;hal-04337545;Only in file1
https://w3.org;hal-04358408;Only in file1
https://ibm.com/netherlands.sgy>-associated;lirmm-03324881;Only in file1
https://finance.yahoo.com;hal-02406503;Only in file1
https://ssrn.com/abstract=;hal-03189474;Only in file1
https://inria.hal.science/hal-03686098;hal-03686098;Only in file1
https://w3.org/tr/2020;emse-04058783;Only in file1
https://hal.science/hal-04411802;hal-04411802;Only in file1
https://agroportal.lirmm;hal-04289970;Only in file1
https://doi.org/10.1145/nnnnnnn.nnnnnnn;hal-04212814;Only in file1
https://jstor.org/stable/jeductechsoci;hal-04132566;Only in file1
https://recolnat.org;hal-02873670;Only in file1
https://project.inria.fr/corese;hal-03301330;Only in file1
https://irif.fr/~jep;hal-03940590;Only in file1
https://hal.archives-ouvertes.fr/hal-01373781;hal-03641389;Only in file1
https://arxiv.org/abs/2010.04296;hal-04377324;Only in file1
https://doi.org/10.1145/3459637.3481982;hal-03337765;Only in file1
https://youtube.com/channel/uc0vzkrydshckcngkrmvyzrq/videos;hal-02557901;Only in file1
https://doi.org/10.1109/icdm.2010.127;hal-02915414;Only in file1
https://de-staging-oecd.redpelicans.com;hal-03021075;Only in file1
https://journees-recherche-porcine.com/texte/2020/bienetre/b04.pdf;hal-03347926;Only in file1
https://www;hal-03934420;Only in file1
https://doi.org/10.1186/s13007-022-00960-5;hal-03881548;Only in file1
https://publications.europa.eu/en/web/eu-vocabularies/model/-/resource;hal-03065217;Only in file1
https://doi.org/10.1016/j.fcr.2010.12.004;hal-02228974;Only in file1
https://arxiv.org/abs/1405.3223;hal-02968427;Only in file1
https://arxiv.org/abs;lirmm-04320944;Only in file1
https://wikidata.org/entity/q80;hal-03516420;Only in file1
https://archive.softwareheritage.org/swh:1:dir:;hal-03769993;Only in file1
https://ecologie-humaine.eu/documents/dp_piranhas.pdf;hal-03228509;Only in file1
https://doi.org/10.1145;hal-04102737;Only in file1
https://repository.upenn.edu/cgi;hal-03514297;Only in file1
https://kaggle.com/netflix-inc/netflix-prize-;hal-03347677;Only in file1
https://doi.org/10.5524/102377;hal-03769993;Only in file1
https://doi.org/10.1007/11596042_59;hal-03738973;Only in file1
https://soundtrackyourbrand.com;hal-02281137;Only in file1
https://doi.org/10.1093/aob/mc1020;hal-02228974;Only in file1
https://doi.org/10.5334/dsj-2020-032;hal-02483307;Only in file1
https://doi.org/10.48550/arxiv;hal-03769993;Only in file1
https://hal.science/hal-02969510;hal-02969510;Only in file1
https://tpc.org;hal-03559309;Only in file1
https://bitbucket;hal-03103509;Only in file1
https://doi.org/10.1007/s10723-015-9329-8;lirmm-02949807;Only in file1
https://www;hal-04201661;Only in file1
https://resdac.org/cms-data/variables/claim-inpatient-admission-type-code-;hal-03160473;Only in file1
https://inria.hal.science/hal-02915414;hal-02915414;Only in file1
https://open.canada.ca/data/en/dataset/800106c1-0b08-;hal-03564455;Only in file1
https://ontology.inrae.fr/frenchcropusage/sparql;hal-03404125;Only in file1
https://yago-knowledge.org;hal-02381093;Only in file1
https://arxiv.org/abs/1909.08128;hal-04377324;Only in file1
https://dx.doi.org/10.1007;hal-02571170;Only in file1
https://github.com/webaudiomodules;hal-03871660;Only in file1
https://doi.org/10.7287/peerj;hal-02483307;Only in file1
https://hal.science/hal-02168164;hal-02168164;Only in file1
https://inria.hal.science/hal-03415972;hal-03415972;Only in file1
https://archive;hal-03527888;Only in file1
https://doi.org/10.1145/3532208;hal-03635452;Only in file1
https://doi.org/10.1016/0022-4049(87)90108-3;hal-03934389;Only in file1
https://doi.org/10.1016/j.nec.2018.12.005;hal-03263469;Only in file1
https://dbpedia.org/property;hal-02936253;Only in file1
https://dtai.cs.kuleuven.be/research/pmcsfg;hal-03940446;Only in file1
https://doi.org/10.1088/1757-899x/1098;hal-04132566;Only in file1
https://splitlearning.github.io;hal-02406503;Only in file1
https://github.com/jindrichmynarz;hal-01925496;Only in file1
https://copernicus.eu/en;hal-03693593;Only in file1
https://orcid.org/0000-0001-6610-0969;hal-03404580;Only in file1
https://dx.doi.org/10.1109/4235.942529;hal-02936193;Only in file1
https://schema.org;hal-04344975;Only in file1
https://hal;hal-03156136;Only in file1
https://journals.sagepub.com/doi/10.1255;hal-03329674;Only in file1
https://inria.hal.science/hal-02191810;hal-02191810;Only in file1
https://hal.science/hal-03310540;hal-03310540;Only in file1
https://doi.org/10.1145/3340531.3411949;hal-03913481;Only in file1
https://inria.hal.science/hal-04186090;hal-04186090;Only in file1
https://learn.microsoft.com/en-us/clarity/cookie-list;hal-04228304;Only in file1
https://doi.org/10.48550/arxiv.2303.06516;hal-04377324;Only in file1
https://hal.science/hal-02064075;hal-02064075;Only in file1
https://andrew.cmu;hal-04377324;Only in file1
https://inria.hal.science/hal-03127726;hal-03127726;Only in file1
https://doi.org/10.2527/jas.2011-4478;hal-03347926;Only in file1
https://hal.science/hal-03301330v2;hal-03301330;Only in file1
https://beijingcitylab.com;lirmm-03036868;Only in file1
https://sciencedirect;lirmm-03785968;Only in file1
https://gitlab.inria.fr/cedar/connectionlens;hal-03347947;Only in file1
https://spacy.io;hal-02269134;Only in file1
https://homepages.inf.ed.ac;hal-03514297;Only in file1
https://ontosql.inria.fr;hal-02446427;Only in file1
https://imageclef.org/lifeclef2020;hal-02873670;Only in file1
https://scikit-learn.org/stable/modules/generated/sklearn.preprocessing.minmaxscaler.html;hal-03160473;Only in file1
https://stacks.stanford.edu/file/druid:df650pk;hal-03871553;Only in file1
https://theplantlist.org;hal-02190170;Only in file1
https://taxref.mnhn.fr/lod;hal-04289970;Only in file1
https://doi.org/10;hal-02190170;Only in file1
https://inria.hal.science/hal-04132566;hal-04132566;Only in file1
https://w3;hal-02066041;Only in file1
https://edgeless.systems/products;hal-03692175;Only in file1
https://github.com/wimmics/covidontheweb;hal-03230741;Only in file1
https://doi.org/10.1126/sciadv.aav3473;hal-03871553;Only in file1
https://hal.inrae.fr/hal-03686060;hal-03686060;Only in file1
https://doi.org/10.1145/2467696.2467703;hal-04138880;Only in file1
https://inria.hal.science/hal-02422796;hal-02422796;Only in file1
https://purl.org/dc/terms/creator;hal-02939363;Only in file1
https://zenodo.org/record/4889146;hal-03602177;Only in file1
https://hal.inria.fr;hal-02081474;Only in file1
https://doi.org/10.1016/0304-3975(85)90170-7;hal-03140067;Only in file1
https://d2kab.org;hal-03890035;Only in file1
https://academic;hal-03315102;Only in file1
https://doi.wiley.com;hal-03329674;Only in file1
https://doi.org/10.1016/j.ijhcs.2013.09.006;hal-03811274;Only in file1
https://doi.org/10.14778/3291264;hal-03897397;Only in file1
https://doi.org/10.1007;hal-02228974;Only in file1
https://doi.org/10.4230/lipics;lirmm-03833578;Only in file1
https://github.com/wimmics/arviz;hal-03807744;Only in file1
https://doi.org/10.1016/j.agee;lirmm-03785968;Only in file1
https://ipsec.pl/files/ipsec/archiwum/pkcs-7.pdf;hal-03138769;Only in file1
https://github.com/interactions-hsg/wot-search;hal-02289497;Only in file1
https://dbpedia.org/resource;hal-02100230;Only in file1
https://nytimes.com/2018/10/13/us/harvard-aﬃrmative-action-asian-students.html;hal-02066516;Only in file1
https://ncra.ucd.ie/site/geva.html;hal-03082579;Only in file1
https://docs.oasis-open.org/legalruleml/legalruleml-core-spec/v1.0;hal-03065217;Only in file1
https://doi;hal-03807744;Only in file1
https://omim.org;hal-04002207;Only in file1
https://foodon.org;hal-04353523;Only in file1
https://inria.hal.science/hal-03866048;hal-03866048;Only in file1
https://doi.org/10.18352;hal-03807744;Only in file1
https://mdpi.com/journal/plants;hal-03454183;Only in file1
https://w3.org/tr;hal-02051413;Only in file1
https://pedroramaciotti.github.io/files/publications;hal-03905183;Only in file1
https://doi.org/10.1162/dint_a_00031;hal-02483307;Only in file1
https://doi.org/10.1371/journal.pcbi.1008856.g008;hal-03220977;Only in file1
https://hal.science/hal-03419236v2;hal-03419236;Only in file1
https://hal;hal-03256451;Only in file1
https://github.com/bitcoin-core;hal-03904200;Only in file1
https://doi.org/10.1145/3318464.3386139;hal-03021075;Only in file1
https://almaden.ibm.com/cs/projects/iis/hdb/projects/datamining;hal-02435371;Only in file1
https://pistoiaalliance.org/projects/current-projects/ontologies-mapping;hal-04353523;Only in file1
https://github.com/vzantedeschi/dada;hal-03100057;Only in file1
https://lod-a-lot.lod.labs.vu.nl;hal-03500522;Only in file1
https://doi.org/10.1094/phyto-06-22-0197-r;hal-04302997;Only in file1
https://dl.acm.org/doi/10.5555/2457524.2457672;hal-03404580;Only in file1
https://doi.org/10.1016/s0165-;hal-03228509;Only in file1
https://hal.archives-ouvertes.fr/hal-00990924;hal-04125922;Only in file1
https://doi.org/10.1109/icde;hal-03886320;Only in file1
https://doi.org/10.1016/j.envsoft.2014;hal-02228974;Only in file1
https://bibliontology.com/speciﬁcation.html;hal-03404580;Only in file1
https://github.com/wimmics/weather-kg/tree/main/meteo;hal-04230234;Only in file1
https://petrus.inria.fr/~bouganim/dispers.mp4;hal-02269209;Only in file1
https://wiki.dbpedia.org/datasets;hal-03118422;Only in file1
https://doi.org/10.1093/jxb;hal-02228974;Only in file1
https://doi;hal-04102737;Only in file1
https://hal.inria.fr/inria-00390236/en;hal-03527888;Only in file1
https://doi.org/10.1038/nature13014;hal-02228974;Only in file1
https://github.com/blietard;hal-04126662;Only in file1
https://hal.science/hal-03494520;hal-03494520;Only in file1
https://scikit-learn.org/stable;hal-02190790;Only in file1
https://en.wikipedia.org/wiki/ricci_v._destefano;hal-02066516;Only in file1
https://inria.hal.science/hal-04165835v3;hal-04165835;Only in file1
https://inria.hal.science/hal-03201649;hal-03201649;Only in file1
https://arxiv.org/abs/1807.04369;hal-02406503;Only in file1
https://doi.org/10.7717;hal-04405026;Only in file1
https://docs.scipy.org/doc/scipy/reference/generated/scipy;hal-03502001;Only in file1
https://yann.lecun.com/exdb/mnist;hal-03899151;Only in file1
https://hal.science/hal-03112715;hal-03112715;Only in file1
https://postgresql.org;lirmm-03850420;Only in file1
https://webcomponents.org;hal-03087763;Only in file1
https://project.inria.fr/creattive3d/gust-3d;hal-04102737;Only in file1
https://inria.hal.science/hal-02936253;hal-02936253;Only in file1
https://fromthepage;hal-02573627;Only in file1
https://isbndb.com/book/[id;lirmm-02945170;Only in file1
https://doi.org/10.26028/cybium/2021-451-001;hal-03228509;Only in file1
https://doi.org/10.1145/3318464.3380567;hal-01673025;Only in file1
https://doi.acm.org/10.1145/2701657.2701653;hal-03369680;Only in file1
https://doi.org/10.1080/00220380902807395;hal-03228509;Only in file1
https://lemonde.fr/planete/article/2020;hal-03337765;Only in file1
https://semanticscholar.org/paper/small-is-beautiful-a-;hal-03228509;Only in file1
https://doi.org/10.12688;hal-03738973;Only in file1
https://inria.hal.science/hal-04240432;hal-04240432;Only in file1
https://orcid.org/0000-0002-8877-4654;hal-03719603;Only in file1
https://scikit-learn.org/stable/modules/generated;hal-03066941;Only in file1
https://doi.org;hal-03369680;Only in file1
https://inria.hal.science/hal-04093045;hal-04093045;Only in file1
https://orcid.org/0000-0003-3495-493x;hal-04002207;Only in file1
https://side-sante.org;hal-02355080;Only in file1
https://hal;hal-02935956;Only in file1
https://christophm.github;hal-03551329;Only in file1
https://docs.python.org/3/library;hal-04157720;Only in file1
https://qwant.com;hal-02571170;Only in file1
https://ceur-ws.org/vol-1558;hal-03500522;Only in file1
https://dx.doi.org/10.2312/egve/jvrc09/121-128;hal-03369680;Only in file1
https://ns.inria.fr/covid19;hal-02939363;Only in file1
https://github.com/interactions-hsg/leubot;hal-02289497;Only in file1
https://data;hal-03662183;Only in file1
https://vldb.org/pvldb/vol15;hal-03897397;Only in file1
https://github.com/monarch-initiative/omim;hal-04351729;Only in file1
https://hal.science/hal-03491950;hal-03491950;Only in file1
https://meteofrance.com;hal-03890035;Only in file1
https://github.com/twintproject/twint;hal-02269134;Only in file1
https://ceur-ws;hal-04201661;Only in file1
https://fauconnier.github.io;hal-03932371;Only in file1
https://artelys.com/docs/knitro/index.html;hal-02549758;Only in file1
https://hal.science/hal-03779349;hal-03779349;Only in file1
https://orcid.org/0000-0002-3076-5499;hal-04289970;Only in file1
https://doi.org/10.1007/s13593-014-0277-7;hal-02228974;Only in file1
https://hal.science/hal-03905409;hal-03905409;Only in file1
https://merriam-;hal-03748134;Only in file1
https://doi.org/10.1007/978-3-319-;hal-03937274;Only in file1
https://inria.hal.science/hal-03905085;hal-03905085;Only in file1
https://inria.hal.science/hal-03896410;hal-03896410;Only in file1
https://github.com/issa-project/issa-pipeline;hal-03807744;Only in file1
https://credweb.org/report/20181011;hal-02064075;Only in file1
https://doi.org/10.1371/journal.pone.0232078.g003;hal-02639237;Only in file1
https://inria.hal.science/hal-02549758;hal-02549758;Only in file1
https://futuregrid.org;lirmm-01867717;Only in file1
https://doi.acm.org/10.1145/3126908.3126951;hal-03266462;Only in file1
https://doi.org/10.1109/dsaa.2016.49;hal-03715416;Only in file1
https://arxiv.org/abs/1610.02608;lirmm-02949807;Only in file1
https://gitlab.com/ssvitor/dataflow_analyzer/tree/master/appl;lirmm-02949807;Only in file1
https://doi.org/10.1029;hal-02639237;Only in file1
https://forbes.com/sites/onmarketing/2017/01/24/how-;hal-01478788;Only in file1
https://doi.org/10.1145;hal-02066041;Only in file1
https://w3.org/ns;hal-04201661;Only in file1
https://arxiv.org/abs/1609.07236;hal-02066516;Only in file1
https://github;hal-02972184;Only in file1
"https://identifiers.org/chebi/chebi:36080""";hal-04125922;Only in file1
https://doi.org/10.1016/j.fcr.2010.07.012;hal-02228974;Only in file1
https://osr-cesbio.ups-tlse.fr/~oso/posts/2017-03-30-carte-s2-2016;hal-02945382;Only in file1
"https://fr.dbpedia.org/resource""";hal-02571170;Only in file1
https://doi.org/10.1016/j.applanim.2004.10.010;hal-03347926;Only in file1
https://skatelescope.org;hal-03189474;Only in file1
https://haute-vienne;hal-04322179;Only in file1
https://github.com/twktheainur/pyclinrec;hal-03969275;Only in file1
https://gitlab.inria.fr;hal-03791175;Only in file1
https://doi.org/10.1093/icesjms/fsn062;hal-03228509;Only in file1
https://github.com/colinleverger;hal-02371221;Only in file1
https://inria.hal.science/hal-04322179;hal-04322179;Only in file1
https://support.google.com/google-;hal-04311598;Only in file1
https://dit.unitn.it/~pavel/om2018/papers/oaei18_paper0.pdf;hal-02984949;Only in file1
https://github.com/halliwelln/multiple-explanations;hal-03402766;Only in file1
https://doi.org/10.4204/eptcs.215.5;hal-03112715;Only in file1
https://doi.org/10.14778/3407790.3407815;hal-02898931;Only in file1
https://imdb.com;hal-02435371;Only in file1
https://corese.inria.fr;hal-02289497;Only in file1
https://github.com/nimi-research/cnl_kgqa;hal-04269089;Only in file1
https://docs.microsoft.com/en-us/sql/relational-databases/security;hal-03692175;Only in file1
https://w3.org/tr/2004/rec-owl-ref-;hal-03189192;Only in file1
https:/;hal-02748219;Only in file1
https://wikitimeline.github.io;hal-03516420;Only in file1
https://arxiv.org/abs/1910.01432;hal-03741042;Only in file1
https://inria.hal.science/hal-02366730;hal-02366730;Only in file1
https://arxiv.org/abs/1412.6572;hal-02406503;Only in file1
https://saxonica.com;hal-03527888;Only in file1
https://doi.org/10.1109/access.2021.3084358;hal-04411802;Only in file1
https://imageclef.org;hal-03641389;Only in file1
https://frama.link/hbdkm7ep;hal-02060966;Only in file1
https://github.com/sisaman/gap;hal-03905068;Only in file1
https://arxiv.org/abs/1705.07874;hal-04377324;Only in file1
https://doi.org/10.1038/nature14539https://10.0.4.14;emse-02070625;Only in file1
https://dgraux.github.io/lov-es;hal-03765857;Only in file1
https://nlp.stanford.edu/~manning/papers/gibbscrf3.pdf;hal-03021075;Only in file1
https://doi.org/10.1080/00029890.1962.11989827;hal-02984949;Only in file1
https://w3id.org/rml/io;hal-04201661;Only in file1
https://arxiv.org/abs/1901.04831;hal-03812106;Only in file1
https://cnbc.com/2021/12/27/metas-oculus-virtual-reality-headsets-were-a-;hal-03710323;Only in file1
https://doi.org/10.1109/tmm.2021.3124080;hal-03710323;Only in file1
https://facebook.com/la.france.aux.urnes.2022;hal-04129915;Only in file1
https://doi.org/10.1016/j.ecolmodel.2012.02.002;hal-02228974;Only in file1
https://inria.hal.science/hal-03941879;hal-03941879;Only in file1
https://data.gouv.fr/datasets/58d3c14bc751df6883298f1c;hal-03326618;Only in file1
https://inrae.fr/en/news;lirmm-03785968;Only in file1
https://doi.org/10.1016/j.compag.2013.09.015;hal-03347926;Only in file1
https://kaggle.com/c;hal-03025572;Only in file1
https://lod-cloud.net;hal-02319638;Only in file1
https://dx.doi.org/10.1103/physreve.78.046110;hal-02435371;Only in file1
https://hal.science/hal-03266004;hal-03266004;Only in file1
https://doi.org/10.1145/3452021.3458815;hal-03381199;Only in file1
https://tinyurl;hal-03996787;Only in file1
https://inria.hal.science/hal-02081474;hal-02081474;Only in file1
https://inria.hal.science/hal-01891483;hal-01891483;Only in file1
https://tata.gforge.inria.fr;hal-02902853;Only in file1
https://franz.com/agraph/support/documentation/4.7/mongo-interface.html;hal-01926379;Only in file1
https://hal.archives-;hal-03710323;Only in file1
https://openprovenance.org;hal-03418836;Only in file1
https://projects.coin-or.org/couenne;hal-02549758;Only in file1
https://ceur-ws.org/vol-2065/paper08.pdf;hal-02984945;Only in file1
https://sciencedirect.com/science/article/pii/s0002929712000936;hal-03100032;Only in file1
https://github.com/exathlonbenchmark/exathlon;hal-03383535;Only in file1
https://docs.obspy.org/packages/obspy.clients.fdsn.html;hal-02373429;Only in file1
https://healthit.gov/topic;hal-02269209;Only in file1
https://aims.fao.org/aos/agrontology;hal-03301330;Only in file1
https://tinyurl.com/e-tonomy.”;hal-03925679;Only in file1
https://scientificamerican.com/article;emse-04058783;Only in file1
https://doi.org/10.1145/2830508;lirmm-02949807;Only in file1
https://hal.science/hal-02513295;hal-02513295;Only in file1
https://soufﬂe-lang.github.io/index.html;hal-03771031;Only in file1
https://hal.archives-ouvertes.fr/hal-;hal-03934389;Only in file1
https://orcid.org/0000-0002-9345-3994;hal-03404580;Only in file1
https://spacy.io;hal-03812106;Only in file1
https://orcid.org/0000-0002-7117-1988;hal-04043460;Only in file1
https://pytorch.org/docs/1.8.1;hal-03817452;Only in file1
https://image-net.org;hal-03817452;Only in file1
https://sciencedirect.com;hal-03892080;Only in file1
https://github.com/luanguimaraesla/mqttsn;hal-04161546;Only in file1
https://granddebat.fr/media/default/0001/01/f73f9c2f64a8cf0b6efa24fdc80179e7426b8cc9;hal-02860659;Only in file1
https://dbpedia.org/ontology;hal-02100230;Only in file1
https://doi.org/10.1016/j;hal-04014977;Only in file1
"https://dbpedia.org/ontology""";hal-02571170;Only in file1
https://ceur-ws.orgissn;hal-04311370;Only in file1
"https://purl.obolibrary.org/obo/to_0000017""";lirmm-02945170;Only in file1
https://hal-lirmm.ccsd.cnrs.fr/lirmm-03833578;lirmm-03833578;Only in file1
https://franz.com/agraph/support/documentation/current;hal-02051413;Only in file1
https://hbase.apache.org;lirmm-03639381;Only in file1
https://doi.org/10.1257/jep.31.2.211;hal-03112715;Only in file1
https://edgeless.systems/products;hal-03941879;Only in file1
https://ijcai.org;hal-04358408;Only in file1
https://proceedings.neurips.cc/paper/2011/file;hal-02406503;Only in file1
https://github.com/halliwelln/prototype-explanations;hal-03591012;Only in file1
https://dx.doi.org/10.1145/2670528;hal-02066516;Only in file1
https://hal.science/hal-02381163;hal-02381163;Only in file1
https://inria.hal.science/hal-03925714;hal-03925714;Only in file1
https://doi.org/10.1145/3511808.3557489;hal-03908363;Only in file1
https://orcid.org/0000-0003-2739-5850;hal-04040702;Only in file1
https://github.com/materialdigital/core-ontology;hal-04351729;Only in file1
https://hal.science/hal-02389918;hal-02389918;Only in file1
https://hal.science/hal-03934420;hal-03934420;Only in file1
https://doi.org/10.1145/3543873;hal-04335612;Only in file1
"https://ebi.ac.uk/biomodels/legal.html""";hal-04125922;Only in file1
https://inria.hal.science/hal-04344873;hal-04344873;Only in file1
https://inria.fr/tproduct/p1;hal-03516713;Only in file1
https://actuia.com/english/otesi;hal-03765860;Only in file1
https://doi.org/10.1007/978-3-030-62466-8_18;hal-03404580;Only in file1
https://team.inria.fr/cedar/connectionlens;hal-03945733;Only in file1
https://doi.org/10.1111/j.1469-8137;hal-02228974;Only in file1
https://arxiv.org;hal-04346759;Only in file1
https://vldb.org/archives/website/2005/program/paper/wed/p505-;hal-03886320;Only in file1
https://inria.hal.science/hal-03087778;hal-03087778;Only in file1
https://web.cs;hal-04377324;Only in file1
https://tel;hal-03403125;Only in file1
https://hal.science/hal-03426150;hal-03426150;Only in file1
https://doi.org/10.1139/geomat-2020-0006;hal-03296233;Only in file1
https://inria.hal.science/hal-02936130;hal-02936130;Only in file1
https://tunguska.uoregon.edu/rtgnss/data/cwu/mseed;hal-02373429;Only in file1
https://doi.org/10.1002/aps3.11372;hal-03871553;Only in file1
https://134.59.134.227;hal-04315527;Only in file1
https://wikidata.org/entity/q82069695;hal-03301330;Only in file1
https://doi.org/10.1016/j.eja;hal-02228974;Only in file1
https://arxiv.org/abs/2105.08393;hal-03866083;Only in file1
https://sabiod.univ-tln.fr/nips4b;hal-02345644;Only in file1
https://w3.org/tr/wot-thing-description;hal-02196903;Only in file1
https://orcid.org/0000-0002-6462-7633;hal-03965684;Only in file1
https://doi.org/10.1007/s11119-005-5643-7;hal-03329674;Only in file1
https://github.com/micbuffa/walatencycompensation;hal-04335612;Only in file1
https://team.inria.fr/wimmics;hal-03084029;Only in file1
https://github.com/frmichel/sparql-micro-service;hal-02060966;Only in file1
https://hal-lirmm.ccsd.cnrs.fr/lirmm-03762686;lirmm-03762686;Only in file1
https://doi.org/10.1016/j.eja.2013.09.009;hal-02228974;Only in file1
https://ns.inria.fr/covid19/covidontheweb-1-2;hal-03230741;Only in file1
https://creep-project.eu;hal-02972184;Only in file1
https://github.com/llvllahsa/collaborativepersonalizedmeanestimation;hal-03905917;Only in file1
https://doi.acm.org/10.1145/1620585.1620591;hal-03329908;Only in file1
https://doi.org/10.1145/2488388;hal-04228304;Only in file1
https://doi.org;hal-04093045;Only in file1
https://unicode.org/emoji/charts/full-emoji-list.html;hal-02972184;Only in file1
https://hal.science/hal-03512110;hal-03512110;Only in file1
https://arxiv.org/abs/1811.07867;hal-02066516;Only in file1
https://github.com/yikeliu/vog-overlap;hal-01925496;Only in file1
https://arxiv;hal-03256451;Only in file1
https://kaggle.com;hal-03641389;Only in file1
https://fcc.gov/document/sponsorship-identification-rules-and-;hal-04311598;Only in file1
https://doi.org/10.1109/issnip.2007.4496859;hal-03415990;Only in file1
https://gbif.org;hal-03641389;Only in file1
https://w3.org/tr/sparql11-protocol;hal-03404125;Only in file1
https://papers.nips.cc/paper_files/paper;hal-04353543;Only in file1
https://bitbucket.org/grizzo001/dl-foil/src/master;hal-04353543;Only in file1
https://tpc.org/tpc_;hal-03127726;Only in file1
https://chat.openai.com/share;hal-04282533;Only in file1
https://hal.science/hal-02972180;hal-02972180;Only in file1
https://doi.org/10.3897/biss.6.93640;hal-03762964;Only in file1
https://support.google.com;hal-04311598;Only in file1
https://doi.org/10.1145/3583780.3614756;hal-03517826;Only in file1
https://ckan.org;hal-02060966;Only in file1
https://github;hal-04157720;Only in file1
https://graphdb.ontotext.com;hal-04353523;Only in file1
https://ceur-ws.orgissn;hal-03905183;Only in file1
https://geves.fr/catalogue;hal-04289970;Only in file1
https://doi.org/10.5281/zenodo.4455857;hal-03150701;Only in file1
https://verizon.com/business/resources/reports;hal-03726234;Only in file1
https://inria.hal.science/hal-03351621;hal-03351621;Only in file1
https://dx.doi.org/10.1145/1265530.1265564;hal-03527888;Only in file1
https://doi.org/10.1007/978-3-319-;hal-03138755;Only in file1
https://inria.hal.science/hal-02267180;hal-02267180;Only in file1
https://tools.wmflabs.org/wikidata-exports/rdf/index.html;hal-03500647;Only in file1
https://doi.acm.org/10.1145/2910580;hal-03329908;Only in file1
https://hal.science/hal-02483307v2;hal-02483307;Only in file1
https://ldbcouncil.org;hal-03118422;Only in file1
https://github.com/chaozhang-db/pba;lirmm-03359490;Only in file1
https://creativecommons.org/ns;hal-04372234;Only in file1
https://ics.forth.gr/isl/benchmarkstutorial;hal-02435371;Only in file1
https://doi.org/10.5281/zenodo;hal-03601145;Only in file1
https://github.com/mapping-commons/sssom/issues;hal-04289970;Only in file1
https://ceur-ws.org/vol-156;hal-04351729;Only in file1
https://w3.org/tr/2014/note-rdf11-;hal-04388912;Only in file1
https://kluedo.ub.uni-;hal-03779349;Only in file1
https://doi.org/10.1109/iv53921.2021.00013;hal-04293239;Only in file1
https://iter.org;hal-03189474;Only in file1
https://doi.org/10.1093/aob/mcy208;hal-02228974;Only in file1
https://doi.org;hal-04138880;Only in file1
https://doi.org/10.1145/3442442.3458608;hal-04201661;Only in file1
https://inria.hal.science/hal-02931396;hal-02931396;Only in file1
https://doi.org/10.1162/dint_a_00042;hal-03871553;Only in file1
https://ub-madoc.bib.uni-mannheim.de;hal-02984951;Only in file1
https://inria.hal.science/hal-04125922v2;hal-04125922;Only in file1
https://arxiv.org/abs/2112;hal-04377324;Only in file1
https://ceur-ws.orgissn;hal-03353487;Only in file1
https://arxiv.org/abs/2003.06868;hal-04377324;Only in file1
https://inria.hal.science/hal-03084671;hal-03084671;Only in file1
https://doi.org/10.1016/j.compag.2013.06.002;hal-03347926;Only in file1
https://arxiv.org/abs/1909.04715;hal-02406503;Only in file1
https://doi.org/10.1111/j.1365-2400.2011.00844.x;hal-03228509;Only in file1
https://earth.esa.int/eogateway/missions/skysat;hal-04411802;Only in file1
https://hal;hal-03807744;Only in file1
https://gitlab.inria.fr/jestopin/sen2patch;hal-03693593;Only in file1
https://w3.org/tr/2017/rec-;hal-03189192;Only in file1
https://aclanthology.org/e09-1056;hal-04353543;Only in file1
https://cidrdb.org/cidr2017/gongshow/abstracts/cidr2017\;hal-02435371;Only in file1
https://doi.org/10.1145/3447548.3467360;lirmm-03468587;Only in file1
https://inria.hal.science/hal-02005106;hal-02005106;Only in file1
https://docs.ckan.org;hal-03301330;Only in file1
https://arxiv.org/abs/1810;hal-03256451;Only in file1
https://audiolabs-erlangen.de/resources/2017-countnet;lirmm-02010805;Only in file1
https://wikidata.org;hal-04353543;Only in file1
https://doi.org/10.1007/s00607-017-;hal-03079818;Only in file1
https://hal.science/hal-04234719;hal-04234719;Only in file1
https://hal;hal-03415990;Only in file1
https://doi.org/10.14778;hal-03897397;Only in file1
https://ceur-ws.orgissn;hal-03801032;Only in file1
https://obofoundry.org;hal-04353523;Only in file1
https://doi.org/10.1049/iet-;hal-04205128;Only in file1
https://vertx.io;hal-02289497;Only in file1
https://doi.acm.org/10.1145;hal-02406503;Only in file1
https://www;hal-03424974;Only in file1
https://e2.g/sparql;hal-03404125;Only in file1
https://ceur-ws.orgissn;hal-04371254;Only in file1
https://covidontheweb.inria.fr/sparql;hal-03404580;Only in file1
https://nltk.org;hal-02317227;Only in file1
https://wasabi.i3s.unice.fr/apidoc;hal-03812106;Only in file1
https://hal.science/hal-02051413;hal-02051413;Only in file1
https://github;hal-03828747;Only in file1
https://ijcai.org/proceedings/91-1/papers/089.pdf;emse-04058783;Only in file1
https://aaai.org/library/aaai;hal-04353543;Only in file1
https://aclweb.org/anthology/p/p14/p14-5010;hal-02984949;Only in file1
https://doi.org/10.7287/peerj.preprints.27934v1;hal-03347926;Only in file1
https://visionet;hal-03358998;Only in file1
https://usenix.org/conference/tapp16/workshop-;lirmm-02949807;Only in file1
https://inria.hal.science/hal-03084627;hal-03084627;Only in file1
https://hal.science/hal-02933266;hal-02933266;Only in file1
https://cifkao.github.io;hal-03917930;Only in file1
https://unice.fr/laboratoires/line​margarida.romero@unice.fr;hal-02145478;Only in file1
https://hal.science/hal-04014977;hal-04014977;Only in file1
https://hal.science/hal-03482955;hal-03482955;Only in file1
https://doi.org/10.1145/767193;hal-02532706;Only in file1
https://gitlab.inria.fr/hayats/connor;hal-04246864;Only in file1
https://doi.org/10.35490/ec3.2019.170;hal-04031744;Only in file1
https://github.com/davidenardone/mtss-multivariate-;hal-02373429;Only in file1
https://inria.hal.science/hal-03516360;hal-03516360;Only in file1
https://hal-lirmm.ccsd.cnrs.fr/lirmm-04264125;lirmm-04264125;Only in file1
https://doi.org/10.1016/s0308-521x(01)00054-3;hal-03231805;Only in file1
https://doi.org/10.57745/lvrfwj”;hal-04289970;Only in file1
https://seals-project.eu;hal-04351729;Only in file1
https://hal.science/hal-04002207;hal-04002207;Only in file1
https://yann.lecun;hal-02376981;Only in file1
https://gitlab.eurecom.fr/asrael/source-extractor;hal-02269134;Only in file1
https://bitbucket.org/rdfminer/disjointnessclassaxiomge/src/master/goldstandard.csv;hal-02319638;Only in file1
https://github.com/faroit/countnet;lirmm-02010805;Only in file1
https://fsa.usda.gov;lirmm-03793595;Only in file1
https://arxiv.org/abs/2006;hal-03256451;Only in file1
https://springerlink.com;hal-03905183;Only in file1
https://gitlab.com/tomaye/abstrct;hal-02879293;Only in file1
https://hal.science/hal-04212137;hal-04212137;Only in file1
https://arxiv.org/abs/1910;hal-03256451;Only in file1
https://lacompagnieducode.org​;hal-02145478;Only in file1
https://jstor.org/stable/2629312;hal-03104155;Only in file1
https://inria.hal.science/hal-03820603v2;hal-03820603;Only in file1
https://inria.hal.science/hal-04346839;hal-04346839;Only in file1
https://ontology.irstea.fr/pmwiki.php/site;hal-03889780;Only in file1
https://github.com/rheem-ecosystem/rheem/tree/master/rheem-;hal-02070827;Only in file1
https://github.com;hal-04201661;Only in file1
https://doi.org/10.15468;hal-03220977;Only in file1
https://hal.umontpellier.fr/hal-02281455;hal-03415990;Only in file1
https://github.com/krr-oxford/guarded-saturation;lirmm-03714595;Only in file1
https://github.com/brijmohan/adaptive_voice_;hal-02355115;Only in file1
https://paddlepaddle.org;hal-02406503;Only in file1
https://doi.org/10.1093/jas/skac222;hal-03699447;Only in file1
https://pewresearch.org/internet/2018/11/07/many-turn-;hal-04311598;Only in file1
https://docs.microsoft.com/en-us/sql/relational-databases/security;hal-03941879;Only in file1
https://inria.hal.science/hal-04311370;hal-04311370;Only in file1
https://doi.org/10.1017;hal-03342381;Only in file1
https://di.unito.it/˜tutreeb;hal-02381152;Only in file1
https://arxiv.org/abs/2102.11107;hal-04377324;Only in file1
https://doi.org/10.1145/3308560.3317073;hal-02060966;Only in file1
https://mdpi.com/journal/plants;hal-03601464;Only in file1
https://gitlab.inria.fr/magnet/anonymization˙metrics;hal-02907918;Only in file1
https://doi.org/10.1038/sdata.2016.18;hal-02483307;Only in file1
https://laas.hal.science/hal-04385641;hal-04385641;Only in file1
https://pubs.acs.org/doi/abs/10;hal-03329674;Only in file1
https://ijcai;hal-03356951;Only in file1
https://hal.science/hal-03710323;hal-03710323;Only in file1
https://doi.org/10.1007;hal-02639237;Only in file1
https://inria.hal.science/hal-03084606;hal-03084606;Only in file1
https://doi.org/10.1109/90.413212;hal-03266462;Only in file1
https://dx.doi.org/10.1145/1132952.1132954;hal-02435371;Only in file1
https://semanticaudio.ac.uk;hal-02366730;Only in file1
https://hal.umontpellier.fr/hal-02573627;hal-02573627;Only in file1
https://doi.org/10.1145/2567574.2567591;hal-03084671;Only in file1
https://w3.org/tr/2013/rec-sparql11-service-;hal-03946680;Only in file1
https://doc.ai/blog;hal-02406503;Only in file1
https://dl;hal-04358408;Only in file1
https://doi.org/10.14778/3415478.3415516;hal-03150404;Only in file1
https://yahooresearch.tumblr.com;lirmm-04225369;Only in file1
https://raw.githubusercontent.com/inovexirad/matonto-ontologies/master/matonto-release.ttl;hal-04351729;Only in file1
https://earthengine.google.com;hal-04411802;Only in file1
https://hal.science/hal-03889910;hal-03889910;Only in file1
https://mediamonitoring.gesis.org;hal-03189474;Only in file1
https://arxiv.org/abs/2003.05997;hal-03256451;Only in file1
https://aliceinfo;lirmm-01867717;Only in file1
https://doi.org/10.1109/isspit47144;hal-04132566;Only in file1
https://inria.hal.science/hal-03117322;hal-03117322;Only in file1
https://w3.org/tr/rdf11-concepts;hal-02921457;Only in file1
https://clips.uantwerpen.be/conll2003/ner;hal-03150441;Only in file1
https://cassandra.apache;hal-02174445;Only in file1
https://github.com/houshd;hal-03469487;Only in file1
https://doi.org/10.1111/j.1541-0420;hal-03220977;Only in file1
https://github.com/dwslab/melt/tree/master/examples/kgevalcli;hal-04351729;Only in file1
https://huggingface.co/transformers/v3.0.2;hal-04008864;Only in file1
https://hal.science/hal-03356951;hal-03356951;Only in file1
https://doi.org/10.1145/2993318.2993338;hal-03765857;Only in file1
https://staff.fnwi.uva;hal-04152998;Only in file1
https://doi.org/10.1162/dint_a_00051;hal-02483307;Only in file1
https://hal.science/hal-03807744;hal-03807744;Only in file1
https://makg.org;hal-03518845;Only in file1
https://geonames.org/ontology/ontology_v3.2.rdf;hal-03426150;Only in file1
https://taxref.mnhn.fr/taxref-web/api/doc;hal-01926379;Only in file1
https://hal.science/hal-03933868;hal-03933868;Only in file1
https://inria.hal.science/hal-03133223;hal-03133223;Only in file1
https://newsguardtech.com;hal-02990781;Only in file1
https://w3.org/tr/xmlschema-1;hal-04125922;Only in file1
https://doi.org/10.1007/bf01383878;hal-02492780;Only in file1
https://usgs.gov/core-science-systems/nli/landsat/landsat-8;hal-04411802;Only in file1
https://ceur-ws.org;hal-03135088;Only in file1
https://github.com/json-path/jsonpath;hal-01926379;Only in file1
https://prov.readthedocs.io/en/latest/prov.html;lirmm-03324873;Only in file1
https://147.100.179.112:;lirmm-03036910;Only in file1
https://ceur-ws.org/vol-1695/paper4.pdf;hal-04353523;Only in file1
https://github.com/naomiaro/waveform-playlist;hal-04335612;Only in file1
https://vive.com/eu/product/vive-pro-eye/overview;hal-04102737;Only in file1
https://inria.hal.science/hal-03500647;hal-03500647;Only in file1
https://gate.ac.uk;hal-03502001;Only in file1
https://politi;hal-03916393;Only in file1
https://sites.google.com/view/ibereval-2018;hal-02972184;Only in file1
https://sites.google.com/view/nlp4musa;hal-03279850;Only in file1
https://gitlab;hal-04351105;Only in file1
https://doi.org/10.5281;hal-03256451;Only in file1
https://jmlr.org/papers/v20/17-026.html;hal-02166422;Only in file1
https://onlinelibrary.wiley.com/doi/abs/10.1002;lirmm-02364411;Only in file1
https://github.com/dapreco/daprecokb/blob/master/gdpr/riokb_gdpr.xml;hal-03065217;Only in file1
https://hal-lirmm.ccsd.cnrs.fr/lirmm-04214807;lirmm-04214807;Only in file1
https://inria.hal.science/hal-03197376v3;hal-03197376;Only in file1
https://postgresql.org;hal-03118422;Only in file1
https://go-fair.org;hal-03969275;Only in file1
https://agroportal.lirmm.fr/ontologies/taxref-ld;hal-04289970;Only in file1
https://gist.github.com/johnmeade/d8d2c67b87cda95cd253f55c21387e75;hal-03197376;Only in file1
https://doi.org/10.1016/j.future.2019.10.006;hal-04201661;Only in file1
https://github.com/wimmics/corese;hal-03190617;Only in file1
https://hbase.apache.org;lirmm-01867717;Only in file1
https://ijsi.org/ijsi/article;hal-04353523;Only in file1
https://usdb.animux.de;hal-03133188;Only in file1
https://ceur-ws.org/vol-3256;hal-04358408;Only in file1
https://github.com/nju-websoft/qgstp;hal-04110779;Only in file1
https://lesincollables.com;hal-02571170;Only in file1
https://doi.org/10.1016/j.agrformet.2011.09.003;hal-02228974;Only in file1
https://inria.hal.science/hal-02174445;hal-02174445;Only in file1
https://doi.org/10.1002/itl2.50;hal-03135088;Only in file1
https://gitlab.inria.fr;hal-04157720;Only in file1
https://universalanaphora.github.io;hal-03925147;Only in file1
https://nytimes.com/2018/04/04/us/politics;hal-04129915;Only in file1
https://adanalyst.mpi-sws.org;hal-03916393;Only in file1
https://developers.google.com/freebase;hal-04353543;Only in file1
https://doi.org/10.1016/j.rse.2005.10.014;hal-03220977;Only in file1
https://github.com/tpt/corhist;hal-02066041;Only in file1
https://inria.hal.science/hal-03635452v2;hal-03635452;Only in file1
https://inria.hal.science/hal-04344975;hal-04344975;Only in file1
https://inria.hal.science/hal-04228113;hal-04228113;Only in file1
https://transportenvironment.org/news/uber-and-lyft-increase-pollution-and-;hal-03189474;Only in file1
https://langual.org/langual;hal-04366893;Only in file1
https://www;hal-03662183;Only in file1
https://arxiv.org/abs;hal-03160473;Only in file1
https://aaai.org/ocs/index.php/aaai/aaai18/paper/view/17366;hal-04344975;Only in file1
https://doi.org/10.1145/3544548.3581575;hal-04132566;Only in file1
https://lifeclef.org;hal-02873670;Only in file1
https://bitbucket.org/guerret/lu.uni.eclipse.bpmn2/src;hal-03065217;Only in file1
https://hub.docker.com;hal-03807744;Only in file1
https://hal.inria.fr;hal-04110779;Only in file1
https://doi.org/https://doi.org/10.1016/s0304-;hal-03167637;Only in file1
https://hal.science/hal-02381078;hal-02381078;Only in file1
https://github.com/issa-project/web-backend;hal-03807744;Only in file1
https://audiomass.co;hal-04335612;Only in file1
https://hal.science/hal-03345699;hal-03345699;Only in file1
https://creativecommons.org/licenses/by-nc-nd/4.0;hal-02267180;Only in file1
https://vldb.org/pvldb/vol8/p1310-shin.pdf;hal-03104155;Only in file1
https://w3.org/tr/2020;hal-03135088;Only in file1
https://aclweb.org/anthology/d18-2012;hal-04346759;Only in file1
https://doi.org/10.1068/a45571;hal-03913497;Only in file1
https://w3.org/tr/vocab-dcat;hal-02939363;Only in file1
https://doi.org/10.1016/j.tjem.2018.08;hal-03710323;Only in file1
https://semanticbible.com/index.html;hal-04346839;Only in file1
https://stacks.iop.org/1742-5468/2008/i=10/a=p10008;hal-02435371;Only in file1
https://hal.umontpellier.fr/hal-02281455;hal-02945382;Only in file1
https://doi.org/10.1016/j.ecolmodel.2005.03.026;hal-03220977;Only in file1
https://hal.umontpellier.fr/hal-02137748;hal-02137748;Only in file1
https://imageclef.org;hal-02945382;Only in file1
https://docs.oracle.com/javase/7/docs/api/java;lirmm-02913503;Only in file1
https://microsoft.com/en-us/hololens;hal-02196903;Only in file1
https://github.com/cifkao;hal-03917930;Only in file1
https://wiki.dbpedia.org;hal-02936253;Only in file1
https://lpdaac.usgs.gov/products/srtmgl1v003;lirmm-03793595;Only in file1
https://inria.hal.science/hal-03866030;hal-03866030;Only in file1
https://w3.org/ns/prov;hal-02939363;Only in file1
https://arxiv;hal-03940590;Only in file1
https://hal.science/hal-02381105;hal-02381105;Only in file1
https://doi.org/10.5281/zenodo.7032668;hal-03871553;Only in file1
https://doi.org/10.48550;hal-04322179;Only in file1
https://doi.acm.org/10.1145/1871437;hal-02571170;Only in file1
https://doi.org/10.1145/1822018.1822043;hal-03657095;Only in file1
https://politifact.com/truth-o-meter/statements/2019/jan/09/donald-trump;hal-02057980;Only in file1
https://github.com/saist1993;hal-03905094;Only in file1
https://sciencedirect.com/science/article/pii/s0304397519303214;hal-01891814;Only in file1
https://doi.org/10.1145;lirmm-03324873;Only in file1
https://ceur-ws.orgissn;hal-03896410;Only in file1
https://arxiv.org/abs;hal-04041691;Only in file1
https://github.com/interactions-hsg/leubot;hal-03135088;Only in file1
https://hal.science/hal-04171196;hal-04171196;Only in file1
https://vive.com/eu/accessory/wireless-adapter;hal-04102737;Only in file1
https://wikidata.org/wiki/wikidata:statistics;hal-04269089;Only in file1
https://iana.org/assignments/media-types;hal-02060966;Only in file1
https://hal.science/hal-03748134;hal-03748134;Only in file1
https://doi.org/10.1017/s1751731118001453;hal-03347926;Only in file1
https://ai.googleblog.com/2017/04;hal-02406503;Only in file1
https://force11.org/group/fairgroup;hal-02873670;Only in file1
https://gbif.org;hal-03150701;Only in file1
https://data.cityofchicago.org;hal-03801032;Only in file1
https://hpc4e.eu/downloads;lirmm-02045144;Only in file1
https://hal.science/hal-04198414;hal-04198414;Only in file1
https://ebi.ac.uk/ols/ontologies/prov;hal-04366893;Only in file1
https://hal.science/hal-03406994;hal-03406994;Only in file1
https://doi.org/10.5281/zenodo.3958000;hal-03256451;Only in file1
https://ceur-ws.org/vol-2721/paper520.pdf;hal-04344975;Only in file1
https://arxiv.org/abs/1910.00189;hal-02406503;Only in file1
https://faustide.grame.fr;hal-03951799;Only in file1
https://doi.org/10.23919/eusipco.2017.8081512;hal-03415990;Only in file1
https://theory.cs.princeton.edu/complexity;hal-04377324;Only in file1
https://dx.doi.org/10.1007/s10922-014-9336-2;hal-03266462;Only in file1
https://arxiv.org/abs/1705.03122;hal-03256451;Only in file1
https://cran.r-;lirmm-03452170;Only in file1
https://ftp.cs.elte.hu/~lovasz/morepapers/fglss.pdf;hal-04377324;Only in file1
https://doi.org/10.1007;hal-03140067;Only in file1
https://freedomboxfoundation.org;hal-03140409;Only in file1
https://https://ec.europa.eu/eurostat;hal-03791175;Only in file1
https://ceur-ws.orgissn;hal-03933868;Only in file1
https://dx.doi.org/10.1016/j.tcs.2015.01.017;hal-03536045;Only in file1
https://oaei.ontologymatching.org/2023/results/knowledgegraph/index.html;hal-04366893;Only in file1
https://doi.org/10.1080/19485565.2013.774628;hal-03100032;Only in file1
https://wellcome.ac.uk/funding/guidance/how-complete-outputs-management-plan;hal-02483307;Only in file1
https://geographica.di.uoa.gr;hal-02435371;Only in file1
https://doi.org/10.1007/978-3-319-46523-420;hal-03021075;Only in file1
https://ec.europa.eu/info/law/law-topic/data-;hal-03845144;Only in file1
https://ftc.gov/sites/default/ﬁles/attachments;hal-03916393;Only in file1
https://tudingbus.com;lirmm-02913503;Only in file1
https://hal-lirmm.ccsd.cnrs.fr/lirmm-03793591;lirmm-03793591;Only in file1
https://hal.inria.fr/hal-02366730;hal-03812106;Only in file1
https://musketeer.eu/project;hal-02406503;Only in file1
https://tools.ietf.org/html/rfc8615;hal-03301330;Only in file1
https://inria.hal.science/hal-03871500;hal-03871500;Only in file1
https://enisa;hal-04092216;Only in file1
https://inria.hal.science/hal-02907918;hal-02907918;Only in file1
https://qweb.cs.aau.dk/jedi;hal-03886320;Only in file1
https://huggingface.co/choubert;hal-04008864;Only in file1
https://w3.org/community/webagents;hal-04358408;Only in file1
https://hal.science/hal-04148587;hal-04148587;Only in file1
https://premierinc.com/newsroom/education/premier-;hal-03266004;Only in file1
https://doi.org/10.3758/s13428-;hal-04102737;Only in file1
https://github.com/bfo-ontology;hal-03662183;Only in file1
https://phenome-emphasis.fr;hal-02174445;Only in file1
https://hal.science/hal-04351644;hal-04351644;Only in file1
https://disi.unitn.it/~pavel/om2017/papers/om2017_tpaper2.pdf;hal-02984949;Only in file1
https://esgyn.com/wp-content/uploads/esgyndb-technical-;lirmm-03639381;Only in file1
https://w3.org/tr/sparql11-;hal-03886320;Only in file1
https://hal-lirmm.ccsd.cnrs.fr/lirmm-04320944;lirmm-04320944;Only in file1
https://arxiv.org/abs;lirmm-03714595;Only in file1
https://inria.hal.science/hal-03097047v3;hal-03097047;Only in file1
https://sake.re/20201001-dola;hal-03426130;Only in file1
https://doi.org/10.1007/978-94-010-0526-5_15;hal-03151014;Only in file1
https://doi.org/10.3758/s13428-;hal-03710323;Only in file1
https://worldclim.org;hal-03693593;Only in file1
https://doi.org/10.3389/frai.2020.534696;hal-04411802;Only in file1
https://sabiod.org/icml4b2013_book.pdf;hal-04322219;Only in file1
https://hal.inrae.fr/hal-02910844;hal-02910844;Only in file1
https://proceedings.neurips.cc/paper/2017/hash;hal-04388942;Only in file1
https://doi.acm;hal-02406503;Only in file1
https://github.com/patrickzib/sfa;hal-03510012;Only in file1
https://langual.org/default.asp;hal-04351729;Only in file1
https://jstor.org;hal-03140067;Only in file1
https://healthit.gov/topic;hal-02269201;Only in file1
https://doi.org/10.1016/j.anifeedsci.2020.114611;hal-03347926;Only in file1
https://eprint.iacr.org/2000/067;hal-02913866;Only in file1
https://github.com/ehabets;lirmm-02010805;Only in file1
https://tinyurl.com/mr48npau;hal-03951799;Only in file1
https://doi.org/10.1038/s41597-023-02642-w;hal-04386951;Only in file1
https://spark.apache.org/mllib;lirmm-02045144;Only in file1
https://doi.org/10.1007;hal-03871553;Only in file1
https://hal.science/hal-02317227;hal-02317227;Only in file1
https://hal.science/hal-04234906;hal-04234906;Only in file1
https://pubmed.ncbi.nlm.nih.gov/advanced;hal-03811323;Only in file1
https://hal.science/hal-03148041;hal-03148041;Only in file1
https://inria.hal.science/hal-01176763v2;hal-01176763;Only in file1
https://dbpedia.org;hal-04353543;Only in file1
https://sciencedirect.com/science/article/pii/s1570866708000683;hal-02984949;Only in file1
https://gitlab.inria;hal-03791175;Only in file1
https://ai;hal-02406503;Only in file1
https://doi.org/10.1613/jair.953;hal-04311401;Only in file1
https://doi.org/10.1111/2041-210x.12180;hal-02639237;Only in file1
https://data.cityofchicago.org/health-human-services;hal-03770516;Only in file1
https://millionsongdataset.com/lastfm;hal-03133188;Only in file1
https://www;hal-02289497;Only in file1
https://portal.idigbio.org/portal/search;hal-02945382;Only in file1
https://doi.org/10.1371/journal.pone.0153071;hal-03871553;Only in file1
https://npmjs.com/search;hal-03951799;Only in file1
https://doi.org/10.1093/auk/108.2.443;hal-02989101;Only in file1
https://inria.hal.science/hal-03498165;hal-03498165;Only in file1
https://ceur-ws.org/vol-225/paper7.pdf;hal-04366893;Only in file1
https://matportal.org/ontologies/mseo;hal-04366893;Only in file1
https://doi.org/10.1007;hal-02196903;Only in file1
https://cbd.int;hal-03415990;Only in file1
https://doi.org/10.4018/978-1-60960-593-3;emse-02070625;Only in file1
https://ncses.nsf.gov/pubs/nsb20206;hal-03648498;Only in file1
https://hdl.handle.net/2299/4885;hal-02571170;Only in file1
https://doi.org/10.5281/zenodo;hal-02281455;Only in file1
https://doi.org/10.1088/1748-9326/acadf3;hal-03965684;Only in file1
https://doi.org;hal-03641389;Only in file1
https://w3.org/tr/2014/rec-rdf11-concepts-20140225;hal-03189192;Only in file1
https://homes.cs.washington.edu;hal-03514297;Only in file1
https://tel.archives-ouvertes;lirmm-02148200;Only in file1
https://doi.org/10.1109/jra;emse-04058783;Only in file1
https://inria.hal.science/hal-02860659v3;hal-02860659;Only in file1
https://cocod;hal-02910844;Only in file1
https://flir.com/oem/adas;hal-02872123;Only in file1
https://inria.hal.science/hal-03064464;hal-03064464;Only in file1
https://nouvelobs.com/politique/20181219.obs7366/grand-debat-national-voulu-par-;hal-02860659;Only in file1
https://arxiv.org/abs/1803.01113;hal-02406503;Only in file1
https://w3.org;hal-04372234;Only in file1
https://wasabihome.i3s.unice.fr;hal-02366730;Only in file1
https://gitlab.inria.fr/magnet/gdn-lib;hal-02860659;Only in file1
https://rd-alliance.org;hal-03969275;Only in file1
https://doi.org/10.1016/0020-0190(85)90123-1;hal-04278100;Only in file1
https://w3.org/tr/sparql11-federated-query;hal-03404125;Only in file1
https://agric;hal-02910844;Only in file1
https://hal.science/hal-02940236;hal-02940236;Only in file1
https://doi.org/10.1016/j.jenvman.2015.11.014;hal-02228974;Only in file1
https://inria.hal.science/hal-04240543;hal-04240543;Only in file1
https://doi.org/10.14778/3137765.3137789;lirmm-02949807;Only in file1
https://doi.org/10.1016/j.fcr.2017.08.024;hal-02228974;Only in file1
https://inria.hal.science/hal-03648498;hal-03648498;Only in file1
https://doi.org/10.1109;lirmm-03833578;Only in file1
https://dx.doi.org/10.14778/2732939.2732945;hal-02435371;Only in file1
https://lix.polytechnique.fr/∼liberti/rairo18.pdf;hal-02549758;Only in file1
https://arxiv.org/abs;hal-04377324;Only in file1
https://arxiv.org/abs/1802;hal-02406503;Only in file1
"https://example.org/probability""";hal-02064075;Only in file1
https://binaire.blog.lemonde.fr/files/2014/07/personalinfosystem.short_.fr_.3.pdf;hal-03140409;Only in file1
https://cs.ox.ac.uk/people/michael.vandenboom;hal-02307999;Only in file1
https://gitlab.inria.fr/pmangold1;hal-03714465;Only in file1
https://doi.org/10.1002/mar.21444;hal-04102737;Only in file1
https://doi.org/10.1038/nature16961;hal-03266462;Only in file1
https://sciencedirect.com/science/article/pii;hal-03807744;Only in file1
https://w3.org/rdf;hal-03021075;Only in file1
https://virtuoso.openlinksw.com;hal-02936253;Only in file1
https://telecom-paris.hal.science/hal-02288063;hal-02288063;Only in file1
https://doi.org/10.1016/j;hal-03770578;Only in file1
https://ceur-ws.org/vol-2980/paper374.pdf;hal-04201661;Only in file1
https://r-project.org;hal-02962262;Only in file1
https://w3.org/tr/rdf-sparql-query;hal-04269089;Only in file1
https://doi.org/10.3390/app112411932;hal-04201661;Only in file1
https://aicrowd.com/challenges;hal-02873670;Only in file1
https://w3.org/rdf;hal-04353523;Only in file1
https://doi.org/10.3897/biss.4.58933;hal-03338811;Only in file1
https://alexandria;hal-02289497;Only in file1
https://inria.hal.science/hal-03934346;hal-03934346;Only in file1
https://inria.hal.science/hal-02366723;hal-02366723;Only in file1
https://catalog.ldc.upenn.edu/ldc93s1;hal-02166422;Only in file1
https://arxiv.org/abs/1402.0567;hal-04377324;Only in file1
https://hal.science/hal-03346196;hal-03346196;Only in file1
https://doi.org/10.48550/arxiv;hal-04405026;Only in file1
https://doi.org/10;hal-04132566;Only in file1
https://doi.org/10.15454/dyncen;hal-03738973;Only in file1
https://iso.org/iso/iso_catalogue;hal-02070827;Only in file1
https://inria.hal.science/hal-02096750;hal-02096750;Only in file1
https://doi.org/10.1111/geb.12102;hal-03220977;Only in file1
https://doi.org/10.1016/j.gmod.2008.10.001;hal-02228974;Only in file1
https://doi.org;hal-03946680;Only in file1
https://paradigm4.com;hal-02070827;Only in file1
https://doi.org/10;hal-03516360;Only in file1
https://doi.org/10.5281/zenodo.7256988;hal-04388912;Only in file1
https://scikit-learn.org;lirmm-03443660;Only in file1
https://theses.fr;lirmm-04305787;Only in file1
https://hal.science/hal-03938382;hal-03938382;Only in file1
https://silex-france.com/silex;hal-02348004;Only in file1
https://hal-lirmm.ccsd.cnrs.fr/lirmm-02913503;lirmm-02913503;Only in file1
https://github.com/micbuffa/webaudioplugins;hal-02557901;Only in file1
https://ecoro;hal-02910844;Only in file1
https://doi.org/10.1109/tkde.2011.60;hal-03886320;Only in file1
https://doi.org/10.3897/biss.7.111784;hal-04198414;Only in file1
https://ec.europa.eu/cefdigital;hal-03160473;Only in file1
https://ccrma;hal-03087778;Only in file1
https://proceedings.mlr.press/v139/acar21a.html;hal-03406994;Only in file1
https://archive.ics.uci.edu/ml/datasets/nips+conference+papers+1987-2015;hal-02883800;Only in file1
https://stardog.com/docs;hal-02051413;Only in file1
https://doi.org/10.1007/978-3-030-25693-7_15;hal-03960471;Only in file1
https://doi.org/10.1093/insilicoplants/diac005;hal-03686060;Only in file1
https://www;hal-04228304;Only in file1
https://github.com/issa-project/web-visualization;hal-03807744;Only in file1
https://www;hal-04353543;Only in file1
https://purl.org/spar/amo/claim;hal-02939363;Only in file1
https://hal.science/hal-03326626;hal-03326626;Only in file1
https://ceur-ws.org/vol-1933;hal-03889780;Only in file1
https://inria.hal.science/hal-03599214;hal-03599214;Only in file1
https://geves.fr/catalogue-;hal-04289970;Only in file1
https://snomed.org/snomed-ct;hal-01925496;Only in file1
https://sites.google.com/view/irse2023/home;hal-04311401;Only in file1
https://edps.europa.eu/system/files/2021-04/21-04-27_aepd-edps_;hal-03715416;Only in file1
https://doi.org/10;hal-04278100;Only in file1
https://facctconference.org;hal-03189474;Only in file1
https://inria.hal.science/hal-02269134;hal-02269134;Only in file1
https://hal.science/hal-03518845;hal-03518845;Only in file1
https://code.google.com/archive/p/word2vec;hal-02265061;Only in file1
https://timeline.web.cern;hal-03633526;Only in file1
https://couchdb.apache.org;hal-01926379;Only in file1
https://doi.org/10.1111/j.0906-7590.2008.5203.x;hal-03167637;Only in file1
https://doi.org/10.1145/3017995.3018001;hal-03135088;Only in file1
https://github.com/philippschlehubercaissier/wspot;hal-04344167;Only in file1
https://inria.hal.science/hal-02989101;hal-02989101;Only in file1
https://doi.or;hal-03769993;Only in file1
https://github.com/ircam-web/timeside-player;hal-03748134;Only in file1
https://doi.org/10.1371/journal.pone.0194768;hal-02483307;Only in file1
https://people.math.gatech.edu/~thomas/pap/twcpt.pdf;lirmm-04320944;Only in file1
https://epinions.com;hal-02435371;Only in file1
https://www;hal-03301330;Only in file1
https://kaggle.com/c/titanic;hal-03899151;Only in file1
https://kubernetes.io/docs/concepts/storage/volumes;lirmm-02265932;Only in file1
https://proceedings;hal-03904200;Only in file1
https://inria.hal.science/hal-04102807;hal-04102807;Only in file1
https://w3.org/tr/vocab-dqv;hal-04372234;Only in file1
https://www-01.ibm.com/software/commerce/optimization/cplex-;hal-02319521;Only in file1
https://inria.hal.science/hal-02348004;hal-02348004;Only in file1
https://voiceprivacychallenge;hal-03332224;Only in file1
https://casd.eu/wp/wp-content;hal-03097047;Only in file1
https://mmlab.ie.cuhk;hal-03902203;Only in file1
https://doi.org/10.3233/ssw210045;hal-04201661;Only in file1
https://doi.org/10.1371/journal.pone.0232078.g002;hal-02639237;Only in file1
https://springerlink;hal-02387680;Only in file1
https://doi.org;lirmm-03806053;Only in file1
https://inria.hal.science/hal-01895279;hal-01895279;Only in file1
https://doi.org/10.1007/3-540-18507-0_1;hal-03871500;Only in file1
https://github.com/agriculturalmodelexchangeinitiative/pycrop2ml;hal-02962262;Only in file1
https://doi.org/10.3233/jad-150749;hal-03100032;Only in file1
https://whotargets.me;hal-03916393;Only in file1
https://dbpedia.org/sparql;hal-02319638;Only in file1
https://dblp.uni-trier.de/db;hal-04041691;Only in file1
https://doi.org/10.1016/j.fishres.2007.06.015;hal-03228509;Only in file1
https://arxiv.org/abs/2002.08630;hal-03098614;Only in file1
https://users.diag.uniroma1.it/challenge9/download.shtml;hal-03140067;Only in file1
https://doi.org/10.5220/0009170005230529;hal-03871553;Only in file1
https://ciqual.anses.fr;hal-04351729;Only in file1
https://w3.org/tr/prov-o;hal-02064075;Only in file1
https://lod-cloud.net;hal-03500522;Only in file1
https://hal.inrae.fr/hal-03261122;hal-03261122;Only in file1
https://purl.org/vocab/frbr/core;hal-02939363;Only in file1
https://inria.hal.science/hal-04186117;hal-04186117;Only in file1
https://aaai.org/ocs/index.php/aaai/aaai12;hal-03934420;Only in file1
https://doi.org/0000001.0000001;hal-02066516;Only in file1
https://doi.org/10.4018/ijaeis.20211001.oa4;hal-04366893;Only in file1
https://fr.dbpedia.org/sparql;hal-03404572;Only in file1
https://imt-mines-ales.hal.science/hal-03762964;hal-03762964;Only in file1
https://hal.science/hal-03801049;hal-03801049;Only in file1
https://doi.org/10.1145/3543873.3587328;hal-04171196;Only in file1
https://hal.science/hal-02984951;hal-02984951;Only in file1
https://inria.hal.science/hal-02307999;hal-02307999;Only in file1
https://pages.saclay.inria.fr/ioana.manolescu/dot-obtained-image.pdf;hal-02468778;Only in file1
https://dl.acm.org/citation;hal-02435371;Only in file1
https://storage.googleapis.com/books/ngrams;hal-04126662;Only in file1
https://wikidata.org/entity/q103177;hal-02939363;Only in file1
https://facebook.com/adpreferences;hal-03916393;Only in file1
https://inria.hal.science/hal-03986142;hal-03986142;Only in file1
https://github.com/sebferre/arc-mdl;hal-04186090;Only in file1
https://dx.doi.org/10.1145/219717.219748;hal-02435371;Only in file1
https://github.com/kermitt2;hal-03807744;Only in file1
https://hal.science/hal-03992931;hal-03992931;Only in file1
https://hal.inrae.fr/hal-04262992;hal-04262992;Only in file1
https://gitlab.com/serre-des-savoirs/c3po-kb;hal-04289970;Only in file1
https://hal.science/hal-03771031;hal-03771031;Only in file1
https://dli.iiit.ac.in/ijcai/ijcai-2007/pdf;hal-03934420;Only in file1
https://doi.org/10.26028/cybium/2012-361-016;hal-03228509;Only in file1
https://doi.org/10.1145;hal-03886320;Only in file1
https://bioportal.bioontology.org/ontologies;hal-03176657;Only in file1
https://loc.gov/standards;hal-04201661;Only in file1
https://dl.acm.org/doi/10;hal-04278100;Only in file1
https://doi.org/10.26028/cybium/2015-394-005;hal-03228509;Only in file1
https://hal.science/hal-03065217;hal-03065217;Only in file1
https://inria.hal.science/hal-04228038;hal-04228038;Only in file1
https://doi.org/10.18608/jla.2014.13.6;hal-03084671;Only in file1
https://doi.org/10.1016/j.tcs.2020.03.020;hal-01497857;Only in file1
https://ogc.org/standard/sfa;hal-04153252;Only in file1
https://doi.org/10.1145/3284316;hal-03765857;Only in file1
https://hal.science/hal-02265731;hal-02265731;Only in file1
https://manifesto-project.wzb.eu/down/data/2021a/codebooks/codebook_;hal-04129915;Only in file1
https://docs.oasis-open.org/amqp/core/v1.0/os/amqp-;hal-04161546;Only in file1
https://doi.org/10.1007;hal-03369680;Only in file1
https://robotstxt.org/robotstxt.html;hal-02196903;Only in file1
https://proceedings.neurips.cc/paper/2013/file;hal-03518717;Only in file1
https://inria.hal.science/hal-03516420;hal-03516420;Only in file1
"https://purl.obolibrary.org/obo/to_0000017"":";lirmm-02945170;Only in file1
https://inria.hal.science/hal-02505913;hal-02505913;Only in file1
https://arxiv.org/abs/1909.02437;hal-03741042;Only in file1
https://doi.org/10.1016/s0022-0000(73)80033-9;hal-04278100;Only in file1
https://doi.org/10.5281/zenodo.18578;hal-04212112;Only in file1
https://webassembly.org;hal-03087768;Only in file1
https://github.com/grame-cncm/guidolib;hal-03812972;Only in file1
https://doi.org/10.1038/s41598-020-70688-6;hal-03347926;Only in file1
https://hp.com/us-en/vr/reverb-g2-vr-headset-omnicept-edition.html;hal-04102737;Only in file1
https://hal.science/hal-03902203v2;hal-03902203;Only in file1
https://dx.doi.org/10.1145/543613.543644;hal-02066516;Only in file1
https://github.com/dwslab/melt;hal-04351729;Only in file1
https://inria.hal.science/hal-03807461v2;hal-03807461;Only in file1
https://youtu.be/svmnkqdnipo;hal-03951799;Only in file1
https://mmlab.ie.cuhk.edu.hk;hal-03905094;Only in file1
https://github.com/vi3k6i5/flashtext;hal-03932371;Only in file1
https://github;hal-03765860;Only in file1
https://doi.org/10.1017/cbo9780511754098;hal-03084671;Only in file1
https://propublica.org/article/machine-bias-risk-assessments-in-criminal-sentencing;hal-02066516;Only in file1
https://sciencedirect.com/science/article/pii/s030402080873072x;hal-03527888;Only in file1
https://web;hal-04366893;Only in file1
https://content.sciendo.com/view/journals/popets;hal-02406503;Only in file1
https://github.com/oguzcennet/odar;hal-04259861;Only in file1
https://geoservices.ign.fr;hal-03415990;Only in file1
https://inria.hal.science/hal-03469487;hal-03469487;Only in file1
https://support.google;hal-03916393;Only in file1
https://github.com/frmichel/taxref-ld;hal-04289970;Only in file1
https://proceedings.neurips.cc/paper/2017/hash/8a20a8621978632d76c43dfd28b67767-abstract.html;hal-04411802;Only in file1
https://arxiv.org/abs/1805.06425;lirmm-03144324;Only in file1
https://doi.org;hal-03934389;Only in file1
https://ns.inria.fr/l4lod/v2/l4lod_v2.html;hal-03065217;Only in file1
https://arxiv.org/abs/1905;hal-03256451;Only in file1
https://scalla.cs.umass.edu/papers/udao2020.pdf;hal-02549758;Only in file1
https://w3.org/tr/2017/rec-vocab-ssn-20171019;hal-03662183;Only in file1
https://inria.hal.science/hal-02557901;hal-02557901;Only in file1
https://inria.hal.science/hal-03100057;hal-03100057;Only in file1
https://doi.org/10.14778/3352063.3352103;hal-02267180;Only in file1
https://w3.org/standards/semanticweb;hal-02100230;Only in file1
https://www;hal-03602177;Only in file1
https://doi.org/10.1007/s13593-019-0562-6;hal-02228974;Only in file1
https://doi.org/10.1111/nph;hal-02228974;Only in file1
https://frontiersin.org/articles/10.3389/fpls.2022;hal-03693593;Only in file1
https://reasonstudios.com/press/275-reasons-flagship-europa-synth-now-available-as-a-plugin-for-other-daws-and-on-the-;hal-03087763;Only in file1
https://jstor.org/stable/2695115;hal-03765358;Only in file1
https://sciencedirect.com/science/article/pii/s0167739x18302322;hal-03266462;Only in file1
https://link.springer.com/10.1007/11853886%;hal-02387680;Only in file1
https://drops.dagstuhl.de;hal-03527888;Only in file1
https://doi.org/10.1145/3019612.3019684;hal-03404580;Only in file1
https://doi.org/10.1007/978-;hal-03905409;Only in file1
https://doi.org/10;hal-02228974;Only in file1
https://support.google.com/youtube;hal-04311598;Only in file1
https://gitlab.inria.fr/e2clab/e2clab;hal-04161546;Only in file1
https://cs.put.poznan.pl/alawrynowicz/ﬁnancial.owl;hal-02084977;Only in file1
https://doi.org/10.1145/3335772.3335936;hal-03112715;Only in file1
https://virtuoso;hal-03500522;Only in file1
https://inria.hal.science/hal-02145478;hal-02145478;Only in file1
https://prov.readthedocs.io/en/latest/prov.html;lirmm-03443660;Only in file1
https://npmjs.com/package/@grame/libfaust;hal-03812938;Only in file1
"https://ns.inria.fr/covid19/arg/4f8.../0>;";hal-03230741;Only in file1
https://inria.hal.science/hal-02962964;hal-02962964;Only in file1
https://npmjs;hal-04228304;Only in file1
https://doi.org/10.1007/978-;hal-04132566;Only in file1
https://doi.org/10.1016/0020-0190(85)90056-0;lirmm-03833578;Only in file1
https://lov.linkeddata.es/dataset/lov;hal-03765857;Only in file1
https://gitlab.eurecom.fr/nautsch/cllr;hal-02610447;Only in file1
https://iris.edu;hal-03510012;Only in file1
https://doi.acm.org/10.1145/3152434.3152441;hal-03266462;Only in file1
https://tiny.cc/nys43y;hal-02269134;Only in file1
https://github.com/gbosetti/web-ancillary-search;hal-03811257;Only in file1
https://ceur-ws.org/vol-2165/paper4.pdf;hal-03500522;Only in file1
https://hadoop.apache.org;hal-03189130;Only in file1
https://hal.science/hal-02984949;hal-02984949;Only in file1
https://orcid.org/0000-0001-6220-0559;hal-03404580;Only in file1
https://faredge.eu;hal-03654722;Only in file1
https://github.com/akulen/privgen;hal-03715416;Only in file1
https://proceedings.mlr;hal-02406503;Only in file1
https://insee.fr/fr/information/2406147;hal-02996442;Only in file1
https://doi;hal-02483307;Only in file1
https://sciencedirect.com;hal-03908363;Only in file1
https://github.com;hal-02433443;Only in file1
https://ns.inria.fr/acta;hal-03230741;Only in file1
https://creativecommons.org;hal-04289970;Only in file1
https://doi.org/10.48550/arxiv.2108.06896;hal-03769993;Only in file1
https://github.com/hyperopt/hyperopt;hal-03599214;Only in file1
https://inria.hal.science/hal-03769993v6;hal-03769993;Only in file1
https://sourceforge.net/projects/dbpedia-spotlight/files/2016-10/en;hal-02939363;Only in file1
https://github.com/lminvielle/mom-kde;hal-02882092;Only in file1
https://participation-et-democratie.fr/communique-de-l-observatoire-des-debats;hal-02860659;Only in file1
https://archive.softwareheritage.org/browse/directory;hal-03527888;Only in file1
https://creat;hal-02919190;Only in file1
https://hal.umontpellier.fr/hal-02283184;hal-02283184;Only in file1
https://doi;hal-03329674;Only in file1
https://bit.ly/3wbqita;hal-03494520;Only in file1
https://propaganda.qcri.org/semeval2;hal-03417019;Only in file1
https://doi.org/10.1145/3442381.3449877;hal-04031744;Only in file1
https://dublincore.org/specifications/dublin-core/dcmi-terms;hal-04372234;Only in file1
https://arxiv.org/abs/2010.05073;hal-03522878;Only in file1
https://docs.microsoft.com/en-us/windows/desktop/winrm/uri-preﬁxes;hal-02936253;Only in file1
https://geoservices.ign.fr;lirmm-03793595;Only in file1
https://w3.org/tr;hal-03559309;Only in file1
https://downloads.sourceforge.net/project/bsbmtools/bsbmtools;hal-02446427;Only in file1
https://schema.org;hal-02939363;Only in file1
https://flickr.com/services/api/flickr.photos.search.html;hal-02060966;Only in file1
https://arxiv.org/pdf/1301.3781.pdf;hal-03021075;Only in file1
https://doi.org/10.1145/3531130.3533369;lirmm-03833578;Only in file1
https://doi.org/10.1145/3543873.3587987;hal-04335612;Only in file1
https://facebook.com/ads/archive;hal-03916393;Only in file1
https://doi.org/10.1016/j.compag.2019.01.019;hal-03347926;Only in file1
https://pytorch-geometric.readthedocs.io/en/latest/modules/datasets.html;hal-04041691;Only in file1
https://granddebat.fr/pages/syntheses-du-grand-debat;hal-02860659;Only in file1
https://hal.science/hal-03025756;hal-03025756;Only in file1
https://hal.science/hal-03189967;hal-03189967;Only in file1
https://doi;hal-03150701;Only in file1
https://doi.org/10.14778/3551793.3551818;hal-04201661;Only in file1
https://doi.org/10.1002/ss.37119821703;hal-04132566;Only in file1
https://inria.hal.science/hal-03506036;hal-03506036;Only in file1
https://doi.org/xxxxxxx.xxxxxxx;hal-03932371;Only in file1
https://hal.science/hal-04212814;hal-04212814;Only in file1
https://doi-org-443.webvpn.fjmu.edu.cn/10.1007/978-3-;hal-02981760;Only in file1
https://github.com/halliwelln/explain-kg;hal-03430113;Only in file1
https://archive.ics.uci.edu/ml;hal-03110739;Only in file1
https://ceur-ws.orgissn;hal-03353469;Only in file1
https://hal.inrae.fr/hal-02973673;hal-02973673;Only in file1
https://vldb.org;hal-04110779;Only in file1
https://gitlab;hal-04157720;Only in file1
https://aclanthology.org/n19-1423;hal-04068708;Only in file1
https://coffee-genome;hal-04182535;Only in file1
https://hal.science/hal-03921565;hal-03921565;Only in file1
https://github.com;hal-03662183;Only in file1
https://doi.org;hal-03454183;Only in file1
https://inria.hal.science/hal-02947251;hal-02947251;Only in file1
https://inria.hal.science/hal-01934916;hal-01934916;Only in file1
https://doi.org/10.1109/access.2020.3047364;hal-03765857;Only in file1
https://doi.org/10.2489/jswc.64;hal-02228974;Only in file1
https://doi.org/10.1109;hal-02319638;Only in file1
https://usenix.org;hal-03021960;Only in file1
https://dx.doi.org/10.1145/3323214;hal-02435371;Only in file1
https://cocod;hal-02894994;Only in file1
https://aaai.org/ocs/index.php/aaai/aaai18;lirmm-04305787;Only in file1
https://hal.science/hal-03662801v2;hal-03662801;Only in file1
https://inria.hal.science/hal-03064912;hal-03064912;Only in file1
https://doi.org/10.1016/s0308-521x(01)00084-1;hal-02228974;Only in file1
https://tensorflow.org;hal-02406503;Only in file1
https://link.springer.com/10.1007;hal-03902203;Only in file1
https://hal.inria.fr/hal-03527888;hal-03536045;Only in file1
https://doi.org/10.1145/1989284.1989312;hal-02492780;Only in file1
https://doi.org;hal-03296233;Only in file1
https://inria.hal.science/hal-03405769;hal-03405769;Only in file1
https://github.com/interactions-hsg/wot-search-manufacturing;hal-02289497;Only in file1
https://bioportal.bioontology.org/ontologies/ndf-rt;hal-02064421;Only in file1
https://vamp-plugins.org;hal-03748134;Only in file1
https://ceur-ws.org/vol-2277/paper07.pdf;hal-02483307;Only in file1
https://graphanalysis.org;hal-02435371;Only in file1
https://inria.hal.science/hal-03111679;hal-03111679;Only in file1
https://doi.org/10.1007/bf00028502;hal-03167637;Only in file1
https://hal.science/hal-02921643;hal-02921643;Only in file1
https://orcid.org/0000-0003-3495-493x;hal-03404580;Only in file1
https://pierre.senellart.com;hal-02293688;Only in file1
https://ecfr.gov/current/title-47/chapter-i/subchapter-c/part-73;hal-04311598;Only in file1
https://doi.org/10.1016;hal-02228974;Only in file1
https://w3.org/owl;hal-02084977;Only in file1
https://doi.org/10.1186/1756-0500-7-79;hal-03871553;Only in file1
https://doi.org/10.1111/j.1469-8137.2005.01350.x;hal-02228974;Only in file1
https://github.com/sufianj/def_;hal-04282533;Only in file1
https://ojs.aaai.org;hal-04344975;Only in file1
https://doi.org/10.1145;hal-03517826;Only in file1
https://voiceprivacychallenge.org/docs/pingan.pdf;hal-03332224;Only in file1
https://doi.org/10.1007/s13593-015-0285-2;hal-02228974;Only in file1
https://leginfo.legislature.ca.gov/faces/billtextclient;hal-03726234;Only in file1
https://inria.hal.science/hal-02228974;hal-02228974;Only in file1
https://w3.org/tr/swbp-specified-values;hal-03619869;Only in file1
https://hal.science/hal-02020829;hal-02020829;Only in file1
https://dl.acm.org/citation;lirmm-04305787;Only in file1
https://creativecommons.org/licenses/by-nc-nd/4.0;hal-03150404;Only in file1
https://hal-lirmm.ccsd.cnrs.fr/lirmm-02984969;lirmm-02984969;Only in file1
https://glaros.dtc.umn.edu/gkhome/metis/metis;hal-01925496;Only in file1
https://scikit-learn.org/stable/index.html;hal-04344873;Only in file1
https://hal.inrae.fr/hal-04040702;hal-04040702;Only in file1
https://www;hal-04358408;Only in file1
https://doi.org/10.1093/plphys/kiac281;hal-03701955;Only in file1
https://yahooresearch.tumblr.com/post/114590420346;lirmm-03852429;Only in file1
https://devblogs;hal-03654722;Only in file1
https://doi.org/10.1109/icde.2009.64;hal-04110779;Only in file1
https://ns.inria.fr/acta;hal-03811323;Only in file1
https://github.com/graphalchemist/graphjson/wiki/graphjson;hal-02435371;Only in file1
https://w3.org/tr/owl-ref;hal-02319638;Only in file1
https://team.inria.fr/cedar/files/2021/04;hal-03150441;Only in file1
https://ocelma.net/musicrecommendationdataset;hal-02883800;Only in file1
https://team.inria.fr/cedar/projects/pathways;hal-04131977;Only in file1
https://hal.science/hal-03699447;hal-03699447;Only in file1
https://inria.hal.science/hal-03404125;hal-03404125;Only in file1
https://w3;hal-04358408;Only in file1
https://github.com/ucomignani/infine;hal-03474955;Only in file1
https://doi.org/10.1145/3308558.3313584;hal-02066041;Only in file1
https://inria.hal.science/hal-03500522;hal-03500522;Only in file1
https://rokoko.com/products/smartsuit-pro;hal-04102737;Only in file1
https://github.com/smaniu/oim;hal-01478788;Only in file1
https://w3.org;hal-02073854;Only in file1
https://competitions.codalab.org/competitions/17344;hal-03133223;Only in file1
https://programmableweb.com/news/research-shows-interest-providing-apis-still-high;emse-02070625;Only in file1
https://hal.science/hal-02414771;hal-02414771;Only in file1
https://xmlns.com/foaf/spec;hal-02939363;Only in file1
https://wikidata.org;hal-02109645;Only in file1
https://hal.science/hal-03326636;hal-03326636;Only in file1
https://hal.science/hal-04262826;hal-04262826;Only in file1
https://gdeltproject.org/data.html;hal-03150404;Only in file1
https://arxiv.org/abs;hal-03514297;Only in file1
https://doi.org/10;hal-03662183;Only in file1
https://hal.science/hal-02990781;hal-02990781;Only in file1
https://w3.org/tr;hal-03889780;Only in file1
https://doi.org/10.1007/978-1-4614-1126-0;hal-03710323;Only in file1
https://doi.org/10.1111/j.1466-7657.2007.00528.x;hal-03263469;Only in file1
https://inria.hal.science/hal-03871527;hal-03871527;Only in file1
https://hal.science/hal-03138769;hal-03138769;Only in file1
https://doi.org/10.1145/3576840.3578330;hal-04152998;Only in file1
https://lifeclef.org;hal-03641389;Only in file1
https://dbpedia.org/resource;hal-02319638;Only in file1
https://github.com/voice-privacy-challenge;hal-02562199;Only in file1
https://chameleoncloud.org/hardware/node/sites/tacc/clusters;hal-04157720;Only in file1
https://morganclaypool.com/doi/abs/10;hal-03514297;Only in file1
https://github.com/houshd/mlstm-fcn;hal-03599214;Only in file1
https://doi.org/10.1145/2699442;hal-03536045;Only in file1
https://blazegraph.com;hal-03118422;Only in file1
https://w3.org/tr;hal-03889968;Only in file1
https://doi.org/10.1016/j.tcs.2021.06.030;hal-03384058;Only in file1
https://arxiv.org/abs/1610.01520;hal-04346759;Only in file1
https://inria.hal.science/hal-03173684v2;hal-03173684;Only in file1
https://doi.org/10.1371/journal.pone.0232078.g001;hal-02639237;Only in file1
https://esfri.eu/esfri-roadmap;hal-02483307;Only in file1
"https://purl.obolibrary.org/obo/go_0001558""";lirmm-02945170;Only in file1
https://christophm.github.io;hal-03052508;Only in file1
https://inria.hal.science/hal-02106521;hal-02106521;Only in file1
https://doi.org/10.5281/zenodo.2634137;hal-02281455;Only in file1
https://cin.ufpe.br/~speed/owlsummarizer;hal-01925496;Only in file1
https://ec.europa.eu/cefdigital;hal-03266004;Only in file1
https://hal.science/hal-03230741;hal-03230741;Only in file1
https://doi.org/10.5281/zenodo.7898764;hal-04201661;Only in file1
https://linqs.soe.ucsc.edu/data;hal-03134181;Only in file1
https://alexandria;hal-04358408;Only in file1
https://ec.europa.eu/info/sites/info/files/commission-white-paper-;hal-03189474;Only in file1
https://doi.org/10.1016/j.compag.2019.01.017;hal-03347926;Only in file1
https://cropontology;lirmm-02945172;Only in file1
https://doi.org/10.1016/j.agwat.2016;hal-02228974;Only in file1
https://grappa.univ-lille3.fr/tata;hal-02307999;Only in file1
https://w3.org/tr/2014/rec-vocab-data-cube-20140116;hal-03890035;Only in file1
https://wikidata.org;hal-02064421;Only in file1
https://w3.org/1999/02/22\-rdf-syntax-ns\;hal-02936253;Only in file1
https://hal.inria.fr/hal-01935898;hal-02748219;Only in file1
https://orcid.org/0000-0001-9064-0463;hal-03404580;Only in file1
https://hal.inria.fr/hal-;hal-04161546;Only in file1
https://w3.org/2001/sw/wiki;hal-03662183;Only in file1
https://doi.org/10.3897/bdj.11.e109439;hal-03871553;Only in file1
https://inria.hal.science/hal-03021075;hal-03021075;Only in file1
https://gitlab.com/tomaye/abstrct;hal-03264761;Only in file1
https://matportal.org/ontologies/bwmd-mid;hal-04366893;Only in file1
https://laas.fr/tina/)thatisabletocheckpropertiesoverlpnandcomparethemwiththeoneofpencol´eandsubias(2017).2.1backgroundonmodelcheckingamodel-checkingproblemconsistsincheckingwhethersomegivenstates(orruns)ofaformalmodelmsat-isfyagivenpropertyφencodedinaformulaofsometemporallogic(clarkeetal.(1999)).amodel-checkingtoolchecksifmsatisﬁesφ(denotedm|=φ)i.eifφistrueinalltheworldsofm.todoso,onesolutionistheautomatabasedapproachofmodel-checking.inthiscasetheproblemistranslatedtoalanguageintersectionproblembyconvertingmand¬φasb¨uchiautomata.theb¨uchiautomatonofmgeneratestheinﬁnitelylongwordsoflω(m)describingthesetofrunsofmwhiletheb¨uchiautomatonof¬φgeneratestheinﬁnitelylong;hal-02997908;Only in file1
https://doi.org/10.1016/s0168-1591(97)00097-x;hal-03347926;Only in file1
https://lod-cloud.net;hal-03516436;Only in file1
https://arxiv.org/abs/2010.12082;hal-04377324;Only in file1
https://github.com/hyperopt/hyperopt;hal-02190790;Only in file1
https://w3.org/tr/vocab-dcat;hal-04230234;Only in file1
https://oeaw.ac.at/fileadmin/subsites/academiaecorpora/pdf/germeval2018_;hal-02972184;Only in file1
https://linkeddata.uriburner.com/about/id/entity/https/www;hal-03301330;Only in file1
https://doi.org/10.1007/bf01099821;hal-02915414;Only in file1
https://marswiki.jrc.ec.europa.eu;hal-03965684;Only in file1
https://facebook.com/business/ads;hal-03916393;Only in file1
https://corese.inria.fr;hal-02389918;Only in file1
https://sciencedirect.com/science/article/pii/0009250987800994;hal-04125922;Only in file1
https://inria.hal.science/hal-02058664v2;hal-02058664;Only in file1
https://dublincore.org/specifications/dublin-core/dcmi-terms;hal-03807744;Only in file1
https://hal.science/hal-03277164v2;hal-03277164;Only in file1
"https://purl.org/dc/elements/1.1/""";hal-04125922;Only in file1
https://github.com/wimmics/d2kab-wheat-kg/tree;hal-03889968;Only in file1
https://doi.org/10.1109/mcom.2011.6069708;hal-03135088;Only in file1
https://doi.org/10.1145/3183713;hal-01673025;Only in file1
https://doi.org/10.1101/598110;hal-03100032;Only in file1
https://gitlab.inria.fr;lirmm-03785968;Only in file1
https://hal.science/hal-03937274;hal-03937274;Only in file1
https://aaai.org/ocs/index.php;hal-04344975;Only in file1
https://doi.org/10.1109/wf-iot.2016.7845448;hal-03135088;Only in file1
https://hal.science/hal-03407247;hal-03407247;Only in file1
https://rdocumentation.org/packages/mass/versions/7.3-51.1;lirmm-02045144;Only in file1
https://gbif.org/occurrence;hal-04322255;Only in file1
https://doi.org/10.1093/aob/mcu098;hal-02228974;Only in file1
"https://github.com/smaniu/treewidth/;";hal-03140067;Only in file1
https://alexandria.unisg.ch/255802;hal-03135088;Only in file1
https://hdl.handle.net/1842/10917;hal-03955911;Only in file1
https://dx.doi.org/10.1007;hal-02532706;Only in file1
https://arxiv.org/abs/1906.09293;hal-04377324;Only in file1
https://osr-cesbio.ups-tlse.fr/∼oso/posts/2017-03-;hal-02873670;Only in file1
https://spiral-;hal-04405026;Only in file1
https://ccs.neu.edu/home/ramsdell/tools/datalog/datalog.html;hal-03517826;Only in file1
https://dx.doi.org/10.2200/s00231ed1v01y200912dtm001;hal-02934277;Only in file1
https://ceur-ws.orgissn;hal-04322255;Only in file1
https://arxiv.org/abs/1805;hal-02406503;Only in file1
https://doi.org/10.1145/3294052.3319687;hal-01959143;Only in file1
https://inria.hal.science/hal-03833620;hal-03833620;Only in file1
https://developer.nvidia.com;hal-02406503;Only in file1
https://gitlab.inria.fr/magnet/gle_emnlp.5itisimportanttonotetheuseofwordnetincreatinghyperlexwasrestrictedtowordpairselection,sonostructuralinformationfromwordnethasinuencedthehumanscores;hal-04250849;Only in file1
https://proceedings.mlr.press;hal-04353543;Only in file1
https://doi.org/10.5281/zenodo.5645731;hal-03474556;Only in file1
https://inria.hal.science/hal-02291460v2;hal-02291460;Only in file1
https://mimuw.edu.pl/~rytter/mypapers/isaac2011_rytter.pdf;hal-03940590;Only in file1
https://w3.org/tr/rdf-sparql-query;hal-03301330;Only in file1
https://colab.research.google.com;hal-03716868;Only in file1
https://doi.org/10.1145/3097983.3098118;hal-02406503;Only in file1
https://doi.org/10.1093/jas/skaa255;hal-03347926;Only in file1
"https://pep.security/;";hal-03138769;Only in file1
https://w3.org/tr/mathml2;hal-02962262;Only in file1
https://doi.org/10.1145/3576915.3624363;hal-04240432;Only in file1
https://hal.inria.fr/hal-00957412;hal-02293689;Only in file1
https://inria.hal.science/hal-02996442;hal-02996442;Only in file1
https://w3.org/tr/rdf-sparql-query;hal-01925496;Only in file1
https://telecom-paris.hal.science/hal-03256451;hal-03256451;Only in file1
https://w3.org/2013/shex/primer;hal-03559309;Only in file1
https://doi.org/10.18653/v1/p16-1219;hal-04344975;Only in file1
https://lewahouse.com;hal-02937618;Only in file1
https://databasetheory.org/node/47;hal-03118422;Only in file1
https://doi.org/10.1145/3557990.3567588;hal-03913504;Only in file1
https://obofoundry.org/principles/fp-004-versioning.html;hal-04353523;Only in file1
https://ceur-ws.orgissn;hal-04389014;Only in file1
https://doi.org/10.1016/b0-08-043076-7/00554-4;hal-03084671;Only in file1
https://dbpedia.org/resources/knowledge-graphs;hal-04388912;Only in file1
https://doi.org/10.1177/1750698008102049;hal-04293239;Only in file1
https://dx.doi.org/10.1016/0167-6423(87)90035-9;hal-04125922;Only in file1
https://arxiv.org/abs/2108.10208;hal-03955911;Only in file1
https://doi.org/10.1109/issnip.2007.4496859;hal-04322219;Only in file1
https://tpc.org/tpch;hal-02435371;Only in file1
https://hal.science/hal-03094885v2;hal-03094885;Only in file1
https://doi.org/10.1177/0146621697211002;hal-02915414;Only in file1
https://dx.doi.org/10.1007/978-3-319-10596-3\;hal-02435371;Only in file1
https://doi.org/10.1371/journal.pone.0029715;hal-04198414;Only in file1
https://xmlns.com/foaf/spec;hal-03404580;Only in file1
https://forbes.com/sites/howardhomonoff/2020/12/08/2020-political-;hal-04129915;Only in file1
https://jair.org/index.php/jair/article/view/13283;hal-04377324;Only in file1
https://doi.org/10.1002/2688-8319.12023;hal-03338811;Only in file1
https://arxiv.org/abs/1903.09860;hal-02406503;Only in file1
https://inria.hal.science/hal-04228304;hal-04228304;Only in file1
https://doi.org/10.1609/aimag.v36i1.2565;hal-04201661;Only in file1
https://openreview.net;hal-04353543;Only in file1
https://inria.hal.science/hal-03464417;hal-03464417;Only in file1
https://github.com/lfilstro/temporalnmf;hal-02883800;Only in file1
https://doi.org/10.1016/j.is;hal-02096714;Only in file1
https://doi.org/10.1145/990308.990312;hal-03151014;Only in file1
https://doi.org/10.1145/2814864.2814873;hal-04201661;Only in file1
https://en.wikipedia.org/wiki/data_journalism;hal-03150441;Only in file1
https://docs.python.org/fr/3/library/linecache.html;hal-03932371;Only in file1
https://github.com/jeremycchsu;hal-02355115;Only in file1
https://slanglab.cs.umass.edu;hal-03905094;Only in file1
https://doi.org/10.1109/mcse.2008.79;lirmm-02949807;Only in file1
https://doi.org/10.1016/j;lirmm-04277973;Only in file1
https://w3.org/tr/rdf-schema;hal-02936253;Only in file1
https://cirad.fr;hal-03969275;Only in file1
https://github.com/google/jax;hal-02406503;Only in file1
https://hal.science/hal-04315527;hal-04315527;Only in file1
https://arxiv.org/abs/1805.10222;hal-02406503;Only in file1
https://github.com/li-;hal-03119907;Only in file1
https://hal.science/hal-04358408;hal-04358408;Only in file1
https://doi.org/10.1007;hal-04014977;Only in file1
https://silex-france.com/silex;hal-03403125;Only in file1
https://hal.inrae.fr/hal-02981760;hal-02981760;Only in file1
https://doi.org/10.1016/j.ijar.2017.08;hal-03519365;Only in file1
https://doi.org/10.1515/abitech-2019-2006;hal-03807744;Only in file1
https://data.bioontology.org/documentation;hal-03230741;Only in file1
https://hal.inria;hal-02387680;Only in file1
https://issa.cirad.fr;hal-03969275;Only in file1
https://github.com/glample/fastbpe;hal-02972203;Only in file1
https://hal-lirmm.ccsd.cnrs.fr/lirmm-04305822;lirmm-04305822;Only in file1
https://dx.doi.org/10.1109/tkde.2012.72;hal-02066516;Only in file1
https://inria.hal.science/hal-03886320;hal-03886320;Only in file1
https://d2kab.org;hal-03404125;Only in file1
https://dss.sdu.dk/projects/its/fpd-lof;lirmm-03036868;Only in file1
https://doi.org/10.3233/isu-160811;hal-02483307;Only in file1
https://doi;hal-03220977;Only in file1
https://hal.archives-ouvertes;hal-03332224;Only in file1
https://doi.org/10.1016/j.fcr.2007;hal-02228974;Only in file1
https://cstheory.stackexchange.com/q/51653;hal-03940590;Only in file1
https://postgresql.org;hal-01673025;Only in file1
https://inria.hal.science/hal-03516393;hal-03516393;Only in file1
https://doi.org/10.1145;hal-04132566;Only in file1
https://doi.org/10.48550/arxiv.2211;hal-04377324;Only in file1
https://github.com/plantnet/gbif-dl;hal-03641389;Only in file1
https://onlinelibrary.wiley.com/doi/pdf/10.1002/j.2161-;hal-04132566;Only in file1
https://scikit-learn.org/stable/modules/generated/sklearn.model_selection.repeatedstratifiedkfold.html;hal-04311401;Only in file1
https://gitlab.inria.fr;hal-03890057;Only in file1
https://doi.org/10.15454/1;hal-04040702;Only in file1
https://w3.org/tr/rdf11-concepts;hal-02057980;Only in file1
https://bbc.com/news;hal-03916393;Only in file1
https://researchgate.net/publication/235898031_network_;hal-02297702;Only in file1
https://hal.science/hal-03808914;hal-03808914;Only in file1
https://doi.org/10;hal-04125922;Only in file1
https://doi.org/10.1145;hal-03516360;Only in file1
https://onlinerandomtools.com/generate-random-data-from-regexp;hal-03717860;Only in file1
https://purl.obolibrary.org/obo/bfo/2.0/bfo.owl;hal-04366893;Only in file1
https://ceur-ws.org/vol-2807/abstracty.pdf;hal-04353523;Only in file1
https://inria.hal.science/hal-03811257;hal-03811257;Only in file1
https://dl.acm.org/citation;hal-04075393;Only in file1
https://bit.ly/38crj4m;hal-03082579;Only in file1
https://hal.science/hal-03138763;hal-03138763;Only in file1
https://saxon.sourceforge.net;hal-02070827;Only in file1
https://doi.org/10.5281/zenodo.7919850;hal-04201661;Only in file1
https://data.gouv.fr/fr/datasets/regions-departements-villes-et-villages-de-;hal-03932371;Only in file1
https://doi.org/10.1016;hal-03231805;Only in file1
https://doi.org/10.1017/s175173111400192x;hal-03347926;Only in file1
https://inria.hal.science/hal-01959143;hal-01959143;Only in file1
https://hal-lirmm.ccsd.cnrs.fr/lirmm-02973633v2;lirmm-02973633;Only in file1
https://doi.org/10.3390/xxxxx;hal-03498125;Only in file1
https://amirgilad;hal-04377324;Only in file1
https://regulatorycircuits.org;hal-03602177;Only in file1
https://hal;hal-04322219;Only in file1
https://doi.org;hal-03160473;Only in file1
https://pdfs;hal-03940590;Only in file1
https://ceur-ws.orgissn;hal-04345310;Only in file1
https://hal.inrae.fr/hal-03817452;hal-03817452;Only in file1
https://github.com/eleutherai/gpt-neo;hal-04269089;Only in file1
https://blog.mozilla.org/blog/2019/03/27;hal-03916393;Only in file1
https://doi.org/10.1145;hal-04278100;Only in file1
https://usenix.org/legacy/events/osdi99/castro.html;hal-03112715;Only in file1
https://doi.org/10.1086/663237;hal-02228974;Only in file1
https://doi.org/10.1007/978-3-319-68288-4_27;hal-02051413;Only in file1
https://doi.org/10.1016/s0079-7421(08)60464-8;hal-04293239;Only in file1
https://hal.archives-ouvertes.fr/docs/00/90/70/85/pdf;hal-03940590;Only in file1
https://hal-emse.ccsd.cnrs.fr/emse-02070625;emse-02070625;Only in file1
https://hal.archives-ouvertes.fr/hal-03335126;hal-03332224;Only in file1
https://tel.archives-ouvertes.fr/tel-00925722;lirmm-02148200;Only in file1
https://digbib.ubka.uni-karlsruhe.de;lirmm-03714595;Only in file1
https://doi.org/10.3897/biss.7.112545;hal-04430929;Only in file1
https://inria.hal.science/hal-02950994;hal-02950994;Only in file1
https://doi.org/10.1145/3199919.3199924;hal-03135088;Only in file1
https://doi.org/10.1145/3292500.3330712;hal-02190790;Only in file1
https://doi.org/10.1007;hal-03156136;Only in file1
https://proceedi;hal-03769993;Only in file1
https://commonsensemedia.org/sites/default/files/research;hal-04311598;Only in file1
https://sabiod.org/icml4b2013_book.pdf;hal-04204378;Only in file1
https://iiia.csic.es/research;hal-04358408;Only in file1
https://wiki.dbpedia.org;hal-02319638;Only in file1
https://purl.org/spar/amo;hal-03404580;Only in file1
https://deeplearningbook.org;hal-03295581;Only in file1
https://waze.com;hal-03329908;Only in file1
https://hal.archives-ouvertes.fr/hal-02103359;hal-04377324;Only in file1
https://datadryad.org/resource/doi:10;hal-04182535;Only in file1
https://gitlab.inria.fr/moex/lazylav;hal-04351111;Only in file1
https://purl.org/spar/cito/iscitedby;hal-02939363;Only in file1
https://huggingface.co/datasets/awalesushil/dblp-quad;hal-04311370;Only in file1
https://w3.org/tr/2021/rec-xslt20-20210330;hal-03937274;Only in file1
https://grappa.univ-lille3.fr/tata;hal-01811835;Only in file1
https://hal-lirmm.ccsd.cnrs.fr/lirmm-02127456;lirmm-02127456;Only in file1
https://dublincore.org/speciﬁcations/dublin-core/dcmi-terms;hal-03404580;Only in file1
https://arxiv.org/abs/1803.05277;hal-03940590;Only in file1
https://oaei.ontologymatching.org/2019/results/knowledgegraph/kgbaselinematchers.zip;hal-04351729;Only in file1
https://hal.science/hal-03190617v2;hal-03190617;Only in file1
https://inria.hal.science/hal-04269089;hal-04269089;Only in file1
https://doi.acm.org/10.1145/2906388.2906420;hal-03329908;Only in file1
https://orcid.org/0000-0002-5618-9776;hal-03301330;Only in file1
"https://plato.stanford.edu/archives/sum2020/entries/events/;";hal-04233316;Only in file1
https://cs.ox.ac.uk/isg/tools/uobmgenerator;hal-02435371;Only in file1
https://scienceeurope.org/wp-content;hal-02483307;Only in file1
https://hal.science/hal-02269207;hal-02269207;Only in file1
https://adssettings.google.com;hal-03916393;Only in file1
https://github.com/frmichel/morph-;hal-01926379;Only in file1
https://inria.hal.science/hal-03103509;hal-03103509;Only in file1
https://tel.archives-ouvertes.fr/tel-01935719;hal-03114304;Only in file1
https://liberation.fr/france/2019/02/15/grand-debat-des-algorithmes-et-de-l-;hal-02860659;Only in file1
https://orcid.org/0000-0001-6610-0969;hal-03404572;Only in file1
https://sourceforge.net/projects/bizartifact/,accessed12december2019;hal-02970761;Only in file1
https://doi.org/10.1016/s0022-0000(70)80006-x;hal-03151014;Only in file1
https://doi;hal-03315102;Only in file1
https://regulatorycircuits-lod.genouest;hal-03602177;Only in file1
https://doi.org/10.1007/978-3-540-;hal-03913497;Only in file1
https://onlinelibrary.wiley.com/doi/abs/10.1002;hal-03156136;Only in file1
https://w3.org/tr/2014/note-;hal-03500522;Only in file1
https://archive.ics.uci.edu/ml/datasets/adult;hal-03133223;Only in file1
https://orcid.org/0000-0001-8612-4829;hal-04040702;Only in file1
https://hal.science/hal-03292172;hal-03292172;Only in file1
https://doi.acm.org/10.1145/3132747.3132769;hal-02406503;Only in file1
https://doi.org/10.1007/s10980-009-9341-0;hal-03220977;Only in file1
https://kaggle.com/c/titanic/data;hal-03133223;Only in file1
https://nips.cc;hal-02406503;Only in file1
https://papers.neurips.cc/paper;hal-02406503;Only in file1
https://creativecommons.org/licenses/by-nc-nd/4.0;hal-02898931;Only in file1
https://shimmersensing.com/product/shimmer3-gsr-unit;hal-04102737;Only in file1
https://hal.science/hal-03599601;hal-03599601;Only in file1
https://youtu.be/ztmqfciu0-0;hal-03811257;Only in file1
https://doi.org/10.1111/j.1095-8649;hal-03228509;Only in file1
https://doi.org/10.14778/2850583;hal-04278100;Only in file1
"https://wikidata.org/entity/q176996>;";hal-03230741;Only in file1
https://ceur-ws.org;hal-04353523;Only in file1
https://doi.org/10.1051/agro:19990304;hal-02228974;Only in file1
https://doi.org/10.1371/journal.pone.0232078.t001;hal-02639237;Only in file1
https://hal.science/hal-03654722;hal-03654722;Only in file1
https://e.g/x/sparql;hal-03404125;Only in file1
https://sequencer.party;hal-04337523;Only in file1
https://inria.hal.science/hal-03866083;hal-03866083;Only in file1
https://doi.org/10.1016/j.neunet.2015.09.008;hal-03112715;Only in file1
https://inria.hal.science/hal-03052508;hal-03052508;Only in file1
https://inria.hal.science/hal-03767967;hal-03767967;Only in file1
https://doi.org/10.1007/978-3-319-;hal-04233343;Only in file1
https://doi.org/10.1007/978-3-;hal-03516360;Only in file1
https://keras.io/api;hal-03066941;Only in file1
https://doi.org/10.3233/sw-150200;hal-03404580;Only in file1
https://ec;hal-03097047;Only in file1
https://www;hal-04157720;Only in file1
https://arcep.fr/nos-sujets/parlons-5g-toutes-vos-questions-;hal-03833620;Only in file1
https://asterixdb.apache.org;hal-02070827;Only in file1
https://doi.org/10;hal-04366893;Only in file1
https://imageclef.org/lifeclef2022;hal-03641389;Only in file1
https://bit.ly/3gfj2dd;lirmm-02945172;Only in file1
https://doi.org/10.1093/aob/mcy024;hal-02228974;Only in file1
https://doi.org/10.1016/j.eja.2016.09.001;hal-02228974;Only in file1
https://hpo.jax.org/app/browse;hal-04002207;Only in file1
https://dl.acm.org/citation;hal-01673025;Only in file1
https://orcid.org/0000-0003-0640-5706;hal-02937618;Only in file1
https://doi.org/10;hal-03812106;Only in file1
https://github.com;hal-03602177;Only in file1
https://inria.hal.science/hal-02121389;hal-02121389;Only in file1
https://who.int/emergencies/diseases/novel-;hal-02918344;Only in file1
https://cloud.google;hal-03692175;Only in file1
https://cs.sjsu.edu/faculty/stamp/rua;hal-02441654;Only in file1
https://doi.org/10.1007/978-3-540-74970-7_38;hal-03156136;Only in file1
https://inf.unibz.it/krdb/krdb%;hal-02109645;Only in file1
https://dx.doi.org/10.1016/j;hal-03527888;Only in file1
https://propaganda.qcri.org;hal-03314797;Only in file1
https://ampedstudio.com;hal-02557901;Only in file1
https://inria.hal.science/hal-03905094;hal-03905094;Only in file1
https://doi.org/10.1145/3487553.3524676;hal-03905184;Only in file1
https://doi.org/10.1038/s41598-023-46925-z;hal-04320566;Only in file1
https://github.com/wimmics/samelive;hal-03301330;Only in file1
https://doi.org/10.5441;hal-02935956;Only in file1
https://doi;hal-04132566;Only in file1
https://github.com/salathegroup/plantvillage_deeplearning_paper_analysis;hal-02470280;Only in file1
https://publish.plantnet-project.org/project/caypub;hal-02873670;Only in file1
https://purl.org/dc/terms/title>3;hal-03516420;Only in file1
https://knowledge.amia.org/69862-amia-1.4570936/t002-1.4575206;lirmm-03324873;Only in file1
https://w3.org/tr/2018;emse-02070625;Only in file1
https://huggingface.co/musixmatch/umberto-wikipedia-uncased-v1;hal-04008864;Only in file1
https://inria.hal.science/hal-02435371;hal-02435371;Only in file1
https://ijcai.org/abstract/16/273;hal-02406503;Only in file1
https://doi.org/10.1016/j.ecolmodel.2013.11.014;hal-02228974;Only in file1
https://geves.fr/catalogue;hal-03889780;Only in file1
https://github.com/maximiliense/glc19/blob/master/github_taxonomic_and_;hal-02190170;Only in file1
https://christophm.github.io/interpretable-ml-;hal-03381732;Only in file1
https://doi.org/10.1016/j.ijhcs.2014.09.006;hal-03811274;Only in file1
https://inria.hal.science/hal-03698833;hal-03698833;Only in file1
https://ceur-ws.org/vol-1700/paper-05.pdf;hal-02435371;Only in file1
https://en.wikipedia;hal-04094449;Only in file1
https://w3.org/tr/sparql11-query;hal-02921457;Only in file1
https://hal.science/hal-03890057v2;hal-03890057;Only in file1
https://doi.org/10.1145/2072298.2072434;hal-03871500;Only in file1
https://inria.hal.science/hal-03913504;hal-03913504;Only in file1
https://ietf.org/rfc/rfc3986.txt;hal-02936253;Only in file1
https://ec.europa;hal-01999453;Only in file1
https://featurecloud.eu/about;hal-02406503;Only in file1
https://inria.hal.science/hal-03657095;hal-03657095;Only in file1
https://orcid.org/0000-0001-9374-7872;hal-03404580;Only in file1
https://mongodb.github.io/mongo-java-driver;hal-01926379;Only in file1
https://researchers.lille.inria;hal-03156136;Only in file1
https://sciencedirect.com/science/article/pii;hal-03151014;Only in file1
https://aaai.org/ocs/index.php/aaai;hal-04388942;Only in file1
https://docs.scipy.org/doc/scipy/reference/cluster;hal-03522878;Only in file1
https://doi.org/10.1371/journal.pcbi.1008856.g007;hal-03220977;Only in file1
https://doi.org/10.1145/3468791.3468821;hal-03329878;Only in file1
https://hal.science/hal-03539742v2;hal-03539742;Only in file1
https://plantnet.org;hal-02937618;Only in file1
https://w3.org/tr/2017/rec-vocab-ssn-20171019;hal-04358408;Only in file1
https://arxiv.org/abs/2003.14053;hal-03110739;Only in file1
https://github.com/yuxiangw/autodp;hal-03905068;Only in file1
https://inria.hal.science/hal-03516436;hal-03516436;Only in file1
https://fatconference.org;hal-02066516;Only in file1
https://doi.org/10;hal-02984951;Only in file1
https://verovio.org;hal-03812972;Only in file1
https://doi.org;hal-04405026;Only in file1
https://bit.ly/38gn8wv;hal-03128512;Only in file1
https://explore.recolnat.org/search/botanique/type=index;hal-03415990;Only in file1
https://hal.science/hal-03539741;hal-03539741;Only in file1
https://hal.science/hal-04201661;hal-04201661;Only in file1
https://dx.doi.org/10.1561/2200000083;hal-03406994;Only in file1
https://inria.hal.science/hal-03103528;hal-03103528;Only in file1
https://dbpedia.org/resource;hal-02936193;Only in file1
https://postgresql.org;hal-03791272;Only in file1
https://ldbcouncil.org/industry/organization/origins;hal-02435371;Only in file1
https://doi.org/10.5281/zenodo.7918478;hal-04201661;Only in file1
https://ontocommons.eu;hal-04366893;Only in file1
https://sedac.ciesin.columbia.edu/data/set/wildareas-v3-2009-human-footprint;hal-03693593;Only in file1
https://github.com;hal-01673025;Only in file1
https://d-nb;lirmm-02945170;Only in file1
https://webdam.inria.fr/alice;hal-02310749;Only in file1
https://doi.org;lirmm-04277973;Only in file1
https://w3.org/tr/2012/rec-owl2-;hal-04358408;Only in file1
https://bit.ly/2dtnmgq;lirmm-02945170;Only in file1
https://caida.org/about;hal-03654722;Only in file1
https://knowledge.amia.org/67852-amia-1;hal-04353523;Only in file1
https://r-project.org/other-docs.html;hal-03347677;Only in file1
https://inria.hal.science/hal-04384816;hal-04384816;Only in file1
https://relweb.cs.aau.dk/triedf;hal-03500647;Only in file1
https://hal.archives-ouvertes.fr/hal-02284538;hal-03738973;Only in file1
https://proceedings.mlr.press;hal-03406994;Only in file1
https://doi.org/10.1007/3-540-10003-2_;hal-03536045;Only in file1
https://aaai.org/ocs/index.php/icaps/icaps17;hal-04075393;Only in file1
https://dx.doi.org/10.1109/tkde;hal-02532706;Only in file1
https://github.com/wimmics/covidontheweb;hal-02939363;Only in file1
https://sentinelsat.readthedocs.io/en/stable;hal-03693593;Only in file1
https://doi.org/10.1016/j.tree.2017.05.003;hal-03220977;Only in file1
https://github.com/hetio/hetionet;hal-04353523;Only in file1
https://protege.stanford.edu;hal-03518845;Only in file1
https://doi.org/10.1109/wf-iot.2016;hal-02289497;Only in file1
https://openai.com/dall-e-3;hal-04353543;Only in file1
https://ns;hal-03946680;Only in file1
https://scansante.fr/open-ccam/open-ccam-2019;hal-03326618;Only in file1
https://dbpedia.org/resource/barack;hal-03301330;Only in file1
https://eprint.iacr.org/2020/029;hal-03904200;Only in file1
https://arxiv.org/abs/1703.00056;hal-02066516;Only in file1
https://sabiod.org/icml4b2013_book.pdf;hal-02281455;Only in file1
https://startpage.com/sp/cl;hal-04228304;Only in file1
https://kaggle.com/allen-institute-for-ai/cord-19-research-challenge;hal-02939363;Only in file1
https://doi.org/10;hal-04068708;Only in file1
https://doi;hal-02057980;Only in file1
https://tools.ietf.org/html;hal-03135088;Only in file1
https://dx.doi.org;hal-03189474;Only in file1
https://github.com/graphmark/gmark17werecallthatgmarkcangeneratequeriesoffourshapes:chain,star,chain-starandcycle.wehavethuscherry-pickedchainqueriesasrepresentativesofquerieswithhy-pertreewidthequalto1.18everycpuhas6physicalcoresand,withhyperthread-ing,12logicalcores.w-3w-4w-5w-6w-7w-810810910101011avg.queryruntimeperworkloadw-x(inns)chainbgchainpgcyclebgcyclepg*w-xw-3w-4w-5w-6w-7w-8%t/o184C9C0%fig.3executiontimes(top)ofdiverseworkloadofchain/cyclequeries(oflength3,4,5,6)onblazegraph(bg)andpostgresql(pg).numberoftimeoutsperworkloadforcyclepgonly(bottom).cyclepgtimesincludet/oof300s(perquery).thedi↵erencebetweenaverageruntimeofchainqueryworkloadsandcyclequeryworkloadsisnonnegligible,thusconﬁrmingthatwecannotignorethegraphrep-resentationandtheshapeofqueries.thisexperimentalsomotivatedustodigdeeperintheshapeanalysisofourquerylogs,whichwereportinsection6.5.3classesofqueriesfor(hyper)graphswenowdiscusstheclassesofqueriesforwhichwewillinvestigatetheircanonicalgraph-andhypergraphstructuresinsection6.tothebestofourknowledge,alltheliteraturerelating(hyper)graphstructureofqueriestoe cientevaluationwasdoneonaofpatterns.here,wefocusonfragmentsofaofpatterns,plusamildextension,namelywithadditionalvalues-blocks.thesimplestqueriesweconsiderarethecqs,whichmoti-vatedtheclassicalliteratureonqueryevaluationandhypertreestructure[11,17].wediscoveredthat61.00%(60.99%)oftheaofpatternsarecqs.deﬁnition3acqissuitableforgraphanalysisifitisagraphpattern.foracqthatissuitableforgraphanalysis,itscanonicalgraphisdeﬁnedasitstriplegraph.foreveryothercq,itscanonicalhypergraphisdeﬁnedasitstriplehypergraph.next,weextendtheaboveterminologyforcqswithfilter,opt,andvalues.weonlywanttoconsider;hal-03118422;Only in file1
https://doi.org/10.1007/s00267-010-9584-1;hal-03228509;Only in file1
https://inria.hal.science/hal-02073854;hal-02073854;Only in file1
https://openscience.adaptcentre.ie/ontologies/gdprtext/deliverables/docs;hal-03065217;Only in file1
https://lifeclef.org;hal-02945382;Only in file1
https://github.com/arthurcamara/chiir21-sal-scaffolding;hal-04152998;Only in file1
https://raetschlab.org/members/raetsch/benchmark;hal-02882092;Only in file1
https://obi-wan.saclay.inria.fr;hal-02921434;Only in file1
"https://identifiers.org/pubmed/12648679""";hal-04125922;Only in file1
https://opentheso;hal-04156996;Only in file1
https://w3.org/tr/annotation-vocab;hal-03404580;Only in file1
https://medium.com/merantix/deep-learning-from-natural-t;hal-03769993;Only in file1
https://ceur-ws.org;hal-02873670;Only in file1
https://raftrek.com;hal-02441654;Only in file1
https://w3.org/tr/sparql11-overview;hal-03516420;Only in file1
https://om2023.ontologymatching.org;hal-04366893;Only in file1
https://digipathos-rep.cnptia.embrapa.br;hal-02470280;Only in file1
https://acl-bg.org/proceedings/2019;hal-03256451;Only in file1
https://doi.org/10.1016/0005-;hal-03710323;Only in file1
https://tensorflow.org/datasets/api_docs/python/tfds/as_numpy;hal-02406503;Only in file1
https://hal.science/hal-03295581;hal-03295581;Only in file1
https://github.com/interactions-hsg/wot-search-manufacturing;hal-03135088;Only in file1
https://github.com/boourns/burns-audio-wam;hal-03951799;Only in file1
https://doi.org/10.1016/j.envsoft.2021.105055;hal-03231805;Only in file1
https://hal.science/hal-04094449;hal-04094449;Only in file1
https://rdfs.org/scot/spec;hal-03812106;Only in file1
https://hal.science/hal-03905183;hal-03905183;Only in file1
https://doi.org/10.1088/1742-6596/180/1/012053;lirmm-02949807;Only in file1
https://people.irisa.fr/thomas.guyet/negativepatterns;hal-03025572;Only in file1
https://doi.org/10.1186/1687-5281-2013-52;hal-03641389;Only in file1
https://github.com/etouss/nullsurvey;hal-03934346;Only in file1
https://data.archives-ouvertes.fr/doc/sparql;hal-03292172;Only in file1
https://doi.org/10;hal-03140067;Only in file1
https://geoservices.ign.fr;hal-03167637;Only in file1
https://doi.org/10.1145/3340531.3412881;hal-04201661;Only in file1
https://doi.org/10.1038;hal-02483307;Only in file1
https://github.com/grame-cncm/faustlibraries/blob;hal-03812938;Only in file1
https://inria.hal.science/hal-03150404;hal-03150404;Only in file1
https://ceur-ws.org/vol-1426/paper-08.pdf;hal-04201661;Only in file1
https://github.com/agroportal/ontology_mapping_harvester;lirmm-02945172;Only in file1
https://cas.lod-cloud.net;hal-04353523;Only in file1
https://archive.ics.uci.edu/ml/datasets.html;hal-02049763;Only in file1
https://creativecommons.org;hal-03699447;Only in file1
https://arxiv.org/abs/2007.14045;hal-04377324;Only in file1
https://arxiv.org/abs/1909.04746;hal-02406503;Only in file1
https://aksw.github.io/lsq;hal-03118422;Only in file1
https://splicemachine.com/wp-content/uploads/sp.whitepaper_;lirmm-03639381;Only in file1
https://sabiod.org;hal-02345644;Only in file1
https://arxiv.org/abs/2204.07057;hal-04014977;Only in file1
https://doi.org/10.1016/0304-;hal-02532706;Only in file1
https://hal.science/hal-04293239;hal-04293239;Only in file1
https://w3.org/tr/swbp-specified-values;hal-04230234;Only in file1
https://huggingface.co/distilbert-base-uncased;hal-04311370;Only in file1
https://cs.ox.ac.uk/people/andrew.paverd/casper/casper-privacy-report.pdf;hal-02950994;Only in file1
https://doi.org/10.1002/9780470627242.ch18;hal-01999453;Only in file1
https://doi.org/10.3390/cancers13194749;hal-03379679;Only in file1
https://doi.org/10.3732/ajb.1700281;hal-03871553;Only in file1
https://doi.org/10.1016/s0169-7552(98)00110-x;hal-03135088;Only in file1
https://github.com/mat-o-lab/alutraceproject;hal-04366893;Only in file1
https://di.ens.fr/~ngrosshans;hal-02414771;Only in file1
https://doi.org/10.1016/j.eja.2017.09.009;hal-02228974;Only in file1
https://hal-lirmm.ccsd.cnrs.fr/lirmm-03452154;lirmm-03452154;Only in file1
https://hal.science/hal-03337650;hal-03337650;Only in file1
https://dhsite.fbk.eu/2018/09;hal-04037120;Only in file1
https://portal.acm;hal-02532706;Only in file1
https://dl.acm.org/citation;hal-03135088;Only in file1
https://dx.doi.org/10.7717;hal-03418836;Only in file1
https://microdata.worldbank.org/index.php/catalog/3811;hal-04411802;Only in file1
https://kaggle.com/mrisdal/2016-us-presidential-debates;hal-03494520;Only in file1
https://keras.io;hal-03025671;Only in file1
https://doi.org/10.2134;hal-02228974;Only in file1
https://github.com/frmichel/morph-xr2rml;hal-03807744;Only in file1
https://github.com/micbuﬀa/webaudioplugins;hal-02366730;Only in file1
https://taxref.mnhn.fr;hal-04289970;Only in file1
https://taxref.i3s.unice.fr/fct;hal-04289970;Only in file1
https://gitlab.inria.fr/moex/lazylav;hal-03939919;Only in file1
https://hal.science/hal-02997579v2;hal-02997579;Only in file1
https://ceur-ws.org/vol-1014/paper_63.pdf;hal-04353523;Only in file1
https://huggingface.co/datasets/code_search_net;hal-04311401;Only in file1
https://hal-lirmm.ccsd.cnrs.fr/lirmm-02010805;lirmm-02010805;Only in file1
https://faust.grame.fr;hal-02557901;Only in file1
https://ceur-ws.org/vol-2399/paper08;hal-03140067;Only in file1
https://doi.org/10.1371/journal.pcbi.1008856.g010;hal-03220977;Only in file1
https://doi;hal-02228974;Only in file1
https://a.org”>...</a;hal-03150441;Only in file1
https://siflo;hal-03150701;Only in file1
https://doi.org/10.34133;hal-04322179;Only in file1
https://doi.org/10.1038/s41598-018-21414-w;hal-02228974;Only in file1
https://doi.org/10.1145/3448016.3457561;hal-03189192;Only in file1
https://doi.org/xxxxxxx.xxxxxxx;hal-03767992;Only in file1
https://ceur-ws.org/vol-1265/owled2014_;hal-02571170;Only in file1
https://purl.obolibrary.org/obo/ncbitaxon_10239;hal-02939363;Only in file1
https://doi.org/10.1007/978-3-319-76445-0_10;hal-04405026;Only in file1
https://cbd.int;hal-04322219;Only in file1
https://github.com;hal-03474556;Only in file1
https://inria.hal.science/hal-02084977;hal-02084977;Only in file1
https://doi.org/10.1038/s41598-020-69861-8;hal-02919190;Only in file1
https://arxiv.org/abs/1804.09849;hal-03256451;Only in file1
https://inria.hal.science/hal-03936512;hal-03936512;Only in file1
https://saxonica.com;hal-04125922;Only in file1
https://bioportal.bioontology.org/ontologies/atc;hal-01967586;Only in file1
https://inria.hal.science/hal-02562199v3;hal-02562199;Only in file1
https://orcid.org/0000-0002-5618-9776;hal-03404580;Only in file1
https://dataref.com…;hal-02895316;Only in file1
https://doi.org/10.1016/j;hal-04205128;Only in file1
https://frontiersin.org/articles/10.3389/frai.2023;hal-04289970;Only in file1
https://nadiaya2019.github.io/demokgviz;hal-03890035;Only in file1
https://inria.hal.science/hal-02882118;hal-02882118;Only in file1
https://hal.science/hal-04103293;hal-04103293;Only in file1
https://inria.hal.science/hal-02895316;hal-02895316;Only in file1
https://arxiv.org/abs/1908.10084;hal-04371254;Only in file1
https://doi.org/10.1007/bf00028502;hal-03220977;Only in file1
https://dbpedia.org/property;hal-03082579;Only in file1
https://creep-project;hal-02020829;Only in file1
https://huggingface.co/sentence-transformers;hal-04311401;Only in file1
https://doi.org/10;hal-03905184;Only in file1
https://w3id.org/eve;hal-02289497;Only in file1
https://github.com/idiap;hal-03256451;Only in file1
https://grandjean.users.greyc.fr;hal-03940590;Only in file1
https://snap.stanford.edu/data/index.html;hal-03140067;Only in file1
https://hal-lirmm.ccsd.cnrs.fr/lirmm-03324881;lirmm-03324881;Only in file1
https://doi.org/10.4018/jissc.2010100104;hal-02228974;Only in file1
https://doi.org/10.1145/3240323.3240377;hal-04041691;Only in file1
https://owl.cs;hal-04353543;Only in file1
https://dbis.informatik.uni-freiburg.de/forschung/projekte/sp2b;hal-02435371;Only in file1
https://doi.org/10.1007/s11284-011-0873-9;hal-02228974;Only in file1
https://covid19.i3s.unice.fr:8080;hal-03292172;Only in file1
https://hal.science/hal-03404572;hal-03404572;Only in file1
https://hal.inria.fr/hal-02562199;hal-02907918;Only in file1
https://pypi.org/project;hal-03925147;Only in file1
https://doi.org/10.1016/j.compedu;hal-04132566;Only in file1
https://sciencedirect.com/science/article;hal-02376961;Only in file1
https://sciencedirect;hal-03500522;Only in file1
https://doi.org/10.1093/database;hal-03602177;Only in file1
https://cloud.google;hal-03941879;Only in file1
https://doi.org/10.1111/jbi.13544;hal-03220977;Only in file1
https://doi.org/10.1016/s0304-3800(00)00354-9;hal-03220977;Only in file1
https://doi.org;hal-03266004;Only in file1
https://arxiv.org/abs/2002.11097;hal-04377324;Only in file1
https://doi;hal-04040702;Only in file1
https://connect-;hal-04405026;Only in file1
https://arxiv.org/abs/1810.02132;lirmm-02148200;Only in file1
https://hal.inria.fr/hal-;hal-03320929;Only in file1
https://insee.fr/fr/information/2406147;hal-02348004;Only in file1
https://hal.science/hal-02984117v2;hal-02984117;Only in file1
https://w3.org/submission/cbd;hal-02933190;Only in file1
https://dbpedia.org/ontology;hal-02936193;Only in file1
https://doi.org/10.5220/0005448304430454;hal-04201661;Only in file1
https://sciencedirect.com/science/article/pii;hal-03329674;Only in file1
https://doi.org/10.1093/bioinformatics/btv018;hal-03100032;Only in file1
https://scikit-learn.org;hal-02281138;Only in file1
https://osr-cesbio.ups-tlse.fr/~oso/posts/2017-03-30-map-s2-2016;hal-03695760;Only in file1
https://huggingface.co;hal-04262826;Only in file1
https://figshare.com/articles/earthquakeearlywarningdataset/9758555;hal-03510012;Only in file1
https://doi.org/10.1504/ijaose.2007.016266;hal-03135088;Only in file1
https://dx.doi.org/10.1016/j.websem.2009.07.002;hal-02435371;Only in file1
https://doi.org/10.1016/j.artint;hal-03913481;Only in file1
https://hal.inrae.fr/hal-03695760;hal-03695760;Only in file1
https://uima.apache.org/doc-uima-why.html;hal-03150441;Only in file1
https://dot.gov.in/net-neutrality;hal-02066516;Only in file1
https://www;hal-03189474;Only in file1
https://w3.org/tr;hal-02446427;Only in file1
https://arxiv;hal-04255500;Only in file1
https://ceur-ws.orgissn;hal-04234719;Only in file1
https://github.com;hal-02194887;Only in file1
https://hal.inrae.fr/hal-03601464;hal-03601464;Only in file1
https://doi.org/10.1080;hal-02639237;Only in file1
https://hal.inrae.fr/hal-04183747;hal-04183747;Only in file1
https://w3.org/tr;hal-02057980;Only in file1
https://doi.org/10.1016;hal-03871553;Only in file1
https://doi.org/10.5281;hal-03889780;Only in file1
https://github.com/wimmics/covidontheweb/tree/master/notebooks;hal-03230741;Only in file1
https://hal-lirmm.ccsd.cnrs.fr/lirmm-04305787;lirmm-04305787;Only in file1
https://ec.europa.eu/eurostat;hal-03791175;Only in file1
https://hal.archives-ouvertes.fr/hal-03363442[2]y.jing,y.yang,z.feng,j.ye,y.yu,andm.song,“neuralstyletransfer:areview,”ieeetransactionsonvisualization&computergraphics,vol.26,no.11,pp.3365–3385,nov2020.[3]l.a.gatys,a.s.ecker,andm.bethge,“aneuralalgorithmofartisticstyle,”arxivpreprintarxiv:1508.06576,2015.[4]c.liandm.wand,“combiningmarkovrandomfieldsandconvolutionalneuralnetworksforimagesynthesis,”in2016ieeeconferenceoncomputervi-sionandpatternrecognition(cvpr).lasvegas,nv,usa:ieee,jun.2016,pp.2479–2486.[5]s.hicsonmez,n.samet,e.akbas,andp.duygulu,“ganilla:generativeadversarialnetworksforimagetoillustrationtranslation,”imageandvisioncomputing,vol.95,p.103886,2020.[6]j.-y.zhu,t.park,p.isola,anda.a.efros,“unpairedimage-to-imagetranslationusingcycle-consistentad-versarialnetworks,”in2017ieeeinternationalconfer-enceoncomputervision(iccv),2017,pp.2242–2251.[7]j.liao,y.yao,l.yuan,g.hua,ands.b.kang,“visualattributetransferthroughdeepimageanalogy,”acmtransactionsongraphics(tog),vol.36,no.4,pp.1–15,2017.[8]h.-h.zhao,p.l.rosin,y.-k.lai,andy.-n.wang,“automaticsemanticstyletransferusingdeepconvolu-tionalneuralnetworksandsoftmasks,”thevisualcom-puter,vol.36,no.7,pp.1307–1324,2020.[9]j.h.parketal.,“semantic-awareneuralstyletransfer,”imageandvisioncomputing,vol.87,pp.13–23,2019.[online].available:https://www.sciencedirect.com/science/article/pii/s0262885619300435[10]s.penhou¨etetal.,“automateddeepphotostyletransfer,”corr,vol.abs/1901.03915,2019.[online].available:https://arxiv.org/abs/1901.03915[11]f.luan,s.paris,e.shechtman,andk.bala,“deepphotostyletransfer,”in2017ieeeconferenceoncomputervisionandpatternrecognition(cvpr).honolulu,hi:ieee,jul.2017,pp.6997–7005;hal-03921565;Only in file1
https://ojs.aaai.org/index.php/aaai/article/view/5701;hal-04344975;Only in file1
https://doi.org/10.1109/iembs.2006.259235;hal-03905409;Only in file1
https://inria.hal.science/hal-03128512;hal-03128512;Only in file1
https://inria.hal.science/hal-03160473;hal-03160473;Only in file1
https://lifeclef.org;hal-02273257;Only in file1
https://hal.archives-ouvertes.fr;hal-03135088;Only in file1
https://doi.org/10.1038/sdata.2016.18;hal-03871553;Only in file1
https://doi.org/10.1016/0022-;hal-03934389;Only in file1
https://openai.com/blog;hal-04068708;Only in file1
https://doi.org/https://doi.org/10.1016/j.websem.2016.06.001;hal-03905409;Only in file1
https://inria.hal.science/hal-03344041v2;hal-03344041;Only in file1
https://clipchamp.com/watch/7vsayzypeda;hal-04234719;Only in file1
https://doi.org/10.1111/j.1365-2656.2008.01390.x;hal-03167637;Only in file1
https://numpy.org;hal-03347677;Only in file1
https://docs.snowflake.com/en/sql-reference/udf-;hal-03692175;Only in file1
https://ads.twitter.com/transparency;hal-03916393;Only in file1
https://ftc.gov/business-guidance/blog/2019/11/youtube-channel-;hal-04311598;Only in file1
https://inria.hal.science/hal-03559309;hal-03559309;Only in file1
https://doi.org/10.1016/0022-;hal-02532706;Only in file1
https://obofoundry.org/principles/fp-004-versioning.html17;hal-04353523;Only in file2
https://gov.uk/government/news/the-midata-vision-of-consumer-empowerment;hal-02269216;Only in file2
https://machinelearning.apple.com/2017/12/06/scale.;hal-02406503;Only in file2
https://doi.org/10.1016/j.websem.2011.12.001;hal-02984951;Only in file2
https://doi.org/10.1109/spw.2015.2516.;hal-03100032;Only in file2
https://osr-cesbio.ups-tlse.fr/~oso/posts/2017-03-30-carte-s2-2016/9;hal-03167637;Only in file2
https://gitlab.inria.fr/tcao/news-scraper/blob/master/lesechos;hal-02121389;Only in file2
https://gdpr-info.eu/0.20.40.60.81.0privacy;hal-02942997;Only in file2
https://inria.hal.science/hal-02433213submitted;hal-02433213;Only in file2
https://doi.org/10.1145/3383313.341224913.;hal-04068708;Only in file2
https://github.com/rheem-ecosystem/rheem/tree/master/rheem-core/src/main/java/org/qcri/rheem/core/profiling05101520q01q02q03q04q05q06q07q08q09q10q11q12q13q14q15q16q17q18q19q20q021q22q23q24q25q26q27q28q29execution;hal-02070827;Only in file2
https://doi.org/10.1145/3459637.34823127.;hal-04068708;Only in file2
https://doi.org/10.1145/290179.290182;hal-03937274;Only in file2
https://arxiv.org/abs/2006.15595.kim;hal-03256451;Only in file2
https://lifeclef.org/4.;hal-04204378;Only in file2
https://ebi.ac.uk/biomodels/biomd0000000448.;hal-02279942;Only in file2
https://proceedings.mlr.press/v48/gilad-bachrach16.html.;hal-02406503;Only in file2
https://doi.org/10.1016/j.ecolmodel.2013.12.01242.;hal-02639237;Only in file2
https://lacl.fr/~ldartois/these.pdf.luc;hal-03114304;Only in file2
https://doi.org/10.1145/3284316.;hal-03765857;Only in file2
https://tinyurl.com/grouping-sets;hal-03996787;Only in file2
https://doi.org/10.1093/nar/gkaa1100.17.;hal-03602177;Only in file2
https://cambridgeindependent.co.uk/news/mission-compostable-cambridge-bid-launches-new-public-bins-9229753/.;hal-04043460;Only in file2
https://doi.org/10.3233/sw-160213.;hal-03765857;Only in file2
https://github.com/wiseman/py-webrtcvad.;lirmm-02010805;Only in file2
https://inria.hal.science/hal-03103528submitted;hal-03103528;Only in file2
https://inria.hal.science/hal-03125718submitted;hal-03125718;Only in file2
https://inpn.mnhn.fr/telechargement/referentielespece/taxref/16.0/menugbif;hal-04198414;Only in file2
https://hal.inria.fr/hal-02904797;hal-02934277;Only in file2
https://doi.org/10.3233/978-1-61499-419-0-214.;hal-03112715;Only in file2
https://doi.org/10.1111/ele.12497lorieul;hal-03871553;Only in file2
https://bit.ly/3gfj2dd.;lirmm-02945172;Only in file2
https://doi.org/10.1093/jxb/ery309;hal-02228974;Only in file2
https://doi.org/10.1145/3375395.3387970paolo;hal-03127726;Only in file2
https://ojs.aaai.org/index.php/aaai/article/view/5694.michael;hal-04344975;Only in file2
https://medium.com/merantix/deep-learning-from-natural-to-medical-images-74827bf51d6b.;hal-03769993;Only in file2
https://wasabi.i3s.unice.fr/apidoc/12;hal-03812106;Only in file2
https://orcid.org/0000-0002-7171-169xabstract.;hal-04269089;Only in file2
https://cs.cmu.edu/afs/cs/user/mmv/www/papers/98aips-pddl.pdf.59;hal-04358408;Only in file2
https://hal.inrae.fr/hal-03817452submitted;hal-03817452;Only in file2
https://vexflow.com/9;hal-03812972;Only in file2
https://aicrowd.com/challenges/snake-species-identiﬁcation-challenge23.;hal-02873670;Only in file2
https://hal.archives-ouvertes.fr/hal-02103359.49;hal-04377324;Only in file2
https://finance.yahoo.com/news/webank-swiss-signed-cooperation-mou-112300218.html.;hal-02406503;Only in file2
https://doi.org/10.1007/978-1-4419-7390-0_8.41.fox;hal-03220977;Only in file2
https://github.com/mlesnoff/rnirs.;hal-02899789;Only in file2
https://kaggle.com/netflix-inc/netflix-prize-data;hal-03347677;Only in file2
https://amirgilad.github.io/publication/cikm21/cikm21.pdf.daniel;hal-04377324;Only in file2
https://inria.hal.science/hal-03201649submitted;hal-03201649;Only in file2
https://web.cs.ucla.edu/~andyshih/assets/pdf/sdcsat19.pdf.andy;hal-04377324;Only in file2
https://github.com/patrickzib/sfa14;hal-03599214;Only in file2
https://laas.fr/tina;hal-02997908;Only in file2
https://teamupturn.org/reports/2018/facebook-ads/.;hal-03916393;Only in file2
https://hal.umontpellier.fr/hal-02137748submitted;hal-02137748;Only in file2
https://ceur-ws.org/vol-2849/paper-01.pdf63.;hal-04201661;Only in file2
https://doi.org/10.1371/journal.pone.0153071triki;hal-03871553;Only in file2
https://doi.org/10.1137/1410006713.;hal-04125922;Only in file2
https://doi.acm.org/10.1145/2462476.2465602.hilary;hal-02571170;Only in file2
https://vldb.org/pvldb/vol14/p2599-tziavelis.pdf;hal-04110779;Only in file2
https://wiki.dbpedia.org;hal-01978784;Only in file2
https://raw.githubusercontent.com/inovexirad/matonto-ontologies/master/matonto-release.ttl26https://purl.obolibrary.org/obo/bfo/2.0/bfo.owl27https://raw.githubusercontent.com/emmo-repo/emmo/1.0.0-alpha2/emmo.owl;hal-04366893;Only in file2
https://pegasus.isi.edu/2016/02/23/pegasus-and-ligo;lirmm-03227618;Only in file2
https://freedomhouse.org/report-types/freedom-net19;hal-03189474;Only in file2
https://doi.org/10.1145/3448016.3457561brothers;hal-03189192;Only in file2
https://inria.hal.science/hal-03908363submitted;hal-03908363;Only in file2
https://mitp-content-server.mit.edu:18180/books/content/sectbyfn;emse-04058783;Only in file2
https://arxiv.org/abs/1106.1819.anupam;hal-04377324;Only in file2
https://inria.hal.science/hal-03934340submitted;hal-03934340;Only in file2
https://combinatorics.org/volume_11/abstracts/v11i1r87.html.15;hal-03098614;Only in file2
https://csxstatic.ist.psu.edu/downloads/software;hal-04138880;Only in file2
https://github.com/elecdeb60to16/disputool.2.2experimentalsettingandresultsthecorpusindisputoolisacollectionoftranscriptsofthetelevisedpresidentialcandidatedebatesinunitedstatesfrom1960;hal-02381055;Only in file2
https://doi.org/10.5281/zenodo.3773931.srivastava;hal-03332224;Only in file2
https://doi.org/10.3390/metabo12020107academic;hal-04278771;Only in file2
https://doi.org/10.1016/j.compag.2013.09.015.;hal-03347926;Only in file2
https://imitates.gforge.inria.fr/code.html.acknowledgements;lirmm-02973633;Only in file2
https://orcid.org/0000-0002-4935-4710serena;hal-03404580;Only in file2
https://hal.inrae.fr/hal-03695760submitted;hal-03695760;Only in file2
https://fcc.gov/document/sponsorship-identification-rules-and-embedded-advertising-0;hal-04311598;Only in file2
https://doi.org/10.2307/194144746.legendre;hal-03220977;Only in file2
https://doi.org/10.1016/j.eja.2013.09.019corre-hellou;hal-02228974;Only in file2
https://bitbucket.org/rdfminer/classdisjointnessaxioms/src/https://anonymous.4open.science/r/axiom-score-prediction-bc16master/results/classdisjointnessaxioms;hal-03905409;Only in file2
https://inria.hal.science/hal-02319539submitted;hal-02319539;Only in file2
https://inria.hal.science/hal-03423328submitted;hal-03423328;Only in file2
https://inria.hal.science/hal-02289497submitted;hal-02289497;Only in file2
https://team.inria.fr/cedar/projects/abstra/pathways/.3;hal-04103293;Only in file2
https://inria.hal.science/hal-02070827v2submitted;hal-02070827;Only in file2
https://edpb.europa.eu/sites/edpb/files/files/file1/edpb_guidelines_20200420_contact_tracing_covid_with_annex_en.pdf.1;hal-03189474;Only in file2
https://doi.org/10.1111/j.1467-9876.2011.00769.x22.;hal-02639237;Only in file2
https://doi.org/10.1109/vast.2016.788351518.;hal-03779349;Only in file2
https://dx.doi.org/10.2139/ssrn.2374119.53;hal-03189474;Only in file2
https://webcomponents.org.;hal-03087763;Only in file2
https://doi.org/10.14778/2733004.2733012;hal-03897397;Only in file2
https://theconversation.com/les-ia-comprennent-elles-ce-quelles-font-...le;hal-03135131;Only in file2
https://doi.org/10.1109/icde.2009.64jochem;hal-03886320;Only in file2
https://github.com/scottchiefbaker/dool;hal-04157720;Only in file2
https://google.com/landing/2step/.;hal-03079818;Only in file2
https://hal.inria.fr/hal-01623368fabien;hal-02748219;Only in file2
https://doi.org/10.1038/s41598-019-40766-5renner;hal-03871553;Only in file2
https://consultations-publiques.developpement-durable.gouv.fr/img/pdf/annexe_6_de_la_strategie_-_fiches_sectorielles.pdfhow;hal-04043460;Only in file2
https://doi.org/10.1016/s0308-597x;hal-03228509;Only in file2
https://web.stanford.edu/~jurafsky/slp3/ed3book_jan72023.pdf.87;hal-04353523;Only in file2
https://dbpedia.org/resource/prefix;hal-02936253;Only in file2
https://doi.org/10.24963/ijcai.2017/2398.;hal-02915414;Only in file2
https://inria.hal.science/hal-03871660submitted;hal-03871660;Only in file2
https://github.com/interactions-hsg/yggdrasil/tree/iot2019/12see;hal-03135088;Only in file2
https://doi.org/10.5334/dsj-2020-032submitted:;hal-02483307;Only in file2
https://doi.org/10.1145/3459637.34819821;hal-03337765;Only in file2
https://doi.org/10.14778/3137765.3137789.;lirmm-02949807;Only in file2
https://dx.doi.org/10.1145/3365871.3365901main;hal-03960471;Only in file2
https://doi.org/10.1145/1142473.11425744.;hal-03779349;Only in file2
https://vldb.org/pvldb/volumes/15/paper/troubles with nulls, views from the users;hal-03934346;Only in file2
https://facebook.com/ads/library/report;hal-04129915;Only in file2
https://inria.hal.science/hal-02121389submitted;hal-02121389;Only in file2
https://dx.doi.org/10.1145/2815675.2815691haoyue;hal-02066516;Only in file2
https://doi.org/10.1038/s41598-023-46925-z3vol.:;hal-04320566;Only in file2
https://doi.org/10.1145/2488388.2488425;hal-02066041;Only in file2
https://doi.org/10.1038/nature1696130.;hal-03266462;Only in file2
https://openarchives.org/pmh/7;hal-03807744;Only in file2
https://hdl.handle.net/2299/4885.m.;hal-02571170;Only in file2
https://w3.org/.;hal-03662183;Only in file2
https://sabiod.org/nips4b26.;hal-03641389;Only in file2
https://doi.org/10.1145/3340531.341288160.;hal-04201661;Only in file2
https://github.com/micbuffa/walatencycompensation8we;hal-04335612;Only in file2
https://artelys.com/docs/knitro/index.html.;hal-02549758;Only in file2
https://ngrams.info/download_coha.asp10we;hal-04126662;Only in file2
https://archive.ics.uci.edu/ml/datasets/diabetes+130-us+hospitals+for+years+1999-2008.diabetes;hal-02310236;Only in file2
https://inria.hal.science/hal-03996787v2submitted;hal-03996787;Only in file2
https://doi.org/10.1111/nph.12192chenu;hal-02228974;Only in file2
https://inria.hal.science/hal-03231805submitted;hal-03231805;Only in file2
https://developer.nvidia.com/clara.;hal-02406503;Only in file2
https://code.google.com/archive/p/loted2/source9;hal-03065217;Only in file2
https://doi.org/10.1145/3340531.34174601;hal-03004218;Only in file2
https://miteco.gob.es/es/biodiversidad/servicios/banco-datos-naturaleza/eidos_acceso.aspx;hal-04198414;Only in file2
https://doi.org/10.1016/j.ijhcs.2014.09.006.;hal-03811274;Only in file2
https://futuregrid.org.;lirmm-01867717;Only in file2
https://doi.org/10.1145/2502081.2502251.goëau;hal-02937618;Only in file2
https://doi.org/10.1002/ece3.6571meineke;hal-03871553;Only in file2
https://iacademc.oup.comfig.;hal-02903070;Only in file2
https://doi.org/10.1145/3459637.34819821according;hal-03337765;Only in file2
https://inria.hal.science/hal-03925679v3submitted;hal-03925679;Only in file2
https://github.com/aollagnier/cyberagressionado-v1;hal-03765860;Only in file2
https://doi.org/10.4000/communication.13490.;hal-04293239;Only in file2
https://oaei.ontologymatching.org/2022/results/knowledgegraph/knowledgegraph-alignments.zip40https://oaei.ontologymatching.org/2022/results/knowledgegraph/index.html;hal-04351729;Only in file2
https://doi.org/10.6084/m9.ﬁgshare.4986368.v8.;hal-02348004;Only in file2
https://doi.org/10.3171/2018.3.focus1831.;hal-03263469;Only in file2
https://essepuntato.it/kcefigure;hal-01925496;Only in file2
https://ontology.inrae.fr/frenchcropusage/sparql.;hal-04289970;Only in file2
https://cigionline.org/publications/four-internets-geopolitics-digital-governance.j.r.;hal-03189474;Only in file2
https://hal.inrae.fr/hal-02973673submitted;hal-02973673;Only in file2
https://doi.org/https://doi.org/10.1016/j.websem.2016.06.001j.;hal-03905409;Only in file2
https://inria.hal.science/hal-03140409submitted;hal-03140409;Only in file2
https://doi.org/10.1109/isspit47144.2019.9001864;hal-04132566;Only in file2
https://sciencedirect.com/science/article/pii/s0002929712000936of;hal-03100032;Only in file2
https://inria.hal.science/hal-02269292submitted;hal-02269292;Only in file2
https://github.com/bkghz-orange-blue/counternet.;hal-03899151;Only in file2
https://hal.inrae.fr/hal-04098521submitted;hal-04098521;Only in file2
https://doi.org/10.1007/978-3-319-08846-4_1;hal-03140067;Only in file2
https://doi.org/10.1086/665997brisson;hal-02228974;Only in file2
https://doi.org/10.1109/cvpr.2016.308.;hal-02470280;Only in file2
https://w3.org/tr/2017/rec-xquery-31-20170321/.;hal-03937274;Only in file2
https://doi.org/10.1145/567532.567537;hal-01673025;Only in file2
https://proceedings.mlr.press/v70/sundararajan17a.;hal-03908363;Only in file2
https://iacademc.oup.com/insililcopants/advance-artice-abstract/ldoi/.101093/insiliil/copants/dz0075519776byguestthe;hal-02253260;Only in file2
https://doi.org/10.1109/tkde.2017.2765634;hal-03320929;Only in file2
https://doi.org/10.1002/ecm.13079.;hal-02639237;Only in file2
https://w3.org/1999/02/22-rdf-syntax-ns;hal-04152604;Only in file2
https://wikitimeline.github.io/under;hal-03516420;Only in file2
https://doi.org/10.1109/icmla51294.2020.00166.;hal-04014977;Only in file2
https://w3.org/tr/prov-o/13;hal-03404580;Only in file2
https://creativecommons.org/licenses/by/2.0;hal-04289970;Only in file2
https://facebook.com/business/ads.;hal-03916393;Only in file2
https://doi.org/10.1016/j.eja.2009.06.001bergez;hal-02228974;Only in file2
https://hal.inria.fr/hal-0308402913.;hal-03807744;Only in file2
https://geoservices.ign.fr3;hal-02989077;Only in file2
https://purl.org/dc/elements/1.1;hal-04125922;Only in file2
https://doi.org/10.1145/225545.225554;hal-03904200;Only in file2
https://hal.archives-ouvertes.fr/hal-0099092420.;hal-04125922;Only in file2
https://doi.org/10.1016/j.is.2015.08.004137;hal-02096714;Only in file2
https://identifiers.org/go/go:0016301;hal-04125922;Only in file2
https://doi.org/10.34133/plantphenomics.01121downloaded;hal-04322179;Only in file2
https://compriseh2020.eu/ﬁles/2019/06/d5.1.pdf;hal-03346196;Only in file2
https://inria.hal.science/hal-04240432submitted;hal-04240432;Only in file2
https://edps.europa.eu/system/files/2021-04/21-04-27_aepd-edps_anonymisation_en_5.pdf;hal-03715416;Only in file2
https://dhsite.fbk.eu/2018/09/whatsapp-dataset-on-cyberbullying/processing;hal-04037120;Only in file2
https://sciencedirect.com/science/article/pii/s016975529800110x.proceedings;hal-03135088;Only in file2
https://w3.org/tr/prov-o/.jérémy;hal-04358408;Only in file2
https://inria.hal.science/hal-02100230submitted;hal-02100230;Only in file2
https://w3.org/2001/sw/wiki/owl.;hal-03662183;Only in file2
https://doi.org/10.1016/j.livsci.2019.103847.;hal-03347926;Only in file2
https://inria.hal.science/hal-02936193submitted;hal-02936193;Only in file2
https://inria.hal.science/hal-04344975submitted;hal-04344975;Only in file2
https://w3.org/tr/rdf11-concepts/2.;hal-02051413;Only in file2
https://doi.org/10.1145/1008908.1008911;hal-03904200;Only in file2
https://gurobi.com.hart;hal-03726234;Only in file2
https://github.com/vi3k6i5/flashtext6https://docs.python.org/fr/3/library/linecache.html;hal-03932371;Only in file2
https://dx.doi.org/10.1109/embc46164.2021.9630556;hal-04388942;Only in file2
https://dx.doi.org/10.1145/2090236.20902555https://en.m.wikipedia.org/wiki/european_union_vs._google;hal-02066516;Only in file2
https://easylist.to/easylist/easyprivacy.txt;hal-04228304;Only in file2
https://doi.org/10.24963/kr.2020/43;hal-03937274;Only in file2
https://raetschlab.org/members/raetsch/benchmark/7;hal-02882092;Only in file2
https://unesdoc.unesco.org/ark:/48223/pf0000374802;hal-03658842;Only in file2
https://perfecto.io/blog/emulation-vs-simulation.;hal-03654722;Only in file2
https://doi.org/10.5281/zenodo.26355013.1;hal-03150701;Only in file2
https://doi.org/10.1109/tvcg.2020.3021342journal;hal-04102737;Only in file2
https://proceedings.neurips.cc/paper/2019/hash/d961e9f236177d65d21100592edb0769-abstract.html.zongsheng;hal-04344975;Only in file2
https://doi.org/10.1145/3308560.3317073datasets;hal-02060966;Only in file2
https://arxiv.org/abs/1809.04281.arxiv:1809.04281.huang;hal-03256451;Only in file2
https://arxiv.org/abs/2112.08874.ulrich;hal-04377324;Only in file2
https://inria.hal.science/hal-03941868submitted;hal-03941868;Only in file2
https://query.wikidata.org/sparql3after;hal-02096714;Only in file2
https://doi.org/10.3897/bdj.5.e21139snydman;hal-03871553;Only in file2
https://doi.org/10.1016/j.gca.2007.11.010gigot;hal-02228974;Only in file2
https://doi.org/10.1038/s41598-020-69861-89vol.:;hal-02919190;Only in file2
https://ﬁco.com/en/products/ﬁco-xpress-optimization-suite;hal-02319521;Only in file2
https://doi.org/10.1145/3460210.34935571;hal-03402766;Only in file2
https://w3.org/tr/vocab-dcat/26;hal-02939363;Only in file2
https://meteofrance.com/10;hal-03619869;Only in file2
https://iacademc.oup.com/jl//as/artice1009/skac2226609952byguest/on20january2023;hal-03699447;Only in file2
https://doi.org/10.1086/663237potting;hal-02228974;Only in file2
https://inria.hal.science/hal-02996442submitted;hal-02996442;Only in file2
https://doi.org/10.3897/rio.3.e12502elliott;hal-03871553;Only in file2
https://doi.org/10.1371/journal.pone.0232078.g003plos;hal-02639237;Only in file2
https://doi.org;lirmm-02945170;Only in file2
https://ceur-ws.org/vol-1690/paper113.pdf;hal-03517826;Only in file2
https://images.bugwood.org/.6;hal-02470280;Only in file2
https://facctconference.org/9;hal-03189474;Only in file2
https://virtuoso.openlinksw.com.;hal-03500522;Only in file2
https://bbc.com/news/technology-23273109.l.;hal-03189474;Only in file2
https://doi.acm.org/10.1145/1015330.1015412.9.;hal-03220977;Only in file2
https://hal-lirmm.ccsd.cnrs.fr/lirmm-04305822submitted;lirmm-04305822;Only in file2
https://w3.org/tr/rdf-sparql-query/8functions;hal-03301330;Only in file2
https://doi.org/10.1007/978-3-030-89654-6_15;hal-04132566;Only in file2
https://scikit-learn.org/stable/modules/generated/sklearn.utils.class_weight.compute_class_weight.html8oversampling;hal-03160473;Only in file2
https://doi.org/10.3233/sw-160239;hal-02066041;Only in file2
https://hal.inria.fr/hal-01925496;hal-01978784;Only in file2
https://hal-lirmm.ccsd.cnrs.fr/lirmm-02148200submitted;lirmm-02148200;Only in file2
https://plantnet.org/21.;hal-02873670;Only in file2
https://doi.org/10.1101/2021.03.03.408021;hal-04322179;Only in file2
https://inria.hal.science/hal-02492780v6submitted;hal-02492780;Only in file2
https://hal.inrae.fr/hal-03658842submitted;hal-03658842;Only in file2
https://doi.org/10.1162/dint_a_00051doorn;hal-02483307;Only in file2
https://hal.archives-ouvertes.fr/table;hal-03292172;Only in file2
https://dss.sdu.dk/projects/its/fpd-lof.html.beijing;lirmm-03036868;Only in file2
https://sciencedirect.com/science/article/pii/s0168169920302544;hal-02980085;Only in file2
https://doi.org/10.1016/s0169-7552;emse-02070625;Only in file2
https://arxiv.org/abs/1712.07557.;hal-02406503;Only in file2
https://inria.hal.science/hal-02065993submitted;hal-02065993;Only in file2
https://archive.ics.uci.edu/ml/datasets/nips+conference+papers+1987-20156now;hal-02883800;Only in file2
https://doi.org/10.14778/3352063.3352101about;hal-02152844;Only in file2
https://doi.org/10.48550/arxiv.2208.12909.65.;hal-03769993;Only in file2
https://w3.org/tr/sparql11-federated-query/sparql-based;hal-03404125;Only in file2
https://voiceprivacychallenge.org/docs/voiceprivacy_2020_eval_plan_v1_3.pdf;hal-02562199;Only in file2
https://doi.org/10.1162/dint_a_00037mons;hal-02483307;Only in file2
https://doi.org/10.1145/2814864.2814873-;hal-04201661;Only in file2
https://almond.sh/.;hal-03517826;Only in file2
https://doi.org/10.1016/j.websem.2018.08.002.;hal-03500522;Only in file2
https://hal-lirmm.ccsd.cnrs.fr/lirmm-03639381submitted;lirmm-03639381;Only in file2
https://blazegraph.com.48.;hal-03118422;Only in file2
https://researchers.lille.inria.fr/niehren/complementary-material.related;hal-03134596;Only in file2
https://inria.hal.science/hal-03084671submitted;hal-03084671;Only in file2
https://truthandtrustonline.com/bda;hal-03932371;Only in file2
https://eprints.soton.ac.uk/393779/.4039;hal-03189474;Only in file2
https://doi.org/10.1016/j.envsoft.2021.105055reference:enso;hal-03231805;Only in file2
https://inria.hal.science/hal-02562199v3submitted;hal-02562199;Only in file2
https://inria.hal.science/hal-03284110submitted;hal-03284110;Only in file2
https://doi.org/10.14778/3342263.3342644;hal-03897397;Only in file2
https://doi.org/10.1007/s00779-020-01415-1author;hal-03135088;Only in file2
https://doi.org/10.1016/j.fcr.2016.09.015gou;hal-02228974;Only in file2
https://inria.hal.science/hal-03833620submitted;hal-03833620;Only in file2
https://data.archives-ouvertes.fr/doc/schema6https://makg.org/12;hal-03518845;Only in file2
https://inria.hal.science/hal-03358998submitted;hal-03358998;Only in file2
https://doi.org/10.1038/s41598-020-69861-814vol:.;hal-02919190;Only in file2
https://dx.doi.org/10.1145/1592665.1592675w3c.;hal-02435371;Only in file2
https://inria.hal.science/hal-02931396submitted;hal-02931396;Only in file2
https://arxiv.org/abs/1907.11692.arxiv:1907.11692.ma;hal-03256451;Only in file2
https://obofoundry.org/ontology/ro.html.;hal-03662183;Only in file2
https://inria.hal.science/hal-02005106submitted;hal-02005106;Only in file2
https://hal-lirmm.ccsd.cnrs.fr/lirmm-03036910submitted;lirmm-03036910;Only in file2
https://postgresql.org.50.;hal-03118422;Only in file2
https://dx.doi.org/10.1145/3035918.3054772commun.;hal-02066516;Only in file2
https://moex.inria.fr/software/kdiv/.acknowledgmentsthis;hal-03905183;Only in file2
https://hal.inrae.fr/hal-02962262submitted;hal-02962262;Only in file2
https://github.com/summanlp/textrank6https://scikit-learn.org7loss=;hal-02281138;Only in file2
https://ps.uni-sb.de/papers/abstracts/stepwise.html9.;hal-02532706;Only in file2
https://cril.univ-artois.fr/~konieczny/papers/aij10a.pdf.richard;hal-04377324;Only in file2
https://qualtrics.com.;hal-04129915;Only in file2
https://osr-cesbio.ups-tlse.fr/~oso/posts/2017-03-30-carte-s2-2016/14;hal-03415990;Only in file2
https://onlinelibrary.wiley.com/doi/pdf/10.1002/mar.21444.;hal-04102737;Only in file2
https://doi.org/10.57745/er4wojdurand;hal-04040702;Only in file2
https://dl.acm.org/citation.cfm;hal-03356951;Only in file2
https://bioportal.bioontology.org/ontologies/icd102atc:;hal-03176657;Only in file2
https://inria.hal.science/hal-03714465v3submitted;hal-03714465;Only in file2
https://mdpi.com/article/10.3390/metabo12020107/s1;hal-04278771;Only in file2
https://inria.hal.science/hal-03812938submitted;hal-03812938;Only in file2
https://ns.inria.fr/munc/2;hal-02167174;Only in file2
https://doi.acm.org/10.1145/2079296.20793047.;hal-03266462;Only in file2
https://cse.;hal-03890057;Only in file2
https://pewinternet.org/2019/01/16/algorithms;hal-03916393;Only in file2
https://dx.doi.org/10.1186/s13326-016-0089-6.naveed;hal-02571170;Only in file2
https://doi.org/10.15468/jdrsoe;hal-04182535;Only in file2
https://acaidemc.oup.com//jxbadvance-articedo/li/.101093//jxberad0977143673by/inraeinstitutnationalderecherchepourl;hal-04084880;Only in file2
https://accumulo.apache.org/.;hal-02070827;Only in file2
https://doi.org/10.1145/3323503.3360619.;hal-04014977;Only in file2
https://doi.org/10.1109/focs.2014.53;lirmm-04277973;Only in file2
https://doi.org/10.1145/3486622.34940251;hal-03519365;Only in file2
https://hal.inria.fr/hal-0313459625.;hal-03527888;Only in file2
https://midjourney.com/home/8;hal-04353543;Only in file2
https://inria.hal.science/hal-03866075submitted;hal-03866075;Only in file2
https://doi.org/10.1145/3557992.3565994.1;hal-03913497;Only in file2
https://npmjs.com/package/puppeteer-extra-plugin-stealth;hal-04228304;Only in file2
https://copernicus.eu/en2https://sentinelsat.readthedocs.io/en/stable/sen2cor;hal-03693593;Only in file2
https://w3.org/tr/skos-reference/skos-xl.html;hal-03889780;Only in file2
https://doi.org/10.1016/0301-6226;hal-03347926;Only in file2
https://doi.org/10.1145/3576915.36243631;hal-04240432;Only in file2
https://doi.org/10.1371/journal.pcbi.1008856.g007one;hal-03220977;Only in file2
https://rand.org/pubs/research_memoranda/rm2651.html;hal-03514297;Only in file2
https://iacademc.oup.com//jxbadvance-articedo/li/.101093///jxberac4716896019byguest0.10.2cut;hal-03915413;Only in file2
https://vldb.org/conf/1988/p050.pdfjohn;hal-03934346;Only in file2
https://doi.org/10.1016/j.eja.2016.01.005goudriaan;hal-02228974;Only in file2
https://doi.org/10.3390/s19143201.;hal-03347926;Only in file2
https://doi.org/10.48550/arxiv.2105.08399maes;hal-04405026;Only in file2
https://doi.org/10.48550/arxiv.2107.08430;hal-04322179;Only in file2
https://doi.org/10.1016/j.fcr2003.11.012bertrand;hal-02228974;Only in file2
https://doi.org/10.1111/1365-2745.13057meineke;hal-03871553;Only in file2
https://doi.org/10.1093/aob/mcy024vos;hal-02228974;Only in file2
https://inria.hal.science/hal-02087763submitted;hal-02087763;Only in file2
https://hal-emse.ccsd.cnrs.fr/emse-02070625submitted;emse-02070625;Only in file2
https://camembert-model.fr/21;hal-02860659;Only in file2
https://iacademc.oup.com/insilifigure;hal-03686060;Only in file2
https://doi.org/10.1016/j.tcs.2020.03.0200304-3975;hal-01497857;Only in file2
https://doi.org/10.1051/agro:19990304chelle;hal-02228974;Only in file2
https://doi.org/https://dx.doi.org/10.1016/0009-2509;hal-04125922;Only in file2
https://faust.grame.fr/https://github.com/micbuffa/webaudioplugins;hal-02557901;Only in file2
https://gitlab.inria.fr/boreal-artifacts/pvldb2023.1;lirmm-04305787;Only in file2
https://inria.hal.science/hal-03173684v2submitted;hal-03173684;Only in file2
https://orcid.org/0000-0003-2981-9362.author;hal-04040702;Only in file2
https://doi.org/10.1109/jra.1986.10870325.;emse-04058783;Only in file2
https://doi.org/10.5281/zenodo.1400776.;hal-03871500;Only in file2
https://inria.hal.science/hal-02882118submitted;hal-02882118;Only in file2
https://fsa.usda.gov3https://geoservices.ign.fr4https://osr-cesbio.ups-tlse.fr/~oso/posts/2017-03-30-carte-s2-2016/5https://lpdaac.usgs.gov/products/srtmgl1v003/0200040006000800010000120001400016000speciesrankedindecreasingnumberofobservations100101102103;lirmm-03793595;Only in file2
https://doi.org/10.18653/v1/w18-5112.;hal-04014977;Only in file2
https://doi.org/10.1093/aob/mcs082potochnik;hal-02228974;Only in file2
https://swat.cse.lehigh.edu/projects/lubm/8https://www.cs.ox.ac.uk/isg/tools/uobmgenerator/9https://www.ics.forth.gr/isl/benchmarkstutorial/10https://www.imdb.com;hal-02435371;Only in file2
https://doi.org/10.1002/aps3.11369morris;hal-03871553;Only in file2
https://doi.org/10.14778/3407790.3407815pvldb;hal-02898931;Only in file2
https://creativecommons.org/licenses/by-nc/4.0;hal-03699447;Only in file2
https://arxiv.org/abs/1811.11479.;hal-02406503;Only in file2
https://theplantlist.org.5https://tnrs.biendata.org/.;lirmm-03785968;Only in file2
https://arxiv.org/abs/1807.03819.;hal-03256451;Only in file2
https://inria.hal.science/hal-04269089submitted;hal-04269089;Only in file2
https://proceedings.mlr.press/v32/le14.html.;hal-04346759;Only in file2
https://inria.hal.science/hal-03514297submitted;hal-03514297;Only in file2
https://github.com/cozy/dissec_cozy/blob/master/demonstration.md2https://clipchamp.com/watch/7vsayzypedaaggregationtreeaaaccccaq;hal-04234719;Only in file2
https://sciencedirect.com/science/article/pii/s092427161400094x.lene;hal-03329674;Only in file2
https://inria.hal.science/hal-02376981submitted;hal-02376981;Only in file2
https://doi.org/10.6084/m9.figshare.77127202available;hal-02066041;Only in file2
https://towardsdatascience.com/understanding-auc-roc-curve-68b2303cc9c5;hal-03066941;Only in file2
https://huggingface.co/sentence-transformers/all-minilm-l6-v2.6;hal-04269089;Only in file2
https://inria.hal.science/hal-02262591submitted;hal-02262591;Only in file2
https://doi.org/10.1145/32204.32205;hal-03937274;Only in file2
https://doi.org/10.1145/3487553.35242251;hal-03951799;Only in file2
https://doi.org/10.1145/3584372.3588654mechanism;hal-03937274;Only in file2
https://w3.org/tr/swbp-specified-values/5;hal-03619869;Only in file2
https://inria.hal.science/hal-02989101submitted;hal-02989101;Only in file2
https://aaai.org/ocs/index.php/aaai/aaai15/paper/view/9842;hal-03934420;Only in file2
https://doi.org/10.3233/978-1-61499-649-1-87;hal-03231805;Only in file2
https://hal-lirmm.ccsd.cnrs.fr/lirmm-03228968submitted;lirmm-03228968;Only in file2
https://doi.org/10.3390/plants10112471https://www.mdpi.com/journal/plantsplants;hal-03454183;Only in file2
https://meteofrance.com/2https://www.d2kab.org;hal-03890035;Only in file2
https://doi.org/10.1145/2003476.2003482;hal-03937274;Only in file2
https://gitlab.com/pem360/pem360/other;hal-03710323;Only in file2
https://ceur-ws.org/vol-2721/paper520.pdf.xutan;hal-04344975;Only in file2
https://doi.org/10.1007/s10055-018-0346-3.;hal-03369680;Only in file2
https://lifeclef.org/10;hal-02281455;Only in file2
https://w3.org/tr/sparql11-query/.www-rdf.;hal-03791175;Only in file2
https://doi.org/10.1145/304181.304206;hal-03516360;Only in file2
https://sciencedirect.com/science/article/pii/s0039914006007119.f.;hal-03329674;Only in file2
https://arxiv.org/abs/2209.14878.6;hal-03940590;Only in file2
https://doi.org/10.1145/3442381.3449900;hal-03886320;Only in file2
https://people.irisa.fr/thomas.guyet/negativepatterns/.;hal-03025572;Only in file2
https://doi.org/10.1038/s41597-023-02642-w4www.nature.com/scientificdatawww.nature.com/scientificdata;hal-04386951;Only in file2
https://arxiv.org/abs/1409.4842.;hal-02470280;Only in file2
https://doi.org/10.1007/s00477-015-1064-yplos;hal-02639237;Only in file2
https://doi.org/10.1007/978-3-319-69131-2_15interaction-based;hal-02984951;Only in file2
https://inria.hal.science/hal-04031744submitted;hal-04031744;Only in file2
https://dbpedia.org/facebooklocatedin;hal-04131977;Only in file2
https://hal.archives-ouvertes.fr/hal-0162919137.;hal-02945382;Only in file2
https://gitlab.inria.fr/tcao/insee-search/blob/master/insee-rdf.ttl.gz5;hal-02121389;Only in file2
https://yago-knowledge.org/downloads/yago-46;hal-03516436;Only in file2
https://doi.org/10.1145/3184558.31869643.;hal-03021075;Only in file2
https://iacademc.oup.com//jxbadvance-artice-abstract/ldoi/.101093///jxbery3095076199bygueston15october2018fig.;hal-01895279;Only in file2
https://doi.org/10.1145/48014.63138;hal-03934389;Only in file2
https://proceedings.neurips.cc/paper/2017/hash/8a20a8621978632d76c43dfd28b67767-abstract.html;hal-04388942;Only in file2
https://propaganda.qcri.org/nlp4if-shared-task/3https://propaganda.qcri.org/semeval2020-task11/higher;hal-03417019;Only in file2
https://tropgenedb.cirad.fr/tropgene/jsp/interface.jsp;hal-04182535;Only in file2
https://lyrics.wikia.com/6from;hal-03133188;Only in file2
https://dx.doi.org/10.2390/biecoll-jib-2015-27115.;hal-04125922;Only in file2
https://proceedings.mlr.press/v139/tan21a.html;hal-04138880;Only in file2
https://doi.org/10.1145/3201463.3201464;hal-02066041;Only in file2
https://grappa.univ-lille3.fr/tata.5.;hal-01811835;Only in file2
https://inria.hal.science/hal-04093045submitted;hal-04093045;Only in file2
https://doi.org/10.1177/0049124110362526menin;hal-03296233;Only in file2
https://reasonstudios.com/press/275-reasons-flagship-europa-synth-now-available-as-a-plugin-for-other-daws-and-on-the-web;hal-02366725;Only in file2
https://doi.org/10.1371/journal.pcbi.1003542grace;hal-03871553;Only in file2
https://github.com/sdm-tib/sdm-rdfizer-star61.;hal-04201661;Only in file2
https://proceedings.mlr.press/v139/kim21k.html.91;hal-04353543;Only in file2
https://doi.org/10.1007/s10723-015-9329-8.;lirmm-02949807;Only in file2
https://project.inria.fr/creattive3d/gust-3d/proc.;hal-03635452;Only in file2
https://r-project.org/.;hal-02899789;Only in file2
https://jmlr.org/papers/v21/19-678.html.;hal-03100076;Only in file2
https://hal-lirmm.ccsd.cnrs.fr/lirmm-03833578submitted;lirmm-03833578;Only in file2
https://doi.org/10.1016/j.fishres.2007.06.015.;hal-03228509;Only in file2
https://inria.hal.science/hal-01891483submitted;hal-01891483;Only in file2
https://doi.org/10.1016/j.is.2020.101604.;hal-03934340;Only in file2
https://doi.org/10.1145/2629489;hal-02066041;Only in file2
https://intel.ai/federated-learning-for-medical-imaging/.;hal-02406503;Only in file2
https://doi.org/10.2135/cropsci2013.06.0403macarthur;hal-02228974;Only in file2
https://github.com/wimmics/d2kab-wheat-kg/tree/main/mapping_rulespermet;hal-03889968;Only in file2
https://inria.hal.science/hal-03128504submitted;hal-03128504;Only in file2
https://doi.org/10.1016/j.ipm.2019.04.002;hal-04014977;Only in file2
https://issa.cirad.fr/2.;hal-03969275;Only in file2
https://gbif.org/occurrence/download/0144742-220831081235567.;hal-04322255;Only in file2
https://dbpedia.org/ontologyand;hal-02936253;Only in file2
https://actuia.com/english/otesia-launches-its-first-4-ai-projects-in-health-prevention-of-cyber-bullying-education-etc/groups;hal-03765860;Only in file2
https://doi.org/10.1007/978-3-319-44564-9;hal-03641389;Only in file2
https://github.com/helemanc/gryffindor/blob/main/src/data-collection/wiki_query_service.py11the;hal-04262826;Only in file2
https://pewresearch.org/internet/2018/11/07/many-turn-to-youtube-for-childrens-content-news-how-to-lessons;hal-04311598;Only in file2
https://acl-bg.org/proceedings/2019/ranlp2019/pdf/ranlp099.pdf.pham;hal-03256451;Only in file2
https://mainline.i3s.unice.fr/wam2new/packages/_/12https://faustide.grame.fr;hal-03951799;Only in file2
https://hal-lirmm.ccsd.cnrs.fr/lirmm-02195593submitted;lirmm-02195593;Only in file2
https://inaturalist.org/121;hal-02406503;Only in file2
https://soufﬂe-lang.github.io/index.html.st;hal-03771031;Only in file2
https://doi.org/10.1017/s1471068410000098;hal-02066041;Only in file2
https://doi.org/10.1109/mis.2006.16;hal-02289497;Only in file2
https://regexlib.com/.;hal-03104155;Only in file2
https://w3.org/tr/owl-guide/.volz;hal-03512110;Only in file2
https://arxiv.org/abs/2010.05073;hal-03381732;Only in file2
https://solidproject.org/tr/2021/protocol-202112176.;emse-04058783;Only in file2
https://doi.org/10.1007/978-3-319-springer60291-2;hal-04233343;Only in file2
https://ojs.aaai.org/index.php/aaai/article/view/432411.;hal-04068708;Only in file2
https://orcid.org/0000-0001-6610-0969alain;hal-03404580;Only in file2
https://github.com/google-research/long-range-arena8https://github.com/idiap/fast-transformers;hal-03256451;Only in file2
https://inria.hal.science/hal-04204378submitted;hal-04204378;Only in file2
https://cbd.int/2;hal-03415990;Only in file2
https://doi.org/10.1080/19485565.2013.774628forsugden;hal-03100032;Only in file2
https://inria.hal.science/hal-02913866submitted;hal-02913866;Only in file2
https://hal.inria.fr/hal-00957412stoller;hal-02293689;Only in file2
https://casd.eu/wp/wp-content/uploads/output_confidentiality_rules.pdf;hal-03814840;Only in file2
https://doi.org/10.1111/j.1472-4642.2008.00482.x38.;hal-02639237;Only in file2
https://iacademc.oup.complant;hal-04084880;Only in file2
https://doi.org/10.3897/bdj.9.e69806kozlov;hal-03871553;Only in file2
https://doi.org/10.1371/journal.pone.0169218long;hal-02228974;Only in file2
https://github.com/raouf-kerkouche/privacy-preserving-and-bandwith-efficient-federated-learning-an-application-to-in-hospital-mortality4.1;hal-03160473;Only in file2
https://doi.org/10.1016/j.artint.2021.1036495.;hal-03913481;Only in file2
https://w3.org/tr/sparql11-query;hal-02446427;Only in file2
https://doi.org/10.3758/s13428-020-01516-y;hal-04102737;Only in file2
https://doi.org/10.1145/3097983.3098118.;hal-02406503;Only in file2
https://propublica.org/article/machine-bias-risk-assessments-in-criminal-sentencingalexandra;hal-02066516;Only in file2
https://researchgate.net/publication/279530172_atlas_des_poissons_d'eau_douce_de_guyane_tome_2_fascicule_i_batrachoidiformes_mugiliformes_beloniformes_cyprinodontiformes_synbranchiformes_perciformes_pleuronectiformes_tetraodontiformes;hal-03228509;Only in file2
https://sparontologies.github.io/fabio/current/fabio.html8;hal-03404580;Only in file2
https://doi.org/10.5281/zenodo.8005904.2023b.;hal-04212137;Only in file2
https://github.com/akisatok/pysaliencymap;hal-03710323;Only in file2
https://doi.org/xxxxxxx.xxxxxxx1such;hal-03904200;Only in file2
https://doi.org/10.1016/j.jcss.2019.08.0060022-0000;hal-02435355;Only in file2
https://ns.inria.fr/covid19/4f8...;hal-03230741;Only in file2
https://pyenchant.github.io/pyenchant;hal-04228304;Only in file2
https://doi.org/10.3758/s13428-020-01516-y;hal-03710323;Only in file2
https://ldbcouncil.org/developer/spbdanh;hal-02435371;Only in file2
https://doi.org/10.1371/journal.pcbi.1008856.t001environmental;hal-03220977;Only in file2
https://doi.org/10.5281/zenodo.5574675;hal-03454183;Only in file2
https://identifiers.org/biomodels.db/model1102100003;hal-04125922;Only in file2
https://w3.org/tr/2018/wd-wot-thing-description-20181021;emse-02070625;Only in file2
https://nlp.stanford.edu/projects/tacred.3.;hal-03704042;Only in file2
https://doi.org/10.1016/s0022-0000;lirmm-04277973;Only in file2
https://doi.org/10.34133/plantphenomics.01124downloaded;hal-04322179;Only in file2
https://w3.org/tr/sparql11-query/4.;hal-02051413;Only in file2
https://doi.org/10.1016/j.chb.2018.12.004;hal-04132566;Only in file2
https://doi.org/10.1007/s00366-006-0049-3.;lirmm-02949807;Only in file2
https://inria.hal.science/hal-03134181submitted;hal-03134181;Only in file2
https://dx.doi.org/10.1109/sp.2016.42cynthia;hal-02066516;Only in file2
https://doi.org/10.1038/srep23418katal;hal-03871553;Only in file2
https://doi.org/10.1080/00091383.2013.749151;hal-04132566;Only in file2
https://doi.org/10.1145/3375395.3387662;hal-04278100;Only in file2
https://doi.org/10.3390/plants11040530goodman;hal-03871553;Only in file2
https://github.com/facebookresearch/detectron2/blob/main/model_zoo.md;hal-03601464;Only in file2
https://huggingface.co/choubertfrontiers;hal-04008864;Only in file2
https://doi.org/10.1007/bf010998215.;hal-02915414;Only in file2
https://w3.org/rdf/5;hal-03021075;Only in file2
https://doi.org/10.1111/j.0906-7590.2008.5203.x11.;hal-03220977;Only in file2
https://inria.hal.science/hal-03510012submitted;hal-03510012;Only in file2
https://kgqa.github.io/scholarly-qald-challenge/2023/2https://huggingface.co/hannaabiakl/psychicscholarly;hal-04311370;Only in file2
https://earthengine.google.com/.5;hal-04411802;Only in file2
https://iiia.csic.es/research/the;hal-04358408;Only in file2
https://irisa.fr/lis/ferre/dexteris/2;hal-04186117;Only in file2
https://chameleoncloud.org/blog/2023/02/20/sc-the-largest-reproducibility-laboratory;hal-04157720;Only in file2
https://docs.scipy.org/doc/scipy/reference/cluster.hierarchy.html;hal-03522878;Only in file2
https://w3.org/rdf/5;hal-04353523;Only in file2
https://orcid.org/0000-0001-8612-4829.christine;hal-04040702;Only in file2
https://ouvrirlascience.fr/projet-visa-tm/9.;hal-03969275;Only in file2
https://zoomathia.com/annotation/sha1;hal-04156996;Only in file2
https://arxiv.org/abs/1707.08114.;hal-02406503;Only in file2
https://sake.re/20210601-dotg.;hal-03905182;Only in file2
https://doi.org/10.1007/978-3-642-22256-6;hal-02532706;Only in file2
https://telecom-paris.hal.science/hal-03256451submitted;hal-03256451;Only in file2
https://doi.org/10.1007/978-1-4612-0289-9;hal-03934389;Only in file2
https://w3.org/tr/owl2-overview;hal-04201661;Only in file2
https://onlinelibrary.wiley.com/doi/abs/10.1002/9781119188902.ch3.isbn;hal-03156136;Only in file2
https://w3c.github.io/rdf-star/cg-spec/2021-12-17.html57.;hal-04201661;Only in file2
https://arxiv.org/abs/1408.7092although;hal-03960471;Only in file2
https://robjhyndman.com/tsdl10.;hal-02371221;Only in file2
https://inria.hal.science/hal-04199455submitted;hal-04199455;Only in file2
https://doi.org/10.57745/jr.are;hal-04043460;Only in file2
https://arxiv.org/abs/1811.07867arash;hal-02066516;Only in file2
https://ec.europa.eu/justice/fundamental-rights/files/hate_speech_code_of_1;hal-02972184;Only in file2
https://github.com/agrueneberg/sessel4https://couchdb.apache.org/5https://franz.com/agraph/support/documentation/4.7/mongo-interface.html;hal-01926379;Only in file2
https://inria.hal.science/hal-02935956submitted;hal-02935956;Only in file2
https://github.com/garcinc/noised-topk.4.1.;hal-03828747;Only in file2
https://arxiv.org/abs/2012.1178818.;hal-04255500;Only in file2
https://dx.doi.org/10.1016/j.artint.2014.12.010i.;hal-03934420;Only in file2
https://scienceeurope.org/wp-content/uploads/2018/01/se_guidance_document_rdmps.pdf;hal-02483307;Only in file2
https://hal-lirmm.ccsd.cnrs.fr/lirmm-04225369submitted;lirmm-04225369;Only in file2
https://doi.org/10.1007/978-3-030-50026-9_12.;hal-03536045;Only in file2
https://sciencedirect.com/science/article/pii/s030402080873072x.;hal-03536045;Only in file2
https://doi.org/10.1145/3034786.3034796;lirmm-04305787;Only in file2
https://doi.org/10.18653/v1/s19-2010.;hal-04014977;Only in file2
https://doi.org/10.1109/tnsm.2016.251708735.;hal-03266462;Only in file2
https://doi.org/10.1017/s0269888920000132.;hal-04351729;Only in file2
https://journals.sagepub.com/doi/10.1255/jnirs.1213.tormod.;hal-03329674;Only in file2
https://iacademc.oup.comthe;hal-04084880;Only in file2
https://visionet.franceagrimer.fr/pages/accueil.aspxgale;hal-03358998;Only in file2
https://doi.org/10.1145/2448496.244851318.;hal-03527888;Only in file2
https://doi.org/10.1007/978-3-540-74970-7_38.38;hal-03156136;Only in file2
https://doi.org/10.1145/3448016.3457291;hal-03897397;Only in file2
https://w3.org/tr/2014/rec-rdf11-concepts-20140225;hal-03135088;Only in file2
https://nlp.stanford.edu/~manning/papers/gibbscrf3.pdf9.;hal-03021075;Only in file2
https://inria.hal.science/hal-03812916submitted;hal-03812916;Only in file2
https://imageclef.org/3.;hal-04204378;Only in file2
https://usenix.org/conference/usenixsecurity16/technical-sessions/presentation/tramer.;hal-02406503;Only in file2
https://fcon_1000.projects.nitrc.org/indi/retro/sald.html;lirmm-02973633;Only in file2
https://nips.cc/expoconferences/2019/schedule;hal-02406503;Only in file2
https://arxiv.org/abs/1904.08679.ester;hal-04377324;Only in file2
https://doi.org/10.1109/dsaa.2016.4920.;hal-03715416;Only in file2
https://doi.org/10.5281/zenodo.7898764s.;hal-04201661;Only in file2
https://ads.twitter.com/transparency.;hal-03916393;Only in file2
https://doi.acm.org/10.1145/3131944.3133941a;hal-03266462;Only in file2
https://doi.org/10.1145/2567574.256759112.;hal-03084671;Only in file2
https://mdpi.com/article/10.3390/cancers13194749/s1.;hal-03379679;Only in file2
https://doi.org/10.1109/icc.2008.11in:int.;hal-03266462;Only in file2
https://inscore.grame.fr/17;hal-03812972;Only in file2
https://arxiv.org/abs/1803.02155.;hal-03256451;Only in file2
https://db.uwaterloo.ca/~galuc/wsdbm/genre;hal-02530206;Only in file2
https://digital-strategy.ec.europa.eu/en/policies/digital-services-act-package.;hal-04129915;Only in file2
https://hal-lirmm.ccsd.cnrs.fr/lirmm-01679967submitted;lirmm-01679967;Only in file2
https://doi.org/10.1145/2872518.2890529;emse-02070625;Only in file2
https://doi.acm.org/10.1145/2508859.2516735in:;hal-03329908;Only in file2
https://project-hobbit.eu/outcomes/hobbit-platform/5https://github.com/dwslab/melt6https://dwslab.github.io/melt/matcher-evaluation/client7https://dwslab.github.io/melt/matcher-packaging/web;hal-04351729;Only in file2
https://doi.org/10.1016/j.fcr.2016.12.007yu;hal-02228974;Only in file2
https://doi.org/10.1038/ng.38415.;hal-03100032;Only in file2
https://insee.fr;hal-03767992;Only in file2
https://digital-strategy.ec.europa.eu/en/policies/cybersecurity-act.high-level;hal-04092216;Only in file2
https://project.inria.fr/corese/.;hal-04152604;Only in file2
https://voiceprivacychallenge.org/vp2020/docs/voiceprivacy;hal-03369137;Only in file2
https://learn.microsoft.com/en-us/clarity/cookie-list7https://policies.google.com/technologies/cookies;hal-04228304;Only in file2
https://downloads.sourceforge.net/project/bsbmtools/bsbmtools/bsbmtools-0.2;hal-02446427;Only in file2
https://socialsciences.manchester.ac.uk/social-statistics/research/https://letters1916.or;hal-03189474;Only in file2
https://inria.hal.science/hal-02375958submitted;hal-02375958;Only in file2
https://jstor.org/stable/1390605.;hal-03406994;Only in file2
https://doi.org/10.1007/978-3-540-74788-8_6;hal-03913497;Only in file2
https://aclweb.org/anthology/papers/n/n19/n19-1423;hal-04014977;Only in file2
https://w3.org/tr/owl-time/.;hal-03890035;Only in file2
https://dbpedia.org/ontology;hal-02571170;Only in file2
https://healthit.gov/topic/health-it-initiatives/blue-button;hal-02269201;Only in file2
https://doi.org/10.1007/978-3-319-68288-4_2715.;hal-02051413;Only in file2
https://github.com/jsbro;hal-02910844;Only in file2
https://doi.org/10.1109/vr50410.2021.00090;hal-04102737;Only in file2
https://inria.hal.science/hal-04165835v3submitted;hal-04165835;Only in file2
https://paddlepaddle.org/.;hal-02406503;Only in file2
https://inria.hal.science/hal-02549758submitted;hal-02549758;Only in file2
https://doi.org/10.1109/cts53513.2021.9562814pryer;hal-03871553;Only in file2
https://doi.org/10.1109/tcbb.2018.285090123.;hal-04125922;Only in file2
https://doi.org/10.5281/zenodo.3759714.and;hal-02903070;Only in file2
https://doi.org/10.1038/sdata.2018.118wilkinson;hal-02483307;Only in file2
https://grid5000.fr;hal-02907918;Only in file2
https://doi.org/10.5281/zenodo.5876775.;hal-03889780;Only in file2
https://github.com/agroportal/ontology_mapping_harvester7;lirmm-02945172;Only in file2
https://lewahouse.com/of;hal-02937618;Only in file2
https://economist.com/the-economist-explains/2018/07/09/why-bitcoin-uses-so-much-energy1;hal-03189474;Only in file2
https://purl.org/spar/amo/16;hal-03404580;Only in file2
https://doi.org/10.1109/icdm.2010.12719.;hal-02915414;Only in file2
https://github.com/gabolsgabs/dali4https://github.com/parisson/timeside;hal-02366730;Only in file2
https://youtu.be/do-9ma42pnahttps://www.youtube.com/channel/uc0vzkrydshckcngkrmvyzrq/videos;hal-02557901;Only in file2
https://wikidata.org/entity/q82069695deﬁnitions;hal-03301330;Only in file2
https://oracle.com/database/technologies/spatialandgraph.html;hal-03189192;Only in file2
https://doi.org/10.1093/nar/gkz105521.;hal-04125922;Only in file2
https://doi.org/10.1038/s41597-023-02642-w9www.nature.com/scientificdatawww.nature.com/scientificdata;hal-04386951;Only in file2
https://doi.org/10.1145/2448496.2448520;hal-03937274;Only in file2
https://psychclassics.yorku.ca/ebbinghaus/index.htm.;hal-04293239;Only in file2
https://tudingbus.com/22;lirmm-02913503;Only in file2
https://doi.org/10.1016/j.compag.2019.104859paszke;hal-04411802;Only in file2
https://uddi.org/pubs/uddi-v3.0.2-20041019.htmcompanies;hal-02060966;Only in file2
https://doi.org/10.1145/88636.87121;hal-01673025;Only in file2
https://aaai.org/ocs/index.php/aaai/aaai18/paper/view/16982;hal-03908363;Only in file2
https://bibliontology.com/speciﬁcation.html9;hal-03404580;Only in file2
https://dbpedia.org/property/prefix;hal-02936193;Only in file2
https://abstat.disco.unimib.it/search30;hal-01925496;Only in file2
https://ceur-ws.org/vol-2655/2020.paper23.pdf.83;hal-04353543;Only in file2
https://arxiv.org/abs/1903.09860.;hal-02406503;Only in file2
https://osr-cesbio.ups-tlse.fr;hal-02873670;Only in file2
https://doi.org/10.1016/0304-3975;hal-01673025;Only in file2
https://inria.hal.science/hal-01945345submitted;hal-01945345;Only in file2
https://doi.org/10.1109/mis.2007.629.;emse-04058783;Only in file2
https://doi.org/10.1137/problems.;hal-03516360;Only in file2
https://tpc.org/tpc_documents_current_versions/pdf/tpc-h_v2.18.0.pdf.;hal-03127726;Only in file2
https://ebi.ac.uk/biomodels/biomd0000000448;hal-02279942;Only in file2
https://w3.org/ns/r2rml;hal-04201661;Only in file2
https://sabiod.org/icml4b2013_proceedings.pdf;hal-02345644;Only in file2
https://doi.org/10.1145/3308558.3313584birth;hal-02066041;Only in file2
https://data.agroportal.lirmm.fr/user/mappingadmin;lirmm-02945170;Only in file2
https://github.com/plantnet/gbif-dl.5;hal-03641389;Only in file2
https://mashable.com/article/rulesnew;hal-03916393;Only in file2
https://ceur-ws.org/vol-2518/paper-winks2.pdf.;hal-02984945;Only in file2
https://arxiv.org/abs/1909.08128.tomasz;hal-04377324;Only in file2
https://w3.org/tr/sparql11-query.;hal-02057980;Only in file2
https://cs231n.github.io/transfer-learning/.lecun;hal-02470280;Only in file2
https://doi.org/10.1145/3603719.36037301;hal-04234924;Only in file2
https://gitlab.inria.fr/cedar/connectionlensconnectionlensgraph;hal-03945733;Only in file2
https://dx.doi.org/10.1145/3018661.3018731minh-duc;hal-02435371;Only in file2
https://orcid.org/0000-0001-9374-7872olivier;hal-03404580;Only in file2
https://dublincore.org/speciﬁcations/dublin-core/dcmi-terms/7;hal-03404580;Only in file2
https://bioportal.bioontology.org/ontologies/atc;hal-03176657;Only in file2
https://rdfhdt.org/datasets;hal-03320929;Only in file2
https://github.com/halliwelln/explain-kgwhere;hal-03430113;Only in file2
https://dis.uniroma1.it/~degiacom/didattica/semingsoft/sis05-06/materiale/1-query-congiuntive/riferimenti/vardi-1982.pdf;hal-03356951;Only in file2
https://ontology.inrae.fr/frenchcropusage;hal-04289970;Only in file2
https://eur-lex.europa.eu/legal-content/en/txt/html;hal-03726234;Only in file2
https://bioportal.lirmm.fr/ontologies/cisp-210;hal-02064421;Only in file2
https://taxref.mnhn.fr/lod/taxref-ld;hal-04289970;Only in file2
https://eol.org/10.;hal-02873670;Only in file2
https://christophm.github.io/interpretable-ml-book/.mothilal;hal-03551329;Only in file2
https://gbif.org/article/7sl3m3zzn5muuaouehtluz/capacity-enhancementplinian;hal-04198414;Only in file2
https://proceedings.neurips.cc/paper/2017/hash/8a20a8621978632d76c43dfd28b67767-abstract.htmlmañas;hal-04411802;Only in file2
https://inria.hal.science/hal-02366723submitted;hal-02366723;Only in file2
https://neo4j.com/developer/cypher;hal-04110779;Only in file2
https://iacademc.oup.com/jl//as/artice1009/skac2226609952byguest/on20january2023figure;hal-03699447;Only in file2
https://doi.org/10.3897/biss.3.37559wilkinson;hal-03871553;Only in file2
https://creativecommons.org/licenses/by/4.0/.;hal-02566930;Only in file2
https://doi.org/10.1016/j.procs.2018.09.007;hal-03946680;Only in file2
https://doi.org/10.1016/j.tplants.2017.02.003chimonyo;hal-02228974;Only in file2
https://doi.org/10.1016/j.jcss.2004.07.004;hal-03934389;Only in file2
https://inria.hal.science/hal-03518717submitted;hal-03518717;Only in file2
https://psb.stanford.edu/psb-online/proceedings/psb14/ravikumarke.pdf;hal-04353523;Only in file2
https://github.com/dariomalchiodi/mdai2020.;hal-02931396;Only in file2
https://doi.org/10.1145/3357384.335789520.;hal-04068708;Only in file2
https://researchers.lille.inria.fr/~niehren/biocomputing/network-graph/doc.html.;hal-03156136;Only in file2
https://w3.org/tr/wot-architecture/.2https://nodered.org/the;hal-02196903;Only in file2
https://doi.org/10.1016/j.compedu.2018.03.018;hal-04132566;Only in file2
https://dx.doi.org/10.1145/2939672.2939778andrea;hal-02066516;Only in file2
https://team.inria.fr/wimmics/2.;hal-03230741;Only in file2
https://hal.archives-ouvertes.fr/hal-0251858226.;hal-04125922;Only in file2
https://w3.org/tr/2014/rec-rdf-schema-20140225/.john;hal-04358408;Only in file2
https://fasttext.cc/docs/en/crawl-vectors.html19.;hal-02860659;Only in file2
https://etp4hpc.eu/sra.html.;hal-03654722;Only in file2
https://biomodels.net/model-qualifiers;hal-04125922;Only in file2
https://team.inria.fr/perception/icassp2019-asvae/fig.;hal-02005106;Only in file2
https://sweet-hall-e72.notion.site/a-traveler-s-guide-to-the-latent-space-85efba7e5e6a40e5bd3cae980f30235f5all;hal-04262826;Only in file2
https://arxiv.org/abs/1802.02638.;hal-02406503;Only in file2
https://dx.doi.org/10.1145/2621934.2621942arnau;hal-02435371;Only in file2
https://doi.org/10.1038/s41597-023-02642-w3www.nature.com/scientificdatawww.nature.com/scientificdata;hal-04386951;Only in file2
https://doi.org/10.1145/3511808.3557489introduction1in;hal-03908363;Only in file2
https://biomodels.net/biology-qualifiers;hal-04125922;Only in file2
https://ontosql.inria.fr;hal-02921457;Only in file2
https://iacademc.oup.com/jl//as/artice1009/skac2226609952byguest/on20january2023journal;hal-03699447;Only in file2
https://doi.org/10.2134/agronj2011.0376altieri;hal-02228974;Only in file2
https://arxiv.org/abs/1611.0645522.;hal-03741042;Only in file2
https://doi.org/10.3233/sw-150208;hal-03946680;Only in file2
https://sciencedirect.com/science/article/pii/002251937390247627.;hal-04125922;Only in file2
https://springerlink.com/index/p50746r643246142.pdf.;hal-02387680;Only in file2
https://arxiv.org/abs/2205.05649;hal-03955911;Only in file2
https://doi.org/10.1145/2517872.25178777.;hal-02950994;Only in file2
https://amturing.acm.org/award_winners/berners-lee_8087960.cfm;hal-03633526;Only in file2
https://academic.oup.com/bioinformatics/article-pdf/19/2/261/1059937/190261.pdf;hal-03384058;Only in file2
https://hal.umontpellier.fr/hal-03917930submitted;hal-03917930;Only in file2
https://hal.sorbonne-universite.fr/hal-03263469submitted;hal-03263469;Only in file2
https://doi.org/10.1139/geomat-2020-0006miranda;hal-03296233;Only in file2
https://dx.doi.org/10.1126/science.286.5439.509denilson;hal-02435371;Only in file2
https://arxiv.org/abs/2003.05997.arxiv:2003.05997.shaw;hal-03256451;Only in file2
https://dx.doi.org/10.1016/j.ejor.2013.08.022paul;hal-02435371;Only in file2
https://oaei.ontologymatching.org/2010/results/oaei2010.pdf.;hal-04351729;Only in file2
https://doi.org/10.1007/978-3-319-98932-7;hal-02873670;Only in file2
https://doi.org/10.3390/app11241193245.;hal-04201661;Only in file2
https://github.com/google/jax.;hal-02406503;Only in file2
https://data.ign.fr/def/topo/20190212.htm;hal-03913504;Only in file2
https://creativecommons.org/licenses/by-nc-nd/4.0/.;hal-02152844;Only in file2
https://project.inria.fr/corese/35https://github.com/raadjoe/obama-lod-identity-analysis36prefix;hal-03301330;Only in file2
https://semanticaudio.ac.uk3;hal-03812106;Only in file2
https://github.com/daajoe/detkdecomp.;hal-02096714;Only in file2
https://doi.org/10.1016/s0304-3975;hal-01673025;Only in file2
https://sciencedirect.com/science/article/pii/s0925753509000587;hal-04388942;Only in file2
https://inria.hal.science/hal-04311370submitted;hal-04311370;Only in file2
https://w3.org/tr/2012/rec-owl2-syntax-20121211/15.;hal-02931396;Only in file2
https://doi.org/10.1371/journal.pcbi.1008856.g011evaluation;hal-03220977;Only in file2
https://fedai.org/.;hal-02406503;Only in file2
https://doi.org/10.1093/aob/mcy208barillot;hal-02228974;Only in file2
https://github.com/wimmics/covidontheweb10.;hal-03230741;Only in file2
https://doi.org/10.1007/3-540-10003-2_89.;hal-03536045;Only in file2
https://hal.inrae.fr/hal-03601464submitted;hal-03601464;Only in file2
https://openenclave.io/sdk/.;hal-03580286;Only in file2
https://microsoft.com/en-us/download/details.aspx;hal-03692175;Only in file2
https://doi.org/10.18653/v1/w17-1101.;hal-04014977;Only in file2
https://users.dimi.uniud.it/~massimo.franceschet/xpathmark/ptbench.html.;hal-04165835;Only in file2
https://hal.umontpellier.fr/hal-02273257submitted;hal-02273257;Only in file2
https://factcheck.org/2013/09/kerry-spins-his-record-on-iraq/2https://www.politifact.com/truth-o-meter/statements/2019/jan/09/donald-trump/trump-democrats-reverse-border-wall-position/3https://www.lemonde.fr/les-decodeurs/visuel/2018/05/07/un-an-apres-son-election-emmanuel-macron-tient-il-ses-promesses-de-campagne_5295281_4355770.html;hal-02057980;Only in file2
https://sciencedirect.com/science/article/pii/s157082681200039x.doi:10.1016/j.websem.2012.04.001.;hal-04351729;Only in file2
https://cs.ucr.edu/~eamonn/time_series_data_2018/.;lirmm-03806053;Only in file2
https://catalogue.bnf.fr/ark:/12148/cb45757214b.;hal-04293239;Only in file2
https://doi.org/10.1177/0146621697211002of;hal-02915414;Only in file2
https://matportal.org/43https://matportal.org/ontologies/bwmd-mid44https://matportal.org/ontologies/mseo45https://github.com/materialdigital/core-ontology/46https://www.ebi.ac.uk/ols/ontologies/prov;hal-04351729;Only in file2
https://i2b2.org/.;hal-02918344;Only in file2
https://proceedings.neurips.cc/paper/2020/hash/1457c0d6bfcb4967418bfb8ac142f64a-abstract.html.14;hal-04353523;Only in file2
https://people.irisa.fr/thomas.guyet/negativepatterns/evalnegpat.php.proof;hal-02188501;Only in file2
https://ecfr.gov/current/title-47/chapter-i/subchapter-c/part-73/subpart-e/section-73.670;hal-04311598;Only in file2
https://gridsound.com/.;hal-04335612;Only in file2
https://proceedings.neurips.cc/paper/2020/file/24389bfe4fe2eba8bf9aa9203a44cdad-paper.pdf6.;hal-03369206;Only in file2
https://prov.readthedocs.io/en/latest/prov.html6https://www.graphviz.org/7https://openprovenance.org/services/view/validator8https://pypi.org/project/pymonet;lirmm-03443660;Only in file2
https://dx.doi.org/10.1016/j.tcs.2015.01.017.;hal-03536045;Only in file2
https://doi.org/10.1007/s10980-009-9341-040.;hal-03220977;Only in file2
https://orcid.org/0000-0002-7326-7684m;hal-03965684;Only in file2
https://doi.org/10.1145/3350546.3352502.provide;hal-02319638;Only in file2
https://doi.org/10.1371/journal.pcbi.1008856.g004plos;hal-03220977;Only in file2
https://creep-project.eu;hal-02020829;Only in file2
https://doi.org/10.1007/978-3-319-44412-3;hal-02513295;Only in file2
https://webdb2011.rutgers.edu/papers/paper21/pathwebdb.pdf;hal-03886320;Only in file2
https://gitlab.eurecom.fr/nautsch/cllr4https://github.com/voice-privacy-challenge/voice-privacy-challenge-2020;hal-02610447;Only in file2
https://dx.doi.org/10.1016/j.tcs.2015.01.01713.;hal-02532706;Only in file2
https://doi.org/10.1145/3460210.3493557one;hal-03402766;Only in file2
https://doi.org/10.1145/2517349.2522738;hal-03897397;Only in file2
https://worldclim.org/data/monthlywth.html;hal-03771760;Only in file2
https://purl.obolibrary.org/obo/po_0025131;lirmm-02945170;Only in file2
https://github.com/nju-websoft/qgstp.;hal-04110779;Only in file2
https://doi.org/10.1139/f06-038.;hal-03228509;Only in file2
https://content.sciendo.com/view/journals/popets/2020/4/article-p48.xml.;hal-02406503;Only in file2
https://evalita.it/20183https://www.di.unito.it;hal-02381152;Only in file2
https://bioportal.bioontology.org/ontologies/ndf-rt;hal-03502001;Only in file2
https://hal-lirmm.ccsd.cnrs.fr/lirmm-04277973submitted;lirmm-04277973;Only in file2
https://inria.hal.science/hal-03896410submitted;hal-03896410;Only in file2
https://arxiv.org/abs/1807.04369.;hal-02406503;Only in file2
https://vldb.org/pvldb/vol14/p1606-leis.pdf;hal-03897397;Only in file2
https://doi.org/10.1145/331195533.;lirmm-03324873;Only in file2
https://doi.org/10.1111/jbi.1349951.;hal-03220977;Only in file2
https://doi.acm.org/10.1145/1807167.1807247.;hal-02406503;Only in file2
https://streetbump.org/5;hal-03329908;Only in file2
https://ec.europa.eu/cefdigital/wiki/display/ehsemantic/icd-9-cm:+international+classification+of+diseases,+ninth+revision,+clinical+modification.;hal-03160473;Only in file2
https://inria.hal.science/hal-02152064submitted;hal-02152064;Only in file2
https://doi.org/10.5220/0007919404250430;hal-03904200;Only in file2
https://doi.org/10.2134/agronj13.0579nicotra;hal-02228974;Only in file2
https://contentcheck.inria.frinria;hal-03945733;Only in file2
https://github.com/yuvalatzmon/comet5note;hal-02166425;Only in file2
https://hal.inria.fr/hal-019767682.;hal-02933190;Only in file2
https://doi.org/10.1109/lics.2012.23;hal-01673025;Only in file2
https://link.springer.com/10.1007/978-0-387-84858-7.huang;hal-03902203;Only in file2
https://inria.hal.science/hal-03483109v2submitted;hal-03483109;Only in file2
https://rfc-editor.org/rfc/rfc3986.txt.berners-lee;hal-03404125;Only in file2
https://github.com/information-artifact-ontology/iao;hal-03662183;Only in file2
https://academic.oup.com/bioscienceldownoadedfromhttps://iii/academc.oup.comboscenceadvance-artice-abstract//ldoi/.101093bosci//ii/baa0445825721bygueston15may2020;hal-02573627;Only in file2
https://towardsdatascience.com/understanding-auc-roc-curve-68b2303cc9c5.;hal-03160473;Only in file2
https://perma.cc/dp8v-5abt.;hal-04234924;Only in file2
https://inria.hal.science/hal-03052508submitted;hal-03052508;Only in file2
https://doi.org/10.1145/1122445.11224561;hal-03510012;Only in file2
https://doi.acm.org/10.1145/2701657.2701653.;hal-03369680;Only in file2
https://doi.org/10.1145/3531130.3533369.is;lirmm-03833578;Only in file2
https://cseweb.ucsd.edu/~goguen/papers/onto-intgn.html;hal-03905183;Only in file2
https://doi.org/10.1145/3017995.301800112.;hal-03135088;Only in file2
https://github.com/ehabets/rir-generator;lirmm-02010805;Only in file2
https://doi.org/10.1007/978-3-030-59833-4;hal-04201661;Only in file2
https://doi.org/10.1002/aps3.11548white;hal-03871553;Only in file2
https://w3.org/tr/prov-o/4;hal-03807744;Only in file2
https://portal.idigbio.org/portal/search19;hal-02945382;Only in file2
https://doi.org/10.1145/3448016.3452830;hal-03897397;Only in file2
https://geves.fr/catalogue/12.;hal-03889780;Only in file2
https://arxiv.org/abs/1909.02437p.;hal-03741042;Only in file2
https://doi.org/10.1145/3573381.3596150paul;hal-04102737;Only in file2
https://doi.org/10.1109/msr.2015.345.;hal-04233343;Only in file2
https://ceur-ws.org/vol-1700/paper-05.pdfashwin;hal-02435371;Only in file2
https://consort-statement.org/4in;hal-03264761;Only in file2
https://d2s.semanticscience.org/docs/d2s-rml;hal-04201661;Only in file2
https://sciencedirect.com/science/article/pii/s0004370220301533;hal-03908363;Only in file2
https://flickr.com/services/api/flickr.photos.search.html8the;hal-02060966;Only in file2
https://github.com/uma-pi1/kge14;hal-04344975;Only in file2
https://github.com/twktheainur/pyclinrec13.;hal-03969275;Only in file2
https://doi.org/10.1111/jbi.1354450.;hal-03220977;Only in file2
https://gitlab.inria.fr/cedar/quotientsummaryis;hal-01925496;Only in file2
https://doi.org/10.1146/annurev.ecolsys.110308.1201592.;hal-02639237;Only in file2
https://doi.org/10.48550/arxiv.1412.6980.55.;hal-03769993;Only in file2
https://doi.org/10.1101/59811010.;hal-03100032;Only in file2
https://doi.org/10.1145/3447548.3467360from;lirmm-03359490;Only in file2
https://doi.org/10.1145/990308.99031241;hal-03151014;Only in file2
https://doi.org/10.1109/cdc.2012.642672915.;hal-03112715;Only in file2
https://hal.inria.fr/hal-02152844;hal-02935956;Only in file2
https://doi.org/10.1007/11596042_59uschold;hal-03738973;Only in file2
https://inria.hal.science/hal-03150441v2submitted;hal-03150441;Only in file2
https://aws.amazon.com/rds/aurora/serverless/.;hal-02549758;Only in file2
https://doi.org/10.2307/234761426.;hal-02639237;Only in file2
https://jstor.org/stable/2695115.19;hal-03765358;Only in file2
https://cigref.hr-ingenium.com/accueil.aspx9;hal-03403125;Only in file2
https://arxiv.org/abs/1803.05277.13;hal-03940590;Only in file2
https://openai.com/dall-e-3tgdk;hal-04353543;Only in file2
https://doi.org/10.26028/cybium/2021-451-001.;hal-03228509;Only in file2
https://inria.hal.science/hal-03104144submitted;hal-03104144;Only in file2
https://dx.doi.org/10.1145/2213836.2213866.;hal-03536045;Only in file2
https://cloud.google.com/automl2https://keras.io/3www.tensorflow.org;lirmm-02969506;Only in file2
https://doi.org/10.1371/journal.pcbi.1008856.g009plos;hal-03220977;Only in file2
https://doi.org/10.1162/dint_a_00034li;hal-03871553;Only in file2
https://doi.org/10.34133/plantphenomics.01128downloaded;hal-04322179;Only in file2
https://doi.org/10.1007/bf02912621callaway;hal-02228974;Only in file2
https://doi.org/10.1177/1094342006070078;hal-04157720;Only in file2
https://hal.inrae.fr/hal-04043460submitted;hal-04043460;Only in file2
https://openbci.com/access;hal-04093045;Only in file2
https://doi.org/10.1145/3294052.3319687emergence;hal-01959143;Only in file2
https://doi.org/10.1371/journal.pone.0194768hansen;hal-02483307;Only in file2
https://doi.org/10.2134/agronj1996.00021962008800050004xsingh;hal-02228974;Only in file2
https://shorturl.at/ahay4;hal-02872132;Only in file2
https://sourcessay.inria.frfact-checking;hal-03945733;Only in file2
https://hal.inria.fr/hal-0193589818.;hal-03135088;Only in file2
https://digipathos-rep.cnptia.embrapa.br/.4;hal-02470280;Only in file2
https://github.com/huggingface/transformers10;hal-02879293;Only in file2
https://github.com/angelos25/tf-mpc/.;hal-04139281;Only in file2
https://identifiers.org/go/go:0005623;hal-04125922;Only in file2
https://inria.hal.science/hal-03927901submitted;hal-03927901;Only in file2
https://doi.org/10.1145/191843.191925;lirmm-03806053;Only in file2
https://doi.org/10.18653/v1/2020.acl-demos.12;hal-04014977;Only in file2
https://fasttext.cc/docs/en/crawl-vectors.html9https://fasttext.cc/docs/en/english-vectors.html10https://fasttext.cc/docs/en/english-vectors.html10;hal-02972184;Only in file2
https://sciencedirect.com/science/article/pii/s030402080873072x5.;hal-03527888;Only in file2
https://voiceprivacychallenge.org/2;hal-03332224;Only in file2
https://timeline.web.cern.ch/timelines/the-birth-of-the-world-wide-web;hal-03633526;Only in file2
https://wikidata.org/5;hal-04353543;Only in file2
https://developer.chrome.com/docs/privacy-sandbox/chips;hal-04228304;Only in file2
https://hal.archives-ouvertes.fr/hal-02279942.;hal-03156136;Only in file2
https://doi.org/10.1093/aob/mcw143barillot;hal-02228974;Only in file2
https://ars-grin.gov/11;hal-02190170;Only in file2
https://pages.saclay.inria.fr/ioana.manolescu/dot-obtained-image.pdf2https://gate.d5.mpi-inf.mpg.de/webyago3spotlx/svgbrowserbetween;hal-02468778;Only in file2
https://github.com/pierrehmbt/fedcp-qq.7data;hal-03981605;Only in file2
https://doi.org/10.1093/jxb/erh108röhrig;hal-02228974;Only in file2
https://hal.inrae.fr/hal-03338811submitted;hal-03338811;Only in file2
https://doi.org/10.1145/3347146.3359356;hal-03913497;Only in file2
https://github.com/jason9693/musictransformer-tensorflow2.0implementationin3although;hal-03419236;Only in file2
https://xeno-canto.org/10;hal-03415990;Only in file2
https://arxiv.org/abs/1811.10154.wojciech;hal-04377324;Only in file2
https://doi.org/10.1109/tvcg.2016.2598585pistre;hal-03296233;Only in file2
https://cisco.com/c/en/us/solutions/collateral/service-provider/visual-networking-index-vni/vni-hyperconnectivity-wp.html;hal-03266462;Only in file2
https://homes.cs.washington.edu/~suciu/vldbj-probdb.pdf;hal-03514297;Only in file2
https://laws.council.nyc.gov/legislation/int-1696-2017/.;hal-02066516;Only in file2
https://doi.org/10.1007/978-3-319-48393-1_2423.;hal-03079818;Only in file2
https://proceedings.neurips.cc/paper/2011/file/a516a87cfcaef229b342c437fe2b95f7-paper.pdf.14;hal-03406994;Only in file2
https://geoservices.ign.fr8;hal-03167637;Only in file2
https://dx.doi.org/10.2139/ssrn.2354377.2425;hal-03189474;Only in file2
https://fr.dbpedia.org/sparql2sparql;hal-03404572;Only in file2
https://inria.cl/en/centre-inria-sophia-antipolis-mediterranee;hal-03938382;Only in file2
https://doi.org/10.1109/jproc.2021.3060483.bernhard;hal-04377324;Only in file2
https://doi.org/10.5281/zenodo.5645731.it;hal-03474556;Only in file2
https://facebook.com/la.france.aux.urnes.2022www;hal-04129915;Only in file2
https://doi.org/10.1007/3-540-63141-0_10;lirmm-03833578;Only in file2
https://doi.org/10.1109/vr.2019.8797889;hal-04102737;Only in file2
https://doi.org/10.1093/gigascience/giz012cooper;hal-03711320;Only in file2
https://w3.org/submission/cbd/4;hal-02933190;Only in file2
https://aaai.org/ocs/index.php/aaai/aaai18/paper/view/17366.dai;hal-04344975;Only in file2
https://w3.org/tr/2017/rec-dwbp-20170131/18.;hal-03807744;Only in file2
https://dbpedia.org/ontology/dbo:director;hal-02936253;Only in file2
https://doi.org/10.1073/pnas.1713971114;hal-03220977;Only in file2
https://sciencedirect.com/science/article/pii/s0169743920301908.r.;hal-03329674;Only in file2
https://inria.hal.science/hal-02376961submitted;hal-02376961;Only in file2
https://doi.org/10.2134/agronj1996.00021962008800050002xpérot;hal-02228974;Only in file2
https://usdb.animux.de/2139;hal-03133188;Only in file2
https://iacademc.oup.comopstad;hal-04084880;Only in file2
https://doi.org/10.1038/s41746-018-0029-1;hal-03160473;Only in file2
https://github.com/kermitt2/entity-fishing;hal-03807744;Only in file2
https://doi.org/10.1016/0020-0190;hal-04278100;Only in file2
https://grandeannotation.fr/17;hal-02860659;Only in file2
https://inria.hal.science/hal-03150404submitted;hal-03150404;Only in file2
https://doi.org/10.1016/j.is.2021.101846;hal-03337765;Only in file2
https://doi.org/10.1007/s10107-010-0434-y.;hal-02406503;Only in file2
https://featurecloud.eu/about/our-vision/.;hal-02406503;Only in file2
https://doi.org/10.1007/978-3-319-22723-8_1618.;hal-03079818;Only in file2
https://doi.org/10.1109/issnip.2007.44968592.;hal-02273257;Only in file2
https://doi.org/10.1111/j.1365-2486.2011.02451.xkeating;hal-02228974;Only in file2
https://purl.org/dc/terms/figure;hal-02389918;Only in file2
https://ncbi.nlm.nih.gov/pubmed/20587024;hal-04125922;Only in file2
https://doi.org/10.1145/3196959.3196979;hal-03516360;Only in file2
https://identify.plantnet-project.org;hal-03415972;Only in file2
https://webassembly.org.;hal-03087768;Only in file2
https://purl.obolibrary.org/obo/envo_00000020;lirmm-02945170;Only in file2
https://doi.org/10.1145/3430984.3430991795796797798799800801802803804805806807808809810811812813814815816817818819820821;hal-03404580;Only in file2
https://doi.org/10.3917/psy.038.0061.;hal-04293239;Only in file2
https://caida.org/about/.;hal-03654722;Only in file2
https://doi.org/10.1109/vr.2019.8797889;hal-03698833;Only in file2
https://imageclef.org/17;hal-02945382;Only in file2
https://inria.hal.science/hal-03347677submitted;hal-03347677;Only in file2
https://aclweb.org/anthology/d14-1162.doi:10.3115/v1/d14-1162.;hal-04346759;Only in file2
https://inria.hal.science/hal-02481240v2submitted;hal-02481240;Only in file2
https://doi.org/10.1016/j.chb.2020.106607;hal-04132566;Only in file2
https://hal.inrae.fr/hal-04386951submitted;hal-04386951;Only in file2
https://proceedings.neurips.cc/paper/2017/file/3f5ee243547dee91fbd053c1c4a845aa-paper.pdf;hal-03518717;Only in file2
https://inria.hal.science/hal-02921457submitted;hal-02921457;Only in file2
https://mon-entreprise.fr/voiture/estconducteurdea;hal-02748219;Only in file2
https://insee.fr/fr/information/240614710;hal-03403125;Only in file2
https://openresty.org/misc/re/bench/.;hal-03021960;Only in file2
https://proceedings.neurips.cc/paper/2020/hash/1457c0d6bfcb4967418bfb8ac142f64a-abstract.html.23;hal-04353543;Only in file2
https://usenix.org/conference/nsdi19/presentation/wang-xiang.30;hal-03021960;Only in file2
https://doi.org/10.3233/sw-160237;hal-01673025;Only in file2
https://doi.org/10.1007/s002360050095.;hal-03871500;Only in file2
https://doi.org/10.1145/3524273.3532895acm;hal-03710323;Only in file2
https://mimuw.edu.pl/~kowalik/papers/orient.pdf;hal-03356951;Only in file2
https://doi.org/10.48550/arxiv.2010.11929;hal-04322179;Only in file2
https://inria.hal.science/hal-02970761submitted;hal-02970761;Only in file2
https://dki-lab.github.io/grailqa/3https://gitlab.com/shimorina/webnlg-datasetthors;hal-04257838;Only in file2
https://iacademc.oup.com/insililcopants/advance-articedo/li/.101093/ilanguage.;hal-02962262;Only in file2
https://ceur-ws.org/vol-2180/iswc_2018_outrageous_ideas_paper_4.pdf.145;hal-04353543;Only in file2
https://dx.doi.org/10.7717/peerj-cs.606;hal-03418836;Only in file2
https://doi.org/10.1145/35322081;hal-03635452;Only in file2
https://doi.org/10.1111/j.1365-2664.2012.02173.xustin;hal-02228974;Only in file2
https://inria.hal.science/hal-03100057submitted;hal-03100057;Only in file2
https://data-people.cs.illinois.edu/needletail.pdf;hal-03516360;Only in file2
https://doi.org/10.1145/3178876.3186003;hal-02081474;Only in file2
https://fauconnier.github.io4https://www.data.gouv.fr/fr/datasets/regions-departements-villes-et-villages-de-france-et-doutre-mer;hal-03932371;Only in file2
https://doi.org/10.1016/j.ijhcs.2018.05.001.;hal-03657095;Only in file2
https://doi.org/10.1016/j.envsoft.2014.07.009hughes;hal-02228974;Only in file2
https://support.google.com/google-ads/answer/9496986;hal-04311598;Only in file2
https://loicpauleve.name/md/ak8wj5d2tqkpmjbtp_8baq;hal-03384058;Only in file2
https://huggingface.co/musixmatch/umberto-wikipedia-uncased-v1frontiers;hal-04008864;Only in file2
https://inria.hal.science/hal-03351649submitted;hal-03351649;Only in file2
https://arxiv.org/abs/cs/0003044.adnan;hal-04377324;Only in file2
https://ds.iris.edu/data/access;lirmm-02973633;Only in file2
https://dx.doi.org/10.1145/2854006.28540132010.;hal-02435371;Only in file2
https://events.linkeddata.org/ldow2018/papers/ldow2018_paper_4.pdf.;hal-02096714;Only in file2
https://arxiv.org/abs/1905.09435.;hal-02406503;Only in file2
https://doi.org/10.1145/3576915.36231721;hal-04311598;Only in file2
https://doi.org/10.1145/2382196.2382264;hal-03904200;Only in file2
https://doi.org/10.1016/0304-3975;hal-03937274;Only in file2
https://reasonstudios.com/press/275-reasons-flagship-europa-synth-now-available-as-a-plugin-for-other-daws-and-on-the-web;hal-03087763;Only in file2
https://inria.hal.science/hal-02290310submitted;hal-02290310;Only in file2
https://journals.openedition.org/mappemonde/6349doi;hal-03296233;Only in file2
https://doi.org/10.1145/3340531.3417460this;hal-03004218;Only in file2
https://institut-agro-rennes-angers.hal.science/hal-03228509hal;hal-03228509;Only in file2
https://gqlstandards.org/.;hal-03103509;Only in file2
https://dl.acm.org/doi/10.5555/3463952.3463986;hal-04358408;Only in file2
https://yago-knowledge.org/4;hal-04353543;Only in file2
https://publications.europa.eu/en/web/eu-vocabularies/th-dataset/-/resource/dataset/eurovoc;hal-03065217;Only in file2
https://ror.org/01pd2sz18;hal-04289970;Only in file2
https://iot-lab.info/docs/boards/raspberry-pi-3;hal-04157720;Only in file2
https://creativecommons.org/licenses/by/4.0;hal-04278771;Only in file2
https://grid5000.fr;hal-03197376;Only in file2
https://ec.europa.eu/research/participants/data/ref/h2020/grants_manual/hi/oa_pilot/h2020-hi-oa-data-mgt_en.pdf;hal-02483307;Only in file2
https://compriseh2020.eu/ﬁles/2019/06/d5.1.pdf;hal-02562199;Only in file2
https://orcid.org/0000-0002-7117-1988sidering;hal-04043460;Only in file2
https://hal-lirmm.ccsd.cnrs.fr/lirmm-03036868submitted;lirmm-03036868;Only in file2
https://doi.org/10.23919/eusipco.2017.808151219.;hal-03415990;Only in file2
https://arxiv.org/abs/1804.09849.arxiv:1804.09849.child;hal-03256451;Only in file2
https://doi.org/10.57745/svfql2.;hal-04043460;Only in file2
https://proceedings.mlr.press/v97/diakonikolas19a.html.98;hal-02406503;Only in file2
https://github.com/plantnet/plantnet-300k/.;hal-03474556;Only in file2
https://doi.org/10.1109/focs.2015.466.;hal-03100032;Only in file2
https://sciencedirect.com/science/article/pii/s157082681200079030.;hal-03807744;Only in file2
https://rdf.insee.fr.4more;hal-03426150;Only in file2
https://doi.org/10.1007/978-3-319-68288-4_7rdfhttps://www.w3.org/tr/2014;hal-02066041;Only in file2
https://iter.org/28;hal-03189474;Only in file2
https://ics.uci.edu/mlearn/mlrepository.html;hal-03899151;Only in file2
https://doi.org/10.1145/2991561.2991569;emse-02070625;Only in file2
https://w3.org/designissues/linkeddata.html.;hal-02984945;Only in file2
https://hal-lirmm.ccsd.cnrs.fr/lirmm-02364411submitted;lirmm-02364411;Only in file2
https://hal-lirmm.ccsd.cnrs.fr/lirmm-02265730submitted;lirmm-02265730;Only in file2
https://doi.org/xxxxxxx.xxxxxxx1;hal-04093045;Only in file2
https://dblp.uni-trier.de/db/conf/webdb/webdb2002.html;hal-02435371;Only in file2
https://paperman.name/data/these.pdf.pierre;hal-03114304;Only in file2
https://github.com/bytedance/fedlearner.91;hal-02406503;Only in file2
https://inria.hal.science/hal-04246864submitted;hal-04246864;Only in file2
https://medialab.di.unipi.it/wiki/wikipedia;hal-02381093;Only in file2
https://labelme.csail.mit.edu/release3.0;hal-02573627;Only in file2
https://researchgate.net/publication/344850508contribution;hal-02981760;Only in file2
https://doi.org/10.1007/10.1007/bf02579150.doi:4;hal-03156136;Only in file2
https://doi.org/10.1007/s10707-013-0197-8lehmann;hal-03905409;Only in file2
https://quae.com/en/r1291-conceptual-basis-formalisations-and-parameterization-of-the-stics-crop-model.html;hal-03231805;Only in file2
https://cbd.int/.2;hal-03641389;Only in file2
https://github.com/maximiliense/glc19/blob/master/github_taxonomic_and_spatial_filtering.r13;hal-02190170;Only in file2
https://github.com/grasp-algorithm/label-driven-summarization.;hal-02417259;Only in file2
https://w3.org/tr/owl-ref/12https://www.w3.org/tr/rdf-schema;hal-02936253;Only in file2
https://hal.archives-ouvertes.fr/hal-03654722;hal-04161546;Only in file2
https://dx.doi.org/10.1007/s10515-013-0138-7david;hal-02435371;Only in file2
https://inria.hal.science/hal-03172025submitted;hal-03172025;Only in file2
https://vldb.org/archives/website/2005/program/paper/wed/p505-kacholia.pdf;hal-03886320;Only in file2
https://mimuw.edu.pl/~rytter/mypapers/isaac2011_rytter.pdf.frank;hal-03940590;Only in file2
https://learn.microsoft.com/en-us/power-query/10.;hal-04186117;Only in file2
https://tools.wmflabs.org/wikidata-exports/rdf/index.html4;hal-03500647;Only in file2
https://doi.org/10.1016/j.websem.2022.10075396.;hal-04201661;Only in file2
https://w3.org/tr/rdf11-concepts/2.;hal-02921457;Only in file2
https://gitlab.inria.fr/nabbas/lksa.;hal-03512110;Only in file2
https://alexandria.unisg.ch/handle/20.500.14171/108730.5455;hal-04358408;Only in file2
https://parliament.uk/business/commons/the-speaker/speakers-commission-on-digital-democracy/.76;hal-03189474;Only in file2
https://ecpgr.cgiar.org/working-groups/berries;hal-03711320;Only in file2
https://github.com/issa-project/issa-pipeline/blob/main/doc/10;hal-03807744;Only in file2
https://github.com/nicolas-hbt/benchmark-sematk21;hal-04344975;Only in file2
https://page.math.tu-berlin.de/~felsner/semws17-18/ruskey-comb-gen.pdf.23;hal-03940590;Only in file2
https://github.com/wimmics/samelivehttps:andalgorithm;hal-03301330;Only in file2
https://creativecommons.org/licenses/by/4.0/.;hal-03100076;Only in file2
https://doi.org/10.1093/database/baaa062.;hal-03889780;Only in file2
https://aclweb.org/anthology/n19-1423.;hal-04346759;Only in file2
https://proceedings.neurips.cc/paper/2013/file/9aa42b31882ec039965f3c4923ce901b-paper.pdf.;hal-04346759;Only in file2
https://arxiv.org/abs/1707.05945;hal-03809754;Only in file2
https://doi.org/10.2307/3235676kiaer;hal-02228974;Only in file2
https://repositorio.museu-goeldi.br/jspui/bitstream/mgoeldi/550/1/b mpeg ant 11(2) 1995 isaac.pdf;hal-03228509;Only in file2
https://arxiv.org/abs/1412.6980p.;hal-04041691;Only in file2
https://kaggle.com/3.;hal-03641389;Only in file2
https://doi.org/10.1007/s00778-017-0486-1jacobsen;hal-02483307;Only in file2
https://doi.org/10.1007/s11104-013-1769-ydurand;hal-02228974;Only in file2
https://doi.org/10.1145/3543873.3587987content.;hal-04335612;Only in file2
https://doi.org/10.1016/s0378-4290;hal-02228974;Only in file2
https://data.cityofchicago.org/health-human-services/food-inspections/4ijn-s7e5.;hal-02898931;Only in file2
https://support.google.com/youtubekids/answer/6130541;hal-04311598;Only in file2
https://kaggle.com/giovamata/airlinedelaycauses;hal-03320929;Only in file2
https://inria.hal.science/hal-04388912submitted;hal-04388912;Only in file2
https://w3.org/submissions/swrl/.3940;hal-04358408;Only in file2
https://iacademc.oup.com/insililcopants/advance-artice-abstract/ldoi/.101093/insiliil/copants/dz0075519776byguestcomparison;hal-02253260;Only in file2
https://doi.org/10.1111/j.1365-3040.2011.02371.xpagès;hal-02228974;Only in file2
https://dublincore.org/specifications/dublin-core/dcmi-terms/11.;hal-03230741;Only in file2
https://ceur-ws.org/vol-2807/abstracty.pdf.173;hal-04353523;Only in file2
https://marswiki.jrc.ec.europa.eu/wikicap/images/f/ff/geotagged_jrc_reportv5b.pdf;hal-03965684;Only in file2
https://mon-entreprise.fr/voiture/berline-n3on;hal-02748219;Only in file2
https://proceedings.mlr.press/v48/trouillon16.html.185;hal-04353543;Only in file2
https://jstor.org/stable/1969503;hal-03140067;Only in file2
https://inria.hal.science/hal-03905917submitted;hal-03905917;Only in file2
https://w3.org/tr/2017/rec-vocab-ssn-20171019/8;hal-04358408;Only in file2
https://inria.hal.science/hal-02895316submitted;hal-02895316;Only in file2
https://vldb.org/pvldb/vol4/p34-meliou.pdf;hal-03514297;Only in file2
https://doi.org/10.1038/s41598-023-46925-z6vol:.;hal-04320566;Only in file2
https://fr.dbpedia.org/sparql28;hal-03404580;Only in file2
https://makg.org/sparql27;hal-03404580;Only in file2
https://math.cmu.edu/~af1p/teaching/mcc17/papers/klm.pdf.ker-i;hal-04377324;Only in file2
https://ceur-ws.org/vol-2180/paper-86.pdf.41;hal-04358408;Only in file2
https://eur-lex.europa.eu/legal-content/en/txt/html;hal-02269222;Only in file2
https://doi.org/10.1016/j.artint.2018.07.007;hal-03908363;Only in file2
https://christophm.github.io/interpretable-ml-book;hal-03381732;Only in file2
https://doi.org/10.1890/0012-9658;hal-02639237;Only in file2
https://ns.inria.fr/kg/index;hal-03946680;Only in file2
https://github.com/patrickzib/sfa.;hal-03510012;Only in file2
https://doi.org/10.1145/2902251.2902293;hal-03516360;Only in file2
https://doi.org/10.1145/nnnnnnn.nnnnnnn1;hal-03176657;Only in file2
https://aaai.org/ocs/index.php/aaai/aaai18/paper/view/16982;hal-04388942;Only in file2
https://op.europa.eu/en/publication-data;hal-03726234;Only in file2
https://inria.hal.science/hal-03904200submitted;hal-03904200;Only in file2
https://doi.org/10.1371/journal.pcbi.1008856.g010the;hal-03220977;Only in file2
https://github.com/grame-cncm/guidolib14;hal-03812972;Only in file2
https://r-project.org;lirmm-04283772;Only in file2
https://arxiv.org/abs/1805.09253.;hal-02406503;Only in file2
https://hal.archives-ouvertes.fr/hal-009085437.;hal-03812106;Only in file2
https://imagej.nih.gov/ij/plugi;hal-02894994;Only in file2
https://doi.org/10.1111/j.1365-2699.2006.01584.x5.;hal-03220977;Only in file2
https://hal-emse.ccsd.cnrs.fr/emse-02070625.14;hal-03189474;Only in file2
https://theconversation.com/les-ia-comprennent-elles-ce-quelles-font-...autonome;hal-03135131;Only in file2
https://corese.inria.fr/13https://vertx.io;hal-03135088;Only in file2
https://doi.org/10.1002/ppp3.10234hoyal;hal-03871553;Only in file2
https://www6.montpellier.inra.fr/lepse/m3p;hal-01895279;Only in file2
https://papers.nips.cc/paper/7062-a-unified-approach-to-interpreting-model-predictions.pdf;hal-03514297;Only in file2
https://doi.org/10.18352/lq.1028533.;hal-03807744;Only in file2
https://onlinepubs.trb.org/onlinepubs/tcrp/tcrp_rpt_39-a.pdf;hal-02319539;Only in file2
https://w3.org/tr/2014/rec-vocab-data-cube-20140116/.;hal-04230234;Only in file2
https://github.com/vanes11/flashfill_quickfill_mixte3.;hal-03717860;Only in file2
https://github.com/dwslab/melt/tree/master/examples/kgevalcli30https://oaei.ontologymatching.org/2019/results/knowledgegraph/kgbaselinematchers.zip;hal-04366893;Only in file2
https://hpc4e.eu/downloads/hpc-geophysical-simulation-test-suite.3.;lirmm-02045144;Only in file2
https://hal-lirmm.ccsd.cnrs.fr/lirmm-03452170submitted;lirmm-03452170;Only in file2
https://cloud.google.com/automl2https://scikit-learn.org;lirmm-03443660;Only in file2
https://wikidata.org/entity/statement;hal-03516420;Only in file2
https://arxiv.org/abs/1908.10084.;hal-04371254;Only in file2
https://doi.org/10.1177/1046878119831420https://doi.org/10.1177/1046878119831420;hal-03710323;Only in file2
https://w3.org/tr/sparql11-overview/3;hal-03516393;Only in file2
https://inria.hal.science/hal-02174445submitted;hal-02174445;Only in file2
https://ns.inria.fr/covid19/arg/4f8...;hal-03230741;Only in file2
https://inria.hal.science/hal-04228038submitted;hal-04228038;Only in file2
https://doi.org/10.1002/aps3.11371stork;hal-03871553;Only in file2
https://inria.hal.science/hal-04240543submitted;hal-04240543;Only in file2
https://esfri.eu/esfri-roadmap.3;hal-02483307;Only in file2
https://github.com/toooooodo/rgcn-linkprediction9https://github.com/malllabiisc/compgcn13;hal-04344975;Only in file2
https://doi.org/10.1093/nar/gkaa942.18.;hal-03602177;Only in file2
https://acaidemc.oup.comfigure;hal-04084880;Only in file2
https://gdpr-info.eu/.;hal-02269203;Only in file2
https://doi.org/10.1016/j.compag.2013.06.002.;hal-03347926;Only in file2
https://dbpedia.org/property.we;hal-02936253;Only in file2
https://github.com/hpcdb/workflow-sedimentation.;lirmm-02127456;Only in file2
https://eng.uber.com/athenaxfrom;lirmm-03468587;Only in file2
https://doi.org/10.1145/3573381.35961501;hal-04102737;Only in file2
https://tinyurl.com/e-tonomy.;hal-03925679;Only in file2
https://doi.org/10.1002/ss.37119821703academic;hal-04132566;Only in file2
https://dx.doi.org/10.1145/1247480.1247574gene;hal-02435371;Only in file2
https://arxiv.org/abs/1603.09291v18.;hal-01926379;Only in file2
https://slanglab.cs.umass.edu/twitteraae/2019;hal-03905094;Only in file2
https://doi.org/10.1145/3019612.3019684cava;hal-03404580;Only in file2
https://doi.org/10.1016/j.biombioe.2012.09.059pagès;hal-02228974;Only in file2
https://w3.org/tr/sparql11-query/.sparqlrecommendation;hal-03404125;Only in file2
https://w3.org/community/kg-construct;hal-04201661;Only in file2
https://soilgrids.org/for;hal-03693593;Only in file2
https://github.com/rdnetwork/safe-lod-anonymizer8;hal-02444752;Only in file2
https://arxiv.org/abs/2209.02464.;lirmm-04320944;Only in file2
https://hal.inrae.fr/hal-04182535submitted;hal-04182535;Only in file2
https://sparql.proconsortium.org/virtuoso/sparql;hal-03301330;Only in file2
https://onlinelibrary.wiley.com/doi/abs/10.1002/cem.2440.eprint:https://onlinelibrary.wiley.com/doi/pdf/10.1002/cem.2440.jun-li;hal-03329674;Only in file2
https://sites.google.com/view/irse2023/homeforum;hal-04311401;Only in file2
https://doi.org/10.1145/3576915.3624363general;hal-04240432;Only in file2
https://oaei.ontologymatching.org/2;hal-03403125;Only in file2
https://openaccess.city.ac.uk/id/eprint/19289/.10;hal-03748134;Only in file2
https://postgresql.org/docs/current/row-estimation-examples.html;hal-03791272;Only in file2
https://doi.org/10.1002/cpe.3125.;lirmm-02949807;Only in file2
https://lemonde.fr/webservice/decodex/updatesyears;hal-03945733;Only in file2
https://inria.hal.science/hal-03811323submitted;hal-03811323;Only in file2
https://aclanthology.org/e09-1056/.102;hal-04353543;Only in file2
https://w3.org/community/odrl/3;hal-03065217;Only in file2
https://inria.hal.science/hal-02262908submitted;hal-02262908;Only in file2
https://microsoft.com/en-us/research/publication/collecting-telemetry-data-privately/.;hal-02406503;Only in file2
https://doi.org/10.1016/j.eja.2017.09.009ratnadass;hal-02228974;Only in file2
https://tpc.org/tpcc/results/tpcc_results5.asp.18;lirmm-03639381;Only in file2
https://inria.hal.science/hal-03599214submitted;hal-03599214;Only in file2
https://ai.googleblog.com/2017/04/federated-learning-collaborative.html.;hal-02406503;Only in file2
https://github.com/oguzcennet/odaradd;hal-04259861;Only in file2
https://doi.org/10.21105/joss.016676;hal-02293689;Only in file2
https://hal-lirmm.ccsd.cnrs.fr/lirmm-03793595submitted;lirmm-03793595;Only in file2
https://inria.hal.science/hal-01978784submitted;hal-01978784;Only in file2
https://doi.org/10.14778/2735508.2735512;hal-03897397;Only in file2
https://explore.recolnat.org/search/botanique/type=index8;hal-03415990;Only in file2
https://orcid.org/0000-0002-2161-9940references;hal-03965684;Only in file2
https://doi.org/10.1111/j.1461-0248.2005.00792.x4.;hal-03220977;Only in file2
https://inria.hal.science/hal-03087768submitted;hal-03087768;Only in file2
https://w3.org/tr/2017/wd-wot-architecture-20170914;emse-02070625;Only in file2
https://orcid.org/0000-0002-9345-3994https://orcid.org/0000-0001-5959-5561https://orcid.org/0000-0001-6610-0969https://orcid.org/0000-0003-1986-8435https://orcid.org/0000-0003-0543-1232https://orcid.org/0000-0002-0756-6934to;hal-03404572;Only in file2
https://doi.org/10.1145/3322640.33267311;hal-02381105;Only in file2
https://archive.ics.uci.edu/ml/index.php.;lirmm-03036868;Only in file2
https://doi.org/10.1038/s41587-019-0080-8;hal-03905184;Only in file2
https://inria.hal.science/hal-02406503v2submitted;hal-02406503;Only in file2
https://hydra-cg.com/spec/latest/core/6https://distrinet.cs.kuleuven.be/events/e4mas;emse-02070625;Only in file2
https://inaturalist.org/14.;hal-02873670;Only in file2
https://w3.org/tr/sparql11-query/6;hal-03021075;Only in file2
https://doi.org/10.5281/zenodo.395800012https://www.pgmusic.com/drums;hal-03256451;Only in file2
https://doi.org/10.48550/arxiv.1511.08458;hal-04322179;Only in file2
https://doi.org/10.1016/s0166-4115;hal-03369680;Only in file2
https://arxiv.org/abs/1303.0966.;hal-02269576;Only in file2
https://inria.hal.science/hal-02310236v2submitted;hal-02310236;Only in file2
https://ceur-ws.org/vol-1593/article-13.pdf48.;hal-04201661;Only in file2
https://goﬂow.ambientic.mobi/2;hal-03329908;Only in file2
https://dx.doi.org/10.1103/physrevlett.84.2529hassan;hal-02435371;Only in file2
https://github.com/ihtsdo/snomed-owl-toolkit.;hal-04351729;Only in file2
https://doi.org/10.1145/3511808.3557489decision;hal-03908363;Only in file2
https://doi.org/10.3233/jad-1507494.;hal-03100032;Only in file2
https://w3.org/tr/2004/rec-webarch-20041215;emse-02070625;Only in file2
https://libe.fr/balkanycentrafriquearevaafricaafricadbo:namef;hal-03945733;Only in file2
https://doi.org/10.1068/a45571arxiv:https://doi.org/10.1068/a45571;hal-03913497;Only in file2
https://geoservices.ign.fr13;hal-03415990;Only in file2
https://team.inria.fr/cedar/projects/abstra/q;hal-03945733;Only in file2
https://azurespeed.com/.;lirmm-01867717;Only in file2
https://doi.org/10.1145/3447548.34673601;lirmm-03359490;Only in file2
https://gitlab.inria.fr/bdeneu/high-resolution-cnn-sdm-and-interpretation.author;hal-03695760;Only in file2
https://doi.org/10.1145/3183713.3183739;hal-03516360;Only in file2
https://scikit-learn.org/stable/modules/generated/sklearn.preprocessing.minmaxscaler.html10.;hal-03066941;Only in file2
https://forbes.com/sites/howardhomonoff/2020/12/08/2020-political-ad-spending-exploded-did-it-work;hal-04129915;Only in file2
https://inria.hal.science/hal-02936130submitted;hal-02936130;Only in file2
https://aclanthology.org/n19-14234.;hal-04068708;Only in file2
https://oeg-dataintegration.github.io/10.;hal-04201661;Only in file2
https://doi.org/10.1007/s00224-009-9180-z;hal-03934389;Only in file2
https://onlinerandomtools.com/generate-random-data-from-regexp5;hal-03717860;Only in file2
https://escholarship.mcgill.ca/concern/theses/j9602115z.bret;hal-03114304;Only in file2
https://xmlns.com/foaf/spec/10;hal-03404580;Only in file2
https://connect-apps.ceh.ac.uk/targeting_revisits_grasshoppers/bjerge;hal-04405026;Only in file2
https://dx.doi.org/10.1007/978-3-662-46078-8_4517.;hal-03527888;Only in file2
https://doi.org/10.1109/dest.2011.5936597;hal-02060966;Only in file2
https://proceedings.mlr.press/v70/shrikumar17a.htmlthe;hal-04411802;Only in file2
https://plantnet.org/.;hal-02937618;Only in file2
https://tinyurl.com/yyen526u;hal-02145478;Only in file2
https://dbpedia.org/ontology/prefix;hal-02936193;Only in file2
https://emas2018.dibris.unige.it/images/papers/emas18-17.pdf;hal-02196903;Only in file2
https://doi.org/10.1038/s41598-020-69861-83vol.:;hal-02919190;Only in file2
https://doi.org/10.1145/1168149.1168152fonseca;hal-03404580;Only in file2
https://doi.org/13;hal-03379679;Only in file2
https://doi.org/10.1162/153244303321897717.;hal-03662183;Only in file2
https://hdfgroup.org/hdf5/.1997-2020.;lirmm-03144324;Only in file2
https://cordis.europa.eu/project/rcn/223634/factsheet/en;hal-02406503;Only in file2
https://w3.org/owl/tgdklife;hal-04353523;Only in file2
https://doi.org/10.1006/inco.1994.1092;lirmm-03833578;Only in file2
https://github.com/smaniu/treewidth;hal-03140067;Only in file2
https://inria.hal.science/hal-03811257submitted;hal-03811257;Only in file2
https://aemet.linkeddata.es/sparql19;hal-03619869;Only in file2
https://doi.org/10.1145/3308558.33134721;hal-02096714;Only in file2
https://doi.org/10.1016/s0304-0208;hal-03134596;Only in file2
https://dbpedia.org/property/prefix;hal-03082579;Only in file2
https://doi.acm.org/10.1145/3243734.3243821.;hal-02406503;Only in file2
https://youtu.be/wcvih4g3ffm.fang;hal-03332224;Only in file2
https://doi.org/10.1093/icesjms/fsn062.;hal-03228509;Only in file2
https://ciqual.anses.fr/11https://langual.org/langual;hal-04351729;Only in file2
https://premierinc.com/newsroom/education/premier-healthcare-database-whitepaper100;hal-03266004;Only in file2
https://doi.org/10.1016/j.;hal-03770578;Only in file2
https://pubs.acs.org/doi/abs/10.1021/ac00206a003.maxime;hal-03329674;Only in file2
https://dx.doi.org/10.1145/1150402.1150476mayuresh;hal-02435371;Only in file2
https://dx.doi.org/10.1016/j.tcs.2014.07.0329.;hal-04125922;Only in file2
https://doi.org/10.1109/icde51399.2021.00041;hal-03897397;Only in file2
https://doi.org/10.1093/jxb/erp345wang;hal-02228974;Only in file2
https://hal.inrae.fr/hal-03342381submitted;hal-03342381;Only in file2
https://doi.org/10.1007/bf01383878.;hal-02492780;Only in file2
https://doi.org/10.1038/s41598-020-69861-85vol.:;hal-02919190;Only in file2
https://inria.hal.science/hal-03100076submitted;hal-03100076;Only in file2
https://data.world/blog/understanding-null-values-a-research-partnership-with-the-university-of-edinburgh/.;hal-03934346;Only in file2
https://podmr.github.io/darql/property-sunburst/.;hal-02096714;Only in file2
https://hal.archives-ouvertes.fr/hal-0137378136.;hal-02945382;Only in file2
https://arxiv.org/abs/1909.03418.oded;hal-04377324;Only in file2
https://inria.hal.science/hal-03913497submitted;hal-03913497;Only in file2
https://doi.org/10.1016/j.biosystemseng.2020.05.010.;hal-03347926;Only in file2
https://usenix.org/conference/usenixsecurity17/technical-sessions/presentation/avent.;hal-02406503;Only in file2
https://covid19.i3s.unice.fr:8080/3;hal-03292172;Only in file2
https://jasonsigal.cc/portfolio/olos.;hal-03087778;Only in file2
https://hdl.handle.net/1842/10917.23;hal-03955911;Only in file2
https://arxiv.org/abs/2003.14053.;hal-03110739;Only in file2
https://doi.org/10.1145/3308560.3317073.;hal-03135088;Only in file2
https://sourceforge.net/projects/bizartifact;hal-02970761;Only in file2
https://orcid.org/0000-0002-0044-2322in;hal-04043460;Only in file2
https://connectionstudio.inria.fr/.2;hal-04185938;Only in file2
https://sciencedirect.com/science/article/pii/0378873383900217.;hal-02376961;Only in file2
https://doi.org/10.1177/1470785318771451;hal-04014977;Only in file2
https://arxiv.org/abs/1808.07576.116;hal-02406503;Only in file2
https://dgraux.github.io/lov-es/with;hal-03765857;Only in file2
https://her-barium.bio.fsu.edu;hal-02137748;Only in file2
https://faredge.eu/.;hal-03654722;Only in file2
https://dl.acm.org/doi/abs/10.5555/1558109.1558129.9;hal-04358408;Only in file2
https://geneontology.org/stats.html;hal-03516360;Only in file2
https://programmableweb.com/news/research-shows-interest-providing-apis-still-high/research/2018/02/23;emse-02070625;Only in file2
https://hal.univ-lille.fr/hal-04311598submitted;hal-04311598;Only in file2
https://doi.org/10.1214/aos/1176344136.;hal-03662183;Only in file2
https://ibm.com/netherlands.sgy;lirmm-03324881;Only in file2
https://bioportal.bioontology.org/.;hal-03662183;Only in file2
https://doi.org/10.1093/aob/mcu098gliessman;hal-02228974;Only in file2
https://arxiv.org/abs/1905.12744.;hal-02406503;Only in file2
https://doi.org/10.1145/318242.;hal-03150701;Only in file2
https://doi.org/10.1098/rstb.1977.0140monzon;hal-02228974;Only in file2
https://gitlab.inria.fr/ydauxais/gdc-pbc.;hal-03090211;Only in file2
https://fsa.usda.gov2https://geoservices.ign.fr3https://osr-cesbio.ups-tlse.fr/~oso/posts/2017-03-30-map-s2-2016/frontiers;hal-03695760;Only in file2
https://doi.org/10.1007/978-3-031-19433-7;hal-04351729;Only in file2
https://globalnews.ca/news/3976740/trump-contradicted-first-year;hal-02895316;Only in file2
https://github.com/philippschlehubercaissier/wspot.in;hal-04344167;Only in file2
https://techempower.com/benchmarks;hal-02289497;Only in file2
https://iacademc.oup.com/insililcopants/advance-artice-abstract/ldoi/.101093/insilili/copants/dz0075519776byguestfor;hal-02253260;Only in file2
https://doi.org/10.1145/3232676;hal-04014977;Only in file2
https://inria.hal.science/hal-03197376v3submitted;hal-03197376;Only in file2
https://rd-alliance.org/6.;hal-03969275;Only in file2
https://doi.org/10.1109/cluster49012.2020.00028;hal-04157720;Only in file2
https://inria.hal.science/hal-03469487submitted;hal-03469487;Only in file2
https://identifiers.org/biomodels.db/biomd0000000309;hal-04125922;Only in file2
https://cloud.google.com/speech-to-text/string;hal-02166434;Only in file2
https://arxiv.org/abs/2104.074114.;hal-04255500;Only in file2
https://d2rq.org/d2rq-language37.;hal-04201661;Only in file2
https://doi.org/10.1145/2588555.2610527;hal-03897397;Only in file2
https://theory.cs.princeton.edu/complexity/book.pdf.sanjeev;hal-04377324;Only in file2
https://github.com/yikeliu/vog-overlap14;hal-01925496;Only in file2
https://openknowledge.worldbank.org/bitstream/handle/10986/7441/344100paper0me101official0use0only1.pdf;hal-03140409;Only in file2
https://github.com/aliayadi/bno-ontology-version-1.0sciencedirectavailable;hal-02317227;Only in file2
https://github.com/ticktac-project/tchecker2;hal-04344167;Only in file2
https://w3id.org/kg-construct/costdkg-eswc-tutorial;hal-04201661;Only in file2
https://doi.org/10.5281/zenodo.3833753license.28;hal-02939363;Only in file2
https://github.com/deezer/deezer_mood_detection_dataset20depiction;hal-03133188;Only in file2
https://doi.org/10.1007/978-3-030-00671-6_1;hal-02066041;Only in file2
https://arxiv.org/abs/https://www.tandfonline.com/doi/pdf/10.1080/01621459.1937.10503522.;hal-04014977;Only in file2
https://frama.link/hbdkm7ep.;hal-02060966;Only in file2
https://data.nasa.gov/.;hal-03320929;Only in file2
https://inria.hal.science/hal-02468778submitted;hal-02468778;Only in file2
https://doi.org/10.1038/s41598-023-46925-z9vol.:;hal-04320566;Only in file2
https://inria.hal.science/hal-03807530submitted;hal-03807530;Only in file2
https://doi.org/10.1145/1806689.1806772;hal-04278100;Only in file2
https://doi.acm.org/10.1145/1620585.162059110.;hal-03329908;Only in file2
https://w3.org/tr/prov-dm/.;lirmm-02127456;Only in file2
https://paradigm4.com/.;hal-02070827;Only in file2
https://hal.archives-ouvertes.fr/hal-0183962621.;hal-03807744;Only in file2
https://doi.org/10.1023/a:1009726021843;lirmm-04277973;Only in file2
https://premierinc.com/newsroom/education/premier-healthcare-database-whitepaper;hal-03066941;Only in file2
https://github.com/microsoft/biosbias7https://mmlab.ie.cuhk.edu.hk/projects/celeba.html;hal-03905094;Only in file2
https://doi.org/10.34133/plantphenomics.011210downloaded;hal-04322179;Only in file2
https://inria.hal.science/hal-02355115v2submitted;hal-02355115;Only in file2
https://doi.org/10.1109/hpsr.2004.130350718.;hal-03266462;Only in file2
https://worldfishcenter.org/content/small-scale-capture-fisheries-global-overview-emphasis-developing-countries-preliminary;hal-03228509;Only in file2
https://hal.archives-ouvertes.fr/hal-00977812;hal-03710323;Only in file2
https://ceur-ws.org/vol-1933/paper-3.pdf.;hal-03889780;Only in file2
https://politi.co/3iknhrg.;hal-03916393;Only in file2
https://inria.hal.science/hal-03686098submitted;hal-03686098;Only in file2
https://doi.org/10.2760/757183oecd;hal-04405026;Only in file2
https://tagesschau.de/inland/twitter-juedische-allgemeine-101.html;hal-03189474;Only in file2
https://ec.europa.eu/info/law/law-topic/data-protection/data-protection-eu;hal-03845144;Only in file2
https://inria.hal.science/hal-03100039submitted;hal-03100039;Only in file2
https://sciencedirect.com/science/article/pii/s0164121215000692;hal-03097047;Only in file2
https://doi.org/10.1007/s11104-013-1921-8escobar-gutiérrez;hal-02228974;Only in file2
https://purl.obolibrary.org/obo/pr_a0a0b4k7j2;lirmm-02945170;Only in file2
https://doi.org/10.1145/2939672.2945397.;hal-02406503;Only in file2
https://doi.org/10.1111/wre.12112colbach;hal-02228974;Only in file2
https://qwamci.com/6;hal-02860659;Only in file2
https://tensorflow.org/federated.;hal-02406503;Only in file2
https://demo-lia.univ-avignon.fr/voiceprivacy/instructions12;hal-03332224;Only in file2
https://doi.org/10.1007/s00530-015-0462-9joly;hal-03338811;Only in file2
https://inria.hal.science/hal-04353523submitted;hal-04353523;Only in file2
https://doi.org/10.1145/3531130.35333691;lirmm-03833578;Only in file2
https://inria.hal.science/hal-02950994submitted;hal-02950994;Only in file2
https://inria.hal.science/hal-03004218submitted;hal-03004218;Only in file2
https://w3.org/tr/swbp-specified-values/agro-meteorological;hal-04230234;Only in file2
https://inria.hal.science/hal-04152998submitted;hal-04152998;Only in file2
https://inria.hal.science/hal-03536381submitted;hal-03536381;Only in file2
https://doi.acm.org/10.1145/1101149.110125540.;hal-03812106;Only in file2
https://inria.hal.science/hal-03881631submitted;hal-03881631;Only in file2
https://doi.org/10.1007/s13593-017-0418-xbaumann;hal-02228974;Only in file2
https://gitlab.com/tomaye/abstrct3;hal-03264761;Only in file2
https://github.com/halliwelln/prototype-explanations/figure;hal-03591012;Only in file2
https://doi.org/10.1145/3576840.35783301;hal-04152998;Only in file2
https://w3.org/tr/vocab-ssn-ext;hal-03662183;Only in file2
https://doi.acm.org/10.1145/3132747.3132769.;hal-02406503;Only in file2
https://doi.org/10.1007/s10472-012-9288-8.;hal-03801032;Only in file2
https://doi.org/10.1109/vr50410.2021.00085.doi:10.1109/vr50410.2021.00085.;hal-03369680;Only in file2
https://eur-lex.europa.eu/legal-content/en/txt/html;hal-01949641;Only in file2
https://doi.org/10.1109/urc49805.2020.9099191;hal-04132566;Only in file2
https://dbpedia.org/2;hal-04353543;Only in file2
https://preflib.org/data/combinatorial/trip/.wang;hal-02310236;Only in file2
https://lemonde.fr/planete/article/2020/12/19/petites-ficelles-et-grandes-man-uvres-de-l-industrie-du-tabac-pour-rehabiliter-la-nicotine_6063922_3244.html;hal-03337765;Only in file2
https://stacks.stanford.edu/file/druid:df650pk4327/2015archiving_iiif.pdfsoltis;hal-03871553;Only in file2
https://aaai.org/library/kr/2006/kr06-009.;hal-03934420;Only in file2
https://hal.inria.fr/hal-03527888.;hal-03536045;Only in file2
https://inria.hal.science/hal-01959143submitted;hal-01959143;Only in file2
https://gitlab.irstea.fr/copain/frenchcropusage.;hal-04289970;Only in file2
https://inria.hal.science/hal-04110779submitted;hal-04110779;Only in file2
https://doi.org/10.1016/j.fishres.2016.01.007.;hal-03228509;Only in file2
https://homepages.inf.ed.ac.uk/opb/papers/inv.pdf;hal-03514297;Only in file2
https://doi.org/10.1146/annurev-ecolsys-110617-062535rives;hal-03871553;Only in file2
https://ceur-ws.org/vol-2600/paper14.pdf.100;hal-04353543;Only in file2
https://github.com/frmichel/morph-xr2rml/blob/master/morph-xr2rml-dist/example;hal-01926379;Only in file2
https://doi.org/10.1145/1273221.1273222;hal-04228304;Only in file2
https://bioportal.bioontology.org/ontologies/icd102atc:;hal-03096846;Only in file2
https://doi.org/10.14778/3415478.34155161.introductionbig;hal-03150404;Only in file2
https://hal-lirmm.ccsd.cnrs.fr/lirmm-03227618submitted;lirmm-03227618;Only in file2
https://ftc.gov/business-guidance/blog/2019/11/youtube-channel-owners-your-content-directed-children;hal-04311598;Only in file2
https://doi.org/10.1145/3297280.32975731;hal-02020829;Only in file2
https://flink.apache.org.;lirmm-03468587;Only in file2
https://cop4n2k.eu;hal-04405026;Only in file2
https://wikia.com/28https://github.com/dwslab/melt/tree/master/examples/kgevalcli;hal-04351729;Only in file2
https://doi.org/10.1109/mcg.2015.13717.;hal-03084671;Only in file2
https://wikitimeline.github.io/.2;hal-03516420;Only in file2
https://doi.org/10.1145/2993318.2993338.doi:10.1145/2993318.2993338.;hal-03765857;Only in file2
https://ceur-ws.org/vol-2399/paper08.pdf;hal-03140067;Only in file2
https://doi.org/10.4230/lipics.icdt.2022.1924.;hal-03527888;Only in file2
https://w3.org/tr/2020/rec-vocab-dcat-2-20200204/.;hal-04171196;Only in file2
https://doi.org/10.1016/s2095-3119;hal-02228974;Only in file2
https://fwf.ac.at/en/research-funding/open-access-policy/research-data-management/.david;hal-02483307;Only in file2
https://vocab.org/frbr/core.;hal-03889968;Only in file2
https://inria.hal.science/hal-03897397submitted;hal-03897397;Only in file2
https://w3.org/tr/2014/rec-rdf-syntax-grammar-20140225/.78;hal-04358408;Only in file2
https://support.google.com/google-ads/answer/1704368;hal-04311598;Only in file2
https://doi.org/10.1145/3543873.35873571;hal-04230234;Only in file2
https://hal.inria.fr/hal-01851538/file/p976-senellart.pdf;hal-03514297;Only in file2
https://inria.hal.science/hal-03084627submitted;hal-03084627;Only in file2
https://hal-lirmm.ccsd.cnrs.fr/lirmm-01867717submitted;lirmm-01867717;Only in file2
https://dgl.ai/10;hal-04353543;Only in file2
https://inria.hal.science/hal-02932095submitted;hal-02932095;Only in file2
https://doi.org/10.4230/lipics.concur.2016.13;lirmm-03833578;Only in file2
https://sake.re/20200623-dola.;hal-03426130;Only in file2
https://doi.org/10.1145/3576915.3623172keywordsyoutube;hal-04311598;Only in file2
https://huggingface.co/transformers/model;hal-03417019;Only in file2
https://theconversation.com/les-ia-comprennent-elles-ce-quelles-font-...fermerl;hal-03135131;Only in file2
https://deepcode.ai/8;hal-03190617;Only in file2
https://inria.hal.science/hal-01706665v2submitted;hal-01706665;Only in file2
https://doi.org/10.1016/b978-155860869-6/50114-1;hal-03886320;Only in file2
https://doi.org/10.14778/3415478.3415516query;hal-03150404;Only in file2
https://inria.hal.science/hal-03807461v2submitted;hal-03807461;Only in file2
https://orcid.org/0000-0002-2828-4389benjamin;hal-02937618;Only in file2
https://doi.org/10.1145/3038912.305269647.;hal-03329908;Only in file2
https://dublincore.org/specifications/dublin-core/dcmi-terms/8;hal-03807744;Only in file2
https://doi.org/10.1186/s12911-018-0677-8;hal-03160473;Only in file2
https://arxiv.org/abs/1709.02753.;hal-02406503;Only in file2
https://inria.hal.science/hal-04366893submitted;hal-04366893;Only in file2
https://observablehq.com/@amirlad;lirmm-02945172;Only in file2
https://doi.org/10.1111/nph.13416zhu;hal-02228974;Only in file2
https://dx.doi.org/10.1145/1367497.1367591jin;hal-02435371;Only in file2
https://iana.org/assignments/media-types/21the;hal-02060966;Only in file2
https://creativecommons.org/licenses/by/4.0;hal-03601464;Only in file2
https://doi.org/10.1007/s11257-019-09218-7;hal-04132566;Only in file2
https://doi.org/10.1109/csf.2019.00009;lirmm-03833578;Only in file2
https://jena.apache.org/5;hal-03500647;Only in file2
https://doi.org/10.1016/j.is.2021.101846;hal-04110779;Only in file2
https://doi.org/10.1145/3486622.3494025.amount;hal-03519365;Only in file2
https://eprint.iacr.org/2022/793.;hal-03904200;Only in file2
https://hal.inrae.fr/hal-04345437submitted;hal-04345437;Only in file2
https://inria.hal.science/hal-03692175submitted;hal-03692175;Only in file2
https://doi.org/10.5281/zenodo.11173723refer;hal-01945345;Only in file2
https://openresearchsoftware.metajnl.com/articles/10.5334/jors.ayjournal;hal-04157720;Only in file2
https://ceur-ws.org/vol-996/papers/ldow2013-paper-03.pdf30.;hal-03135088;Only in file2
https://glaros.dtc.umn.edu/gkhome/metis/metis/overview23;hal-01925496;Only in file2
https://webassembly.org/7;hal-03812972;Only in file2
https://cambridge.org/core.;hal-03342381;Only in file2
https://github.com/omarfoq/fedem.other;hal-03406994;Only in file2
https://spark.apache.org/.;lirmm-03359490;Only in file2
https://users.dimi.uniud.it/~massimo.franceschet/xpathmark/ptbench.html.;hal-03134596;Only in file2
https://kaggle.com/datasets;hal-04157720;Only in file2
https://github.com/hadad-paper/hadad_sigmod2021.;hal-03347677;Only in file2
https://inria.hal.science/hal-02947251submitted;hal-02947251;Only in file2
https://eprint.iacr.org/2019/131.;hal-02406503;Only in file2
https://proceedings.mlr.press/v139/acar21a.html.;hal-03406994;Only in file2
https://hal-lirmm.ccsd.cnrs.fr/lirmm-02127456submitted;lirmm-02127456;Only in file2
https://swirlds.com/downloads/swirlds-tr-2016-01.pdf5.;hal-03112715;Only in file2
https://github.com/mpariente/asteroidabstractthis;hal-02962964;Only in file2
https://phenome-emphasis.fr/phenomeeng/21.original;hal-03189130;Only in file2
https://iacademc.oup.com/insilill///copants/artice41dac0056570881by/iiinraavgnonuseron02june2022;hal-03686060;Only in file2
https://inria.hal.science/hal-03941879submitted;hal-03941879;Only in file2
https://google.com/2https://www.bing.com/3https://duckduckgo.com/4https://www.startpage.com5https://www.qwant.com/table;hal-04228304;Only in file2
https://enisa.2021;hal-04092216;Only in file2
https://inria.hal.science/hal-02371221submitted;hal-02371221;Only in file2
https://doi.org/10.1145/3318464.33805671;hal-01673025;Only in file2
https://ceur-ws.org/ceedings;hal-04353523;Only in file2
https://doi.org/10.21105/joss.016673;hal-02293689;Only in file2
https://aaai.org/ocs/index.php/aaai/aaai18/paper/view/16927;lirmm-04305787;Only in file2
https://waze.com3;hal-03329908;Only in file2
https://aclweb.org/anthology/p11-1015.matheron;hal-03256451;Only in file2
https://inria.hal.science/hal-04322179submitted;hal-04322179;Only in file2
https://doi.org/10.1145/2723372.2742796.;hal-02492780;Only in file2
https://dit.unitn.it/~pavel/om2018/papers/oaei18_paper0.pdfbalasubramani;hal-02984949;Only in file2
https://getpostman.com/collections/c509a6299e357ff4aff028the;hal-02289497;Only in file2
https://tel.archives-ouvertes.fr/tel-01935719.nathan;hal-03114304;Only in file2
https://r-project.org/.reiss;hal-03358998;Only in file2
https://arxiv.org/abs/2010.12082.robert;hal-04377324;Only in file2
https://doi.org/10.1088/1748-9326/acadf3paperpl@ntnet;hal-03965684;Only in file2
https://gitlab.inria.fr/jestopin/sen2patch.global;hal-03693593;Only in file2
https://doi.org/10.1016/j.csda.2010.03.010;hal-04014977;Only in file2
https://inria.hal.science/hal-04138880submitted;hal-04138880;Only in file2
https://doi.org/10.1016/j.fcr.2009.09.006knörzer;hal-02228974;Only in file2
https://inventaire.hautsdefrance.fr/dossier/usine-de-mecanique-de-precision-mopco-puis-bull-puis-usine-de-cosmetiques-soprocos/87af9d37-3d6e-4af3-b5e2-14b45e784ffa;hal-02613465;Only in file2
https://inria.hal.science/hal-03104155submitted;hal-03104155;Only in file2
https://doi.org/10.1002/9780470611876.ch3;hal-02064075;Only in file2
https://npmjs.com/package/@grame/libfaust6https://github.com/grame-cncm/faust7https://github.com/emscripten-core/emscripten/issues/11792;hal-03812938;Only in file2
https://doi.org/10.34133/plantphenomics.01127downloaded;hal-04322179;Only in file2
https://doi.org/received:accepted:published:publisher;hal-03384058;Only in file2
https://doi.org/10.1109/vr50410.2021.00046;hal-04102737;Only in file2
https://doi.org/10.1016/j.eja.2018.04.007keddy;hal-02228974;Only in file2
https://doi.org/10.5281/zenodo.4455857botella;hal-03150701;Only in file2
https://elzeard.co.nous;hal-03889780;Only in file2
https://doi.org/10.1177/1094342019877383;hal-03510012;Only in file2
https://stiinnsbruck.github.io/lkgt;hal-04201661;Only in file2
https://doi.org/10.1111/2041-210x.13075;hal-03871553;Only in file2
https://doi.org/10.1145/3557992.3565994localrec;hal-03913497;Only in file2
https://doi.org/0000001.00000011;hal-02096764;Only in file2
https://doi.org/10.1016/j.fcr.2010.07.012brisson;hal-02228974;Only in file2
https://adanalyst.mpi-sws.org/.;hal-03916393;Only in file2
https://github.com/openalea-incubator/astk.git;hal-03358998;Only in file2
https://gitlab.inria.fr/cedar/statstical_mentions.;hal-03791175;Only in file2
https://github.com/micbuffa/wasabidataset22.2;hal-03748134;Only in file2
https://cs.umd.edu/users/gasarch/topics/pcp/as.pdf.sanjeev;hal-04377324;Only in file2
https://doi.org/10.1109/isvlsi.2006.189.;lirmm-03822964;Only in file2
https://doi.org/10.1093/jamia/ocaa117pietriga;hal-03404580;Only in file2
https://hal-lirmm.ccsd.cnrs.fr/lirmm-04264125submitted;lirmm-04264125;Only in file2
https://doi.org/10.1186/s13326-017-0166-5.;hal-04366893;Only in file2
https://huggingface.co/dbmdz/bert-base-italian-cased2https://github.com/aollagnier/cyberagressionado-v1;hal-04037120;Only in file2
https://hal.archives-ouvertes.fr/hal-0162919127.;hal-03415990;Only in file2
https://inria.hal.science/hal-04388974submitted;hal-04388974;Only in file2
https://inria.hal.science/hal-03405769submitted;hal-03405769;Only in file2
https://fauconnier.github.io.;hal-04346759;Only in file2
https://doi.org/10.15497/rda00069.;hal-04366893;Only in file2
https://github.com/mozilla-services/shavar-prod-lists/blob/master/disconnect-entitylist.json;hal-04228304;Only in file2
https://arxiv.org/abs/1802.09386.100;hal-02406503;Only in file2
https://gitlab.inria.fr/e2clab/paper-artifacts;hal-04157720;Only in file2
https://gitlab.com/ssvitor/dataflow_analyzer/tree/master/applications/dfanalyzer/dfa;lirmm-02949807;Only in file2
https://doi.org/10.1145/3287560.3287574the;hal-02277678;Only in file2
https://github.com/patrickzib/sfa6https://github.com/titu1994/mlstm-fcn7https://scikit-learn.org/stable/8https://xgboost.readthedocs.io/en/latest/python/seismometersgps35.397.935.597.854.698.963.699.59https://github.com/hyperopt/hyperopt;hal-02373429;Only in file2
https://doi.org/10.1109/re.2016.12;hal-03138755;Only in file2
https://hal.inria.fr/hal-038129483.;hal-04233343;Only in file2
https://doi.org/10.48550/arxiv.2207.07048.59.;hal-03769993;Only in file2
https://doi.org/10.1073/pnas.2002545117hussein;hal-03871553;Only in file2
https://gitlab.inria.fr/tguyet/pychronicles;hal-02422796;Only in file2
https://simplon.co;hal-02145478;Only in file2
https://bitbucket.org/rtaylor/pylbfgs/src/master;hal-03066941;Only in file2
https://empatica.com/en-eu/research/e4/7https://shimmersensing.com/product/shimmer3-gsr-unit/8https://www.vive.com/eu/accessory/wireless-adapter;hal-04102737;Only in file2
https://drive.google.com/file/d/1ghlf5cshk8oa7pzk4dwa3rtk35knibne/view;lirmm-03036910;Only in file2
https://doi.org/10.1145/1082469.1082470.jelasity;hal-03905085;Only in file2
https://github.com/orange-opensource/smassif-rml83.;hal-04201661;Only in file2
https://doi.org/10.1038/3091817;hal-03112715;Only in file2
https://doi.org/10.1002/cpe.3616.;lirmm-02949807;Only in file2
https://bitbucket.org/smaniu/graph-provenance/src/master/.pour;hal-03103509;Only in file2
https://propaganda.qcri.org/nlp4if-shared-task/propaganda;hal-03314797;Only in file2
https://doi.org/10.2501/ijmr-2017-039judy;hal-03934346;Only in file2
https://granddebat.fr/pages/syntheses-du-grand-debat12.;hal-02860659;Only in file2
https://doi.org/10.1145/3487553.3524225ccs;hal-03951799;Only in file2
https://hal.inrae.fr/hal-02945382submitted;hal-02945382;Only in file2
https://github.com/kevinmusgrave/pytorch-metric-learning2;hal-03100076;Only in file2
https://fipa.org/specs/fipa00084/sc00084f.html.;emse-02070625;Only in file2
https://hal-lirmm.ccsd.cnrs.fr/lirmm-03324873submitted;lirmm-03324873;Only in file2
https://segger.com/.15;hal-04148587;Only in file2
https://fromthepage.com;hal-02573627;Only in file2
https://w3.org/rdf/4https://docs.microsoft.com/en-us/windows/desktop/winrm/uri-prefixes5https://www.w3.org/tr/rdf-sparql-query/6https://lod-cloud.net/7https://linkeddata.org/8https://wiki.dbpedia.org/9https://www.w3.org/tr/owl-ref/consecutive;hal-02319638;Only in file2
https://eprint.iacr.org/2020/029https://eprint.iacr.org/2020/029.;hal-03904200;Only in file2
https://ipsec.pl/files/ipsec/archiwum/pkcs-7.pdf.;hal-03138769;Only in file2
https://arxiv.org/abs/1812.06127.;hal-02406503;Only in file2
https://hal.inrae.fr/hal-04263001submitted;hal-04263001;Only in file2
https://support.google.com/google-ads/answer/9744275;hal-04228304;Only in file2
https://doi.org/10.1093/insilicoplants/diac005advance;hal-03686060;Only in file2
https://segger.com/products/debug-probes/j-trace/.303132;hal-04148587;Only in file2
https://doi.org/10.1214/15-aoas81329.;hal-03220977;Only in file2
https://startpage.com/en/privacy-policy;hal-04228304;Only in file2
https://proceedings.mlr.press/v139/fey21a.htmlser.;hal-04041691;Only in file2
https://w3.org/tr/2014/rec-vocab-data-cube-20140116/.11.;hal-03619869;Only in file2
https://doi.org/10.7287/peerj.preprints.27934v1.;hal-03347926;Only in file2
https://w3.org/tr/2021/rec-xslt20-20210330/.;hal-03937274;Only in file2
https://doi.org/10.1016/s0022-0000;hal-03937274;Only in file2
https://doi.org/10.15454/1.5573932732039927e12;hal-04040702;Only in file2
https://christophm.github.io/interpretable-ml-book.peharz;hal-03147623;Only in file2
https://doi.org/10.3390/s21020343botella;hal-04405026;Only in file2
https://data.gouv.fr/fr/datasets/base-sirene-des-entreprises-et-de-leurs-etablissements-siren-siret;hal-02319539;Only in file2
https://docker.com6https://github.com/frmichel/sparql-micro-service/tree/0.3.1/sµ;hal-02060966;Only in file2
https://doi.org/10.1145/3452021.34588151;hal-03381199;Only in file2
https://api.semanticscholar.org/graph/v14https://www.aclweb.org/anthology;hal-03648498;Only in file2
https://doi.org/10.1007/978-3-642-17364-6;hal-03934389;Only in file2
https://drops.dagstuhl.de/opus/volltexte/2021/1371229.;hal-03527888;Only in file2
https://oaei.ontologymatching.org;hal-02348004;Only in file2
https://inria.hal.science/hal-03454183submitted;hal-03454183;Only in file2
https://gitlab.com/tomaye/abstrct8in;hal-03264761;Only in file2
https://doi.org/10.1088/1475-4878/33/3/30147.;hal-03135088;Only in file2
https://acm.org/binaries/content/17assets/public-policy/2017_usacm_statement_algorithms.pdf.loy;hal-03189474;Only in file2
https://ceur-ws.org/vol-1014/paper_63.pdf.84;hal-04353523;Only in file2
https://inria.hal.science/hal-03580286v3submitted;hal-03580286;Only in file2
https://github.com/uffescience/scicumulus/.;hal-03418836;Only in file2
https://doi.org/10.1007/978-3-030-57855-8_2;hal-03519365;Only in file2
https://regulatorycircuits-lod.genouest.org.set;hal-03602177;Only in file2
https://inria.hal.science/hal-02915414submitted;hal-02915414;Only in file2
https://doi.org/10.1016/j.agwat.2010.08.021garcia-barrios;hal-02228974;Only in file2
https://aws.amazon.com/greengrass/.;hal-03510012;Only in file2
https://inria.hal.science/hal-03405745submitted;hal-03405745;Only in file2
https://hal.umontpellier.fr/hal-02345644submitted;hal-02345644;Only in file2
https://cse.ust.hk/graphgen/6from;hal-02435371;Only in file2
https://doi.org/10.1007/978-3-319-08867-9_1412.;hal-02532706;Only in file2
https://gdpr-info.eu/.;hal-02066516;Only in file2
https://doi.org/10.1016/j.websem.2018.08.00370.;hal-04201661;Only in file2
https://hal.inrae.fr/hal-02909794submitted;hal-02909794;Only in file2
https://gitlab.inria.fr/hayats/connor4https://jena.apache.org/26;hal-04246864;Only in file2
https://aoir.org/reports/ethics2.pdf.656664;hal-03189474;Only in file2
https://imt-mines-ales.hal.science/hal-03762964submitted;hal-03762964;Only in file2
https://github.com/jjery2243542/adaptive_voice_conversion;hal-02355115;Only in file2
https://arxiv.org/abs/1910.06403and;hal-03310540;Only in file2
https://wiki.loliot.net/docs/lang/python/libraries/yolov4/python-yolov4-about;hal-03710323;Only in file2
https://doi.org/10.1109/aiccsa47632.2019.9035228.;hal-04014977;Only in file2
https://doi.org/10.48550/arxiv.2111.01562.29.;hal-03769993;Only in file2
https://doi.org/10.5281/zenodo.7032574pollock;hal-03871553;Only in file2
https://doi.acm.org/10.1145/284508021.;hal-03329908;Only in file2
https://sms.i3s.unice.fr/sparql-ms/flickr/getphotosbytaxon_sd/shapesgraphexactly;hal-02060966;Only in file2
https://github.com/eleutherai/gpt-neo3;hal-04269089;Only in file2
https://gqlstandards.org/5;hal-02138771;Only in file2
https://doi.org/10.1109/issnip.2007.44968597.;hal-03641389;Only in file2
https://journees-recherche-porcine.com/texte/2020/bienetre/b04.pdf.;hal-03347926;Only in file2
https://doi.org/10.14778/3291264.proc.;hal-03897397;Only in file2
https://florilege.arcad-project.org/fr/crb/coffea;hal-04182535;Only in file2
https://doi.org/10.1038/s41597-023-02642-w5www.nature.com/scientificdatawww.nature.com/scientificdata;hal-04386951;Only in file2
https://doi.org/10.26028/cybium/2012-361-016.;hal-03228509;Only in file2
https://doi.acm.org/10.1145/781027.781075seshan;hal-03266462;Only in file2
https://doi.org/10.1016/j.agee.2017.02.019dunbabin;hal-02228974;Only in file2
https://gitlab.inria.fr/moex/lazylav.;hal-04351111;Only in file2
https://doi.org/10.1145/767193.117;hal-02532706;Only in file2
https://pubmed.ncbi.nlm.nih.gov/3https://www.nlm.nih.gov/medline/medlineoverview.htmlproceedingsofthethirty-firstinternationaljointconferenceonartiﬁcialintelligence;hal-03811323;Only in file2
https://arxiv.org/abs/2009.08634.guy;hal-04377324;Only in file2
https://doi.org/10.3732/ajb.1700281soltis;hal-03871553;Only in file2
https://github.com/frmichel/taxref-ld.the;hal-04289970;Only in file2
https://github.com/paddlepaddle/paddlefl.;hal-02406503;Only in file2
https://orcid.org/0000-0003-3248-1497https://orcid.org/0000-0002-2777-0027https://orcid.org/0000-0001-9743-1779https://orcid.org/0000-0003-0133-3491d1see;hal-03726234;Only in file2
https://abcjs.net/12;hal-03812972;Only in file2
https://inria.hal.science/hal-02293688v2submitted;hal-02293688;Only in file2
https://gitlab.inria.fr/rules/integraal;lirmm-04305787;Only in file2
https://github.com/interactions-hsg/leubot26https://developers.meethue.com/develop/get-started-2;hal-02289497;Only in file2
https://w3.org/tr/2013/rec-sparql11-query-20130321.23.;hal-03118422;Only in file2
https://doi.org/10.1016/j.ecolmodel.2006.05.021plos;hal-03220977;Only in file2
https://sake.re/20201001-dola.1986;hal-03426130;Only in file2
https://doi.org/10.1371/journal.pone.0187906;hal-02639237;Only in file2
https://w3.org/tr/owl-ref/29.;hal-04201661;Only in file2
https://db.uwaterloo.ca/~galuc/wsdbm/productcategory0:807;hal-02530206;Only in file2
https://cs.ox.ac.uk/isg/ontologies/10https://doi.org/10.5281/zenodo.18578;hal-04212112;Only in file2
https://who.int/news-room/fact-sheets/detail/deafness-and-hearing-loss19.;hal-04233343;Only in file2
https://github.com/grame-cncm/faustlibraries/blob/master/maxmsp.lib;hal-03812938;Only in file2
https://sdss3.org/dr8/servers:;hal-02274497;Only in file2
https://mpi-2019.;hal-01673025;Only in file2
https://doi.org/10.1002/047009150946.;hal-03135088;Only in file2
https://gqlstandards.org//.;hal-02435371;Only in file2
https://hal.archives-ouvertes.fr/hal-01591145.dourmad;hal-03699447;Only in file2
https://theschooloflife.com/article/the-importance-of-maslows-pyramid-of-needs;hal-03811274;Only in file2
https://github.com/gbosetti/web-ancillary-search3https://www.youtube.com/playlist;hal-03811257;Only in file2
https://hal.archives-ouvertes.fr/hal-0074677214.;hal-03135088;Only in file2
https://hal.inria.fr/hal-015839755.;hal-03021075;Only in file2
https://doi.org/10.1145/2660267.2660348.a.;hal-03266004;Only in file2
https://ns.inria.fr/l4lod/v2/l4lod_v2.html8;hal-03065217;Only in file2
https://inria.hal.science/hal-03084606submitted;hal-03084606;Only in file2
https://usdb.animux.de/6;hal-03812106;Only in file2
https://sites.google.com/view/nlp4musa2;hal-03279850;Only in file2
https://w3.org/tr/void/27;hal-02939363;Only in file2
https://inria.hal.science/hal-03633526submitted;hal-03633526;Only in file2
https://doi.org/10.2200/s00334ed1v01y201102wbe001michel;hal-03373536;Only in file2
https://doi.org/10.1016/0925-7721;hal-04278100;Only in file2
https://doi.org/10.1104/pp.111.175331holmgren;hal-02228974;Only in file2
https://w3id.org/9;hal-04201661;Only in file2
https://doi.org/10.23919/fruct.2018.85880692.;hal-03601145;Only in file2
https://doi.org/10.1111/1365-2435.12496bucksch;hal-02228974;Only in file2
https://dx.doi.org/10.1109/tkde.2012.72melanie;hal-02066516;Only in file2
https://hal.inrae.fr/hal-03791428submitted;hal-03791428;Only in file2
https://doi.org/10.1093/aobpla/plu006barillot;hal-02228974;Only in file2
https://inria.hal.science/hal-02947265submitted;hal-02947265;Only in file2
https://grid5000.fr/w/grenoble:hardware;hal-04157720;Only in file2
https://doi.org/10.1049/iet-its.2018.5284;hal-04205128;Only in file2
https://doi.org/10.1038/s41598-020-69861-812vol:.;hal-02919190;Only in file2
https://idris.fr/annonces/annonce-jean-zay-eng.htmlthey;hal-03693593;Only in file2
https://hal.inria.fr/hal-021213897.;hal-03021075;Only in file2
https://relweb.cs.aau.dk/rdfev123456789101112131415161718192021222324252627282930313233343536373839404142434445464748495051123456789101112131415161718192021222324252627282930313233343536373839404142434445464748495051;hal-03500522;Only in file2
https://doi.org/10.1145/3297280.3297573defined;hal-02020829;Only in file2
https://arxiv.org/abs/1910.10683.arxiv:1910.10683.rosendahl;hal-03256451;Only in file2
https://support.mozilla.org/en-us/kb/password-manager-remember-delete-edit-logins21.;hal-03079818;Only in file2
https://doi.org/10.1145/3243734.3243851;hal-03904200;Only in file2
https://researchgate.net/publication/342291698ensuring;hal-03138755;Only in file2
https://genouest.org;hal-03602177;Only in file2
https://blog.google/products/search/making-it-easier-discover-datasets/.;hal-02984945;Only in file2
https://w3.org/tr/2020/rec-vocab-dcat-2-20200204/.;hal-03946680;Only in file2
https://hal.archives-ouvertes.fr/hal-0340457227.;hal-03807744;Only in file2
https://doi.org/10.1016/0022-0000;hal-03536045;Only in file2
https://arxiv.org/abs/1902.11162;hal-02483307;Only in file2
https://doi.org/10.15468/dl.4bijtu;hal-03693593;Only in file2
https://projects.coin-or.org/couenne/.;hal-02549758;Only in file2
https://frama.link/we_eqwnc13shapes;hal-02060966;Only in file2
https://hal.inria.fr/hal-0123919825.;hal-04125922;Only in file2
https://inria.hal.science/hal-03889968submitted;hal-03889968;Only in file2
https://gqlstandards.org/.;hal-03140067;Only in file2
https://inria.hal.science/hal-02191810submitted;hal-02191810;Only in file2
https://doi.org/10.1145/564376.564421in:;hal-04068708;Only in file2
https://doi.org/10.1094/phyto-73-1581boote;hal-02228974;Only in file2
https://proquest.com/scholarly-journals/improving-retention-among-college-students/docview/1462525754/se-2;hal-04132566;Only in file2
https://ceur-ws.org/vol-3324/om2022stpaper3.pdf.;hal-04366893;Only in file2
https://doi.org/10.1145/3452021.3458815robust;hal-03381199;Only in file2
https://orcid.org/0000-0001-9064-0463fabien;hal-03404580;Only in file2
https://doi.org/10.1006/bulm.2000.0226gérard;hal-02228974;Only in file2
https://doi.org/10.1016/s0304-0208;hal-03536045;Only in file2
https://dx.doi.org/10.1109/tkde.evaluation934;hal-02532706;Only in file2
https://inria.hal.science/hal-04152604submitted;hal-04152604;Only in file2
https://doi.org/10.1145/1242572.12426528;hal-04228304;Only in file2
https://w3.org/tr/2014/rec-recommendation;hal-03500522;Only in file2
https://doi.org/10.1007/bf000285023.;hal-03167637;Only in file2
https://cidrdb.org/cidr2017/gongshow/abstracts/cidr2017;hal-02435371;Only in file2
https://wasabihome.i3s.unice.fr/proceedingsofthe12thconferenceonlanguageresourcesandevaluation;hal-03133188;Only in file2
https://onlinelibrary.wiley.com/doi/pdf/10.1002;hal-03356951;Only in file2
https://arxiv.org/abs/1412.6980kumar;hal-03064464;Only in file2
https://github.com/oai/openapi-specificationvoid;hal-02060966;Only in file2
https://catalog.ldc.upenn.edu/ldc93s1.31;hal-02166422;Only in file2
https://schema.org;hal-03767967;Only in file2
https://github.com/bfo-ontology/bfo.;hal-03662183;Only in file2
https://bit.ly/2otfqhp3https://virtuoso.openlinksw.com/4https://ncra.ucd.ie/site/geva.html5https://moeaframework.org/javadoc/index.html6https://bit.ly/38crj4mtable;hal-03082579;Only in file2
https://doi.org/10.1016/0304-3975;hal-02532706;Only in file2
https://doi.org/10.18653/v1/s19-2109.;hal-04014977;Only in file2
https://ds.iris.edu/data/access/.;lirmm-02197618;Only in file2
https://w3.org/tr/rdb-direct-mapping/.55;hal-03559309;Only in file2
https://newsguardtech.com/covid-19-myths;hal-02990781;Only in file2
https://ci.apache.org/projects/flink/flink-docs-release-1.4/dev/libs/ml/.;hal-03510012;Only in file2
https://rd-alliance.org/sites/default/files/attachment/rda drig domain protocols v3 barcelona april 2017 - doornaerts.pptx;hal-02483307;Only in file2
https://calculus-project.eu/antondries;hal-04290243;Only in file2
https://doi.org/10.1007/978-3-319-11382-1;hal-03641389;Only in file2
https://doi.org/10.1038/s41598-020-69861-811vol.:;hal-02919190;Only in file2
https://doi.org/10.1145/601858.601869;hal-02307999;Only in file2
https://doi.org/10.1016/j.compag.2019.01.017.;hal-03347926;Only in file2
https://w3.org/tr/wot-thing-description/wot;hal-02196903;Only in file2
https://inria.hal.science/hal-03517826v4submitted;hal-03517826;Only in file2
https://doi.org/10.1139/cjfr-2014-056233.;hal-03220977;Only in file2
https://vldb.org/pvldb/vol14/p2505-zhu.pdf;hal-03897397;Only in file2
https://doi.org/10.1145/3583780.36147561;hal-03517826;Only in file2
https://cs.cornell.edu/people/pabo/movie-review-data/6https://competitions.codalab.org/competitions/17344;hal-03133223;Only in file2
https://arxiv.org/abs/1906.047749.;hal-04255500;Only in file2
https://arxiv.org/abs/2202.01581funding;hal-03765358;Only in file2
https://colab.research.google.com/9;hal-03716868;Only in file2
https://washingtonpost.com/technology/2020/01/06/youtube-content.overhauls-advertising-data-collection-kids-content;hal-04311598;Only in file2
https://doi.org/10.1007/s00484-019-01679-0.pearson;hal-02137748;Only in file2
https://dbpedia.org/ontology/plant;hal-02936253;Only in file2
https://inria.hal.science/hal-04388942submitted;hal-04388942;Only in file2
https://disi.unitn.it/~pavel/om2018/papers/om2018_ltpaper3.pdfdavid;hal-02984949;Only in file2
https://universaldependencies.org/treebanks/en_lines/index.html6after;hal-03917930;Only in file2
https://w3.org/tr/prov-o/.;hal-02984945;Only in file2
https://journals.sagepub.com/doi/10.1255/jnirs.283.e.;hal-03329674;Only in file2
https://dbpedia.org/resource/prefix;hal-03082579;Only in file2
https://inria.hal.science/hal-03936512submitted;hal-03936512;Only in file2
https://discovery.ucl.ac.uk/id/eprint/10058422/1/citizen-science.pdf;hal-03658842;Only in file2
https://tel.archives-ouvertes.fr/tel-04128256;hal-03517826;Only in file2
https://wikidata.org/entity/q8426319647e.g.;hal-03301330;Only in file2
https://scikit-learn.org/stable/index.h3https://huggingface.co/flax-sentence-embeddings/st-codesearch-distilroberta-base4https://huggingface.co/sentence-transformers5https://huggingface.co/datasets/code_search_net6https://scikit-learn.org/stable/modules/generated/sklearn.model_selection.repeatedstratifiedkfold.html;hal-04311401;Only in file2
https://tel.archives-ouvertes.fr/tel-00378201;hal-03989703;Only in file2
https://ceur-ws.org/vol-156/.;hal-04351729;Only in file2
https://w3.org/tr/2012/rec-r2rml-20120927/.;hal-03937274;Only in file2
https://rdfs.org/scot/spec/33;hal-03812106;Only in file2
https://github.com/wimmics/ldvizarticle;hal-03807744;Only in file2
https://hal.inria.fr/hal-03923293;hal-04110779;Only in file2
https://inria.hal.science/hal-03666895submitted;hal-03666895;Only in file2
https://orcid.org/0000-0003-1007-0101santiago;hal-03404580;Only in file2
https://github.com/frmichel/morph-xr2rml/gage;hal-03230741;Only in file2
https://bioportal.bioontology.org/ontologies/atc;hal-03096846;Only in file2
https://creativecommons.org/licenses/by/4.0/.;hal-03662183;Only in file2
https://doi.org/10.1038/s41597-023-02642-w1www.nature.com/scientificdata;hal-04386951;Only in file2
https://inria.hal.science/hal-02446427submitted;hal-02446427;Only in file2
https://doi.org/10.1111/ddi.1289234.;hal-03220977;Only in file2
https://gitlab.inria.fr/hayats/jena-conceptsofneighbours6;hal-03866083;Only in file2
https://doi.org/10.1007/978-3-030-62466-8_19naujokaityt;hal-03404580;Only in file2
https://github.com/josemachino/sherml.shaclshexs;hal-03516713;Only in file2
https://dx.doi.org/10.1145/1900008.1900067bimal;hal-02435371;Only in file2
https://lifeclef.org/16;hal-02945382;Only in file2
https://w3.org/tr/dx-prof-conneg/.;hal-02064075;Only in file2
https://doi.org/10.1007/s10639-021-10524-0;hal-04132566;Only in file2
https://doi.acm.org/10.1145/2338676.2338711.;hal-03369680;Only in file2
https://ceur-ws.org/vol-2065/paper08.pdf.;hal-02984945;Only in file2
https://madhu.seas.harvard.edu/papers/1992/almss-conf.pdf.leopoldo;hal-04377324;Only in file2
https://github.com/chaozhang-db/pba.;lirmm-03359490;Only in file2
https://doi.org/10.1109/glocom.2016.78417338.;hal-03266462;Only in file2
https://simonweckert.com/googlemapshacks.html;hal-03904200;Only in file2
https://scholar.google.com/2https://www.base-search.net/3more;hal-04138880;Only in file2
https://youtu.be/5b0krow0dv8.acknowledgments.;hal-03337765;Only in file2
https://doi.org/10.5591/978-1-57735-516-8/ijcai11-126;lirmm-04305787;Only in file2
https://qz.com/1751030/kozlowska;hal-03916393;Only in file2
https://hal.inrae.fr/hal-02899789submitted;hal-02899789;Only in file2
https://doi.org/10.1093/wber/lhz001gong;hal-04411802;Only in file2
https://doi.org/10.3390/xxxxxwww.mdpi.com/journal/metabolites;hal-03498125;Only in file2
https://doi.org/10.1016/j.artint.2021.103649.37;hal-04344975;Only in file2
https://doi.org/10.1590/1809-4430-eng.agric.v39n2p166-175/2019.;hal-03347926;Only in file2
https://gitlab.inria.fr/egermani/self_taught_decoding;hal-03769993;Only in file2
https://dx.doi.org/10.1145/2627692.2627697abdallah;hal-02435371;Only in file2
https://doi.org/10.1016/j.neuchi.2020.04.134.;hal-03263469;Only in file2
https://doi.org/10.1016/j.chb.2018.12.0048.;hal-03084671;Only in file2
https://w3.org/tr/2013/rec-sparql11-service-description-tion.;hal-04171196;Only in file2
https://doi.org/10.1111/geb.1210227.;hal-03220977;Only in file2
https://arxiv.org/abs/2007.14045.sanjeev;hal-04377324;Only in file2
https://arxiv.org/abs/2010.15036.;hal-04346759;Only in file2
https://doi.org/10.1145/3344514acm;hal-02307999;Only in file2
https://iacademc.oup.com//jxbadvance-articedo/li/.101093//jxberaa2765851451by/inraeinstitutnationalderecherchepourl;hal-02903070;Only in file2
https://dx.doi.org/10.1145/2723372.2742786wenfei;hal-02435371;Only in file2
https://inria.hal.science/hal-03740981submitted;hal-03740981;Only in file2
https://hal.umontpellier.fr/hal-02283184submitted;hal-02283184;Only in file2
https://zenodo.org/record/3842750.figure;lirmm-02945170;Only in file2
https://w3.org/tr/2014/rec-rdf-schema-20140225;hal-02066041;Only in file2
https://pytorch-geometric.readthedocs.io/en/latest/modules/datasets.html4https://gitlab.inria.fr/tyrex/kegnn;hal-04041691;Only in file2
https://inria.hal.science/hal-02748219submitted;hal-02748219;Only in file2
https://inria.hal.science/hal-02269576submitted;hal-02269576;Only in file2
https://doi.org/10.1007/978-3-030-26951-7_22.;hal-02406503;Only in file2
https://vldb.org/pvldb/vol15/p414-lu.pdf;hal-03897397;Only in file2
https://doi.org/10.1007/11534273_36;lirmm-04277973;Only in file2
https://datasciencenotebook.org/compare/colab/kaggle;hal-04157720;Only in file2
https://hal-lirmm.ccsd.cnrs.fr/lirmm-02945172submitted;lirmm-02945172;Only in file2
https://doi.org/10.1111/cgf.12930.;lirmm-02949807;Only in file2
https://oxfordsemantic.tech/product15;hal-04353523;Only in file2
https://papers.nips.cc/paper_files/paper/2022/hash/d51ab0fc62fe2d777c7569952f518f56-abstract-conference.html.tgdk;hal-04353523;Only in file2
https://github.com/marijnheule/drat-trim.assuming;hal-03111679;Only in file2
https://aclanthology.org/l16-1532.;hal-04262826;Only in file2
https://doi.org/10.1371/journal.pcbi.1008856.g002categorization;hal-03220977;Only in file2
https://data.archives-ouvertes.fr/doc/sparql26;hal-03404580;Only in file2
https://doi.org/10.1145/3543507.3583875romaissa;hal-04129915;Only in file2
https://w3.org/tr/2014/rec-rdf11-concepts-20140225/.rdfw3c;hal-03189192;Only in file2
https://doi.org/10.3390/su14074078academic;hal-03658842;Only in file2
https://identifiers.org/go/go:0009056;hal-04125922;Only in file2
https://transparencyreport.google.com/political-ads/library.;hal-03916393;Only in file2
https://langual.org/default.asp14https://entrepot.recherche.data.gouv.fr/dataset.xhtml;hal-04366893;Only in file2
https://ietf.org/rfc/rfc3987.txt5https://www.w3.org/rdf/6https://docs.microsoft.com/en-us/windows/desktop/winrm/uri-preﬁxes7https://www.w3.org/tr/rdf-sparql-query/8https://linkeddata.org/9https://lod-cloud.net/10https://wiki.dbpedia.org/dbpedia;hal-02936253;Only in file2
https://doi.org/10.1002/1098-2779;hal-03263469;Only in file2
https://christophm.github.io/interpretable-ml-book/.;hal-03052508;Only in file2
https://doi.org/10.1098/rsif.2019.0225.;hal-03347926;Only in file2
https://irsa.ipac.caltech.edu.table;hal-03418836;Only in file2
https://doi.org/10.1111/j.1469-8137.2010.03284.xvandermeer;hal-02228974;Only in file2
https://team.inria.fr/cedar/connectionlens/joint;hal-03945733;Only in file2
https://ogc.org/standard/sfa/flou;hal-04153252;Only in file2
https://classiques.uqac.ca/contemporains/chapuis_jean/personne_wayana_entre_sang_et_ciel/personne_wayana.html;hal-03228509;Only in file2
https://arxiv.org/abs/2008.09048;hal-04092216;Only in file2
https://nacada.ksu.edu/resources/journal/current-past-book-reviews/the-status-of-academic-advising-findings-from-the-act-sixth-national-survey.aspx;hal-04132566;Only in file2
https://inria.hal.science/hal-03602177submitted;hal-03602177;Only in file2
https://doi.org/10.14778/3450980.3450982;hal-03886320;Only in file2
https://inria.hal.science/hal-04346759submitted;hal-04346759;Only in file2
https://doi.org/10.1093/biosci/biaa044pigot;hal-03871553;Only in file2
https://doi.org/10.3897/biss.5.73699abstractharnessing;hal-03373536;Only in file2
https://ns.inria.fr/munc/2https://www.w3.org/tr/prov-o/ex:s1;hal-02064075;Only in file2
https://transportenvironment.org/news/uber-and-lyft-increase-pollution-and-undermine-public-transport-study-shows24;hal-03189474;Only in file2
https://covid19.pubannotation.org/38;hal-02939363;Only in file2
https://arxiv.org/abs/2002.08630funding;hal-03098614;Only in file2
https://github.com/glample/fastbperesults;hal-02972203;Only in file2
https://geves.fr/catalogue/5.;hal-03889780;Only in file2
https://inria.hal.science/hal-04186117submitted;hal-04186117;Only in file2
https://phenome-emphasis.fr/phenome_eng;hal-02174445;Only in file2
https://onlinelibrary.wiley.com/doi/abs/10.1111/j.1469-1809.1936.tb02137.x.eprint:https://onlinelibrary.wiley.com/doi/pdf/10.1111/j.1469-1809.1936.tb02137.x.matthieu;hal-03329674;Only in file2
https://github.com/spmohanty/plantvillage-dataset.3;hal-02470280;Only in file2
https://doi.org/10.1109/tkde.2011.60inju;hal-03886320;Only in file2
https://doi.org/10.1007/s10618-013-0319-9;hal-03084029;Only in file2
https://doi.org/10.1017/s175173111500302x.;hal-03347926;Only in file2
https://doi.org/10.1089/109493101300117938.;hal-03369680;Only in file2
https://doi.org/10.1007/11780991_13;lirmm-04277973;Only in file2
https://doi.org/10.1017/s1751731115001342.;hal-03347926;Only in file2
https://doi.org/10.48550/arxiv.2206.11417.34.;hal-03769993;Only in file2
https://doi.org/10.5281/zenodo.4889146.;hal-03602177;Only in file2
https://doi.org/10.1145/3318464.3389741;hal-03897397;Only in file2
https://event.cwi.nl/grades2013/14-gubichev.pdf;hal-04110779;Only in file2
https://orcid.org/0000-0002-5618-9776elena;hal-03404580;Only in file2
https://gitlab.inria.fr/moex/lazylav.;hal-03939919;Only in file2
https://inria.hal.science/hal-04335580submitted;hal-04335580;Only in file2
https://isbndb.com/book;lirmm-02945170;Only in file2
https://spj.science.org/doi/10.34133/plantphenomics.0112use;hal-04322179;Only in file2
https://cambridge.org/core/journals/combinatorics-probability-and-computing/article/on-the-complexity-of-computing-the-tutte-polynomial-of-bicircular-matroids/8b45505edddf91337e62d45b143ec5e5;hal-03356951;Only in file2
https://voiceprivacychallenge.org/docs/pingan.pdf.995kai;hal-03332224;Only in file2
https://tinyurl.com/tbl-inrupt.;hal-02269292;Only in file2
https://github.com/arthurcamara/chiir21-sal-scaffolding5https://archive.org/web4.2;hal-04152998;Only in file2
https://orcid.org/0000-0001-9479-3205b;hal-03965684;Only in file2
https://workshop.sportvis.com/papers/cavasoccermatches.pdfcava;hal-03404580;Only in file2
https://doi.acm.org/10.1145/2906388.290642046.;hal-03329908;Only in file2
https://inf.unibz.it/krdb/krdb files/tech-reports/krdb18-02.pdf.cal;hal-02109645;Only in file2
https://doi.org/10.5281/ze-nodo.3906501;hal-02910844;Only in file2
https://identifiers.org/psimod/mod:00696;hal-04125922;Only in file2
https://2019.semantics.cc/satellite-events/how-build-knowledge-graph;hal-04201661;Only in file2
https://adobserver.org/.;hal-03916393;Only in file2
https://hal.inria.fr/hal-00822892.;hal-03889780;Only in file2
https://w3.org/tr/mathml2/.;hal-02962262;Only in file2
https://gitlab.inria.fr/nabbas/sandwich;hal-03426543;Only in file2
https://doi.org/10.1145/3442442.345860844.;hal-04201661;Only in file2
https://doi.org/xxxxxxx.xxxxxxxunit;hal-03767992;Only in file2
https://doi.org/10.1109/mcom.2011.606970839.;hal-03135088;Only in file2
https://doi.org/10.1016/j.future.2019.10.00641.;hal-04201661;Only in file2
https://doi.org/10.1016/0022-0000;hal-01673025;Only in file2
https://doi.org/10.1109/tkde.2014.2302294;hal-04110779;Only in file2
https://storage.googleapis.com/books/ngrams/books/datasetsv3.html;hal-04126662;Only in file2
https://hal.archives-ouvertes.fr/hal-03335126.turner;hal-03332224;Only in file2
https://arxiv.org/abs/2005.09940.radev;hal-03256451;Only in file2
https://ijcai.org/proceedings/2018/0273.pdfacknowledgmentsthis;hal-03514297;Only in file2
https://datashare.is.ed.ac.uk/handle/10283/3443.wang;hal-03332224;Only in file2
https://hal.archives-ouvertes.fr/hal-03363442;hal-03921565;Only in file2
https://binaire.blog.lemonde.fr/files/2014/07/personalinfosystem.short_.fr_.3.pdf.;hal-03140409;Only in file2
https://dataviz.i3s.unice.fr/muvin.8.;hal-03748134;Only in file2
https://github.com/sdm-tib/dragoman86.;hal-04201661;Only in file2
https://orcid.org/0000-0002-0756-6934corresponding;hal-03404580;Only in file2
https://github.com/cefet-rj-dal/stmotifexplorer.4;lirmm-04283828;Only in file2
https://sparontologies.github.io/fabio/current/fabio.html12.;hal-03230741;Only in file2
https://casd.eu/wp/wp-content/uploads/output_conﬁdentiality_rules.pdf;hal-03097047;Only in file2
https://theplantlist.org/10;hal-02190170;Only in file2
https://arxiv.org/abs/2105.0839314.;hal-03866083;Only in file2
https://doi.org/10.1177/03091333093556308.;hal-02639237;Only in file2
https://en.wikipedia.org/wiki/virtual_studio_technology2https://www.kvraudio.com3https://lv2plug.in/gmpi.html4https://www.juce.com5https://github.com/iplug2browser;hal-03951799;Only in file2
https://ceur-ws.org/vol-1426/paper-02.pdf.;hal-03500522;Only in file2
https://ebird.org/home;hal-02639237;Only in file2
https://team.inria.fr/cedar/connectionlens/16ioana;hal-03945733;Only in file2
https://github.com/postgres/postgres/blob/master/src/include/utils/selfuncs.h;hal-03791272;Only in file2
https://inria.hal.science/hal-02191302submitted;hal-02191302;Only in file2
https://tinyurl.com/mr48npau7https://github.com/webaudiomodules8https://www.npmjs.com/search;hal-03951799;Only in file2
https://doi.org/10.1145/3308558.33135841;hal-02066041;Only in file2
https://microsoft.com/en-us/hololens/10human;hal-02196903;Only in file2
https://doi.org/10.1016/0022-0000;hal-02492780;Only in file2
https://ceur-ws.org/vol-1426/paper-08.pdf88.;hal-04201661;Only in file2
https://dx.doi.org/10.1145/3085504.3085530the;hal-02066516;Only in file2
https://doi.org/10.3115/1218955.1219009;hal-03518717;Only in file2
https://inria.hal.science/hal-03111679submitted;hal-03111679;Only in file2
https://arxiv.org/abs/2012.01536.adnan;hal-04377324;Only in file2
https://users.dimi.uniud.it/~massimo.franceschet/xpathmark/ptbench.html.;hal-03536045;Only in file2
https://doi.acm.org/10.1145/1851182.1851192tcp;hal-03266462;Only in file2
https://wasabi.inria.fr/sparql13;hal-03812106;Only in file2
https://doi.org/10.1146/annurev-ento-020117-043348tomaszewski;hal-03871553;Only in file2
https://sabiod.org/nips4b26.;hal-04204378;Only in file2
https://emphasis.plant-phenotyping.eu/emphasis_infrastructure_map;hal-03686060;Only in file2
https://doi.org/10.4230/lipics.icdt.2019.519.;hal-02532706;Only in file2
https://doi.org/10.1161/circulationaha.110.97661313.;hal-03100032;Only in file2
https://inria.hal.science/hal-02194887submitted;hal-02194887;Only in file2
https://monetdb.org/blog/embedded-pythonnumpy-monetdb.;hal-03347677;Only in file2
https://tel.archives-ouvertes.fr/tel-0227642319.;hal-03527888;Only in file2
https://eosc-portal.eu.4;hal-02483307;Only in file2
https://w3.org/tr/prov-overview;lirmm-03324881;Only in file2
https://openresty.org/misc/re/bench/.jingren;hal-03021960;Only in file2
https://github.com/voice-privacy-challenge/voice-privacy-challenge-202013;hal-03332224;Only in file2
https://inria.hal.science/hal-03791272submitted;hal-03791272;Only in file2
https://doi.org/10.3233/sw-16025111.;hal-02933190;Only in file2
https://doi.org/10.1080/23311835.2016.1154705.doi:lan;hal-03256451;Only in file2
https://onlinelibrary.wiley.com/doi/abs/10.1002/asm.3150010204;lirmm-02364411;Only in file2
https://w3.org/tr/annotation-vocab/16.;hal-03230741;Only in file2
https://hal.inrae.fr/hal-03701955submitted;hal-03701955;Only in file2
https://databasetheory.org/node/47.45.;hal-03118422;Only in file2
https://iacademc.oup.com/insililcopants/advance-artice-abstract/ldoi/.101093/insiliil/copants/dz0075519776byguestto;hal-02253260;Only in file2
https://hal.inrae.fr/hal-03338823submitted;hal-03338823;Only in file2
https://doi.org/10.1145/1185877.118588214.;hal-03527888;Only in file2
https://bio-ontologies.knowledgeblog.org/297;hal-03657095;Only in file2
https://mdpi.com/2079-9292/9/5/750and;hal-04041691;Only in file2
https://doi.org/10.1109/issnip.2007.44968596.;hal-04204378;Only in file2
https://dx.doi.org/10.1109/cvpr.2015.729868219.;hal-02980085;Only in file2
https://tela-botanica.org/.4;hal-02937618;Only in file2
https://scikit-learn.org/stable/modules/generated/sklearn.decomposition.factoranalysis.html.;hal-03522878;Only in file2
https://bitbucket.org/guerret/lu.uni.eclipse.bpmn2/src/3ca749d36cf193b9af8808c0fdf24858cdfeb21e/resources/dataprotection-rdf.owl;hal-03065217;Only in file2
https://sake.re/20230110-mtoa.;hal-04351105;Only in file2
https://inria.hal.science/hal-03025572submitted;hal-03025572;Only in file2
https://dl.acm.org/pages;hal-02406503;Only in file2
https://github.com/wimmics/covidontheweb/tree/master/notebooks30.;hal-03230741;Only in file2
https://inria.hal.science/hal-01478788v2submitted;hal-01478788;Only in file2
https://radimrehurek.com/gensim/about.html6;hal-02317227;Only in file2
https://doi.org/10.1038/s41598-018-21414-wdornbusch;hal-02228974;Only in file2
https://ceur-ws.org/vol-1816/paper-09.pdf;hal-04014977;Only in file2
https://github.com/ucomignani/infine.data.;hal-03474955;Only in file2
https://microsoft.com/en-database;hal-03329908;Only in file2
https://hal.umontpellier.fr/hal-0228145516.;hal-04204378;Only in file2
https://eur-lex.europa.eu/eli/reg/2016/679/2016-05-042https://www.semwebtech.org/mondial/10;hal-04372234;Only in file2
https://researchgate.net/publication/279059819_atlas_des_poissons_d'eau_douce_de_guyane_tome_1;hal-03228509;Only in file2
https://arxiv.org/abs/1803.01113.;hal-02406503;Only in file2
https://ceur-ws.org/vol-1014/paper_63.pdf17.;hal-03426142;Only in file2
https://cropontology.org/rdf/measurement.;lirmm-02945172;Only in file2
https://hal-lirmm.ccsd.cnrs.fr/lirmm-02197618submitted;lirmm-02197618;Only in file2
https://ceur-ws.org/vol-3141/paper4.pdf43.;hal-04201661;Only in file2
https://dx.doi.org/10.1145/2814710.2814713;hal-02934277;Only in file2
https://orcid.org/0000-0001-6220-0559tobias;hal-03404580;Only in file2
https://inria.hal.science/hal-03871500submitted;hal-03871500;Only in file2
https://arm.com/products/development-tools/simulation/cycle-models;hal-03890057;Only in file2
https://project.inria.fr/corese/learning;hal-03502001;Only in file2
https://lod-cloud.net;hal-01673025;Only in file2
https://doi.org/10.3233/sw-150200mayer;hal-03404580;Only in file2
https://aaai.org/library/aaai/2007/aaai07-355.php.19;hal-04353543;Only in file2
https://doi.org/10.1109/tnn.2005.860871;hal-03908363;Only in file2
https://inria.hal.science/hal-02505913submitted;hal-02505913;Only in file2
https://inria.hal.science/hal-02188501submitted;hal-02188501;Only in file2
https://doi.org/10.24963/ijcai.2019/953menin;hal-03404580;Only in file2
https://wasabi.i3s.unice.fr/apidoc/13there;hal-03133188;Only in file2
https://github.com/wimmics/coresealgorithm;hal-03892080;Only in file2
https://github.com/luanguimaraesla/mqttsnjan;hal-04161546;Only in file2
https://doi.org/10.34133/plantphenomics.0112submitted;hal-04322179;Only in file2
https://doi.org/10.1145/3468791.3468821allowing;hal-03329878;Only in file2
https://w3.org/tr/annotation-vocab/35.;hal-03807744;Only in file2
https://guido.grame.fr/10;hal-03812972;Only in file2
https://papers.neurips.cc/paper/pages;hal-02406503;Only in file2
https://archive.softwareheritage.org/browse/directory/visited;hal-03527888;Only in file2
https://tensorflow.org/tensorboard/hyperparameter_tuning_with_hparams10https://neptune.ai;lirmm-03443660;Only in file2
https://doi.org/10.3390/metabo12020107https://www.mdpi.com/journal/metabolites;hal-04278771;Only in file2
https://doi.org/10.1016/j.soilbio.2011.11.015boote;hal-02228974;Only in file2
https://statista.com/statistics/1251996/platforms-online-videos-uk-children;hal-04311598;Only in file2
https://doi.org/10.1109/access.2018.2819199;hal-04075393;Only in file2
https://openscience.adaptcentre.ie/ontologies/gdprtext/deliverables/docs/index-en.html;hal-03065217;Only in file2
https://github.com/zykls/folktables.on;hal-03902203;Only in file2
https://open.unmix.app;hal-02293689;Only in file2
https://doi.wiley.com/10.1002/cem.785.r.;hal-03329674;Only in file2
https://w3.org/tr/2015/rec-ldp-20150226/17.;emse-04058783;Only in file2
https://inria.hal.science/hal-02096714submitted;hal-02096714;Only in file2
https://gitlab.inria.fr/e2clab/e2clabe2clabjan;hal-04161546;Only in file2
https://doi.org/10.1371/journal.pcbi.1008856.g001instance;hal-03220977;Only in file2
https://w3.org/1999/02/22;hal-02100230;Only in file2
https://horizon.documentation.ird.fr/exl-doc/pleins_textes/pleins_textes_7/divers3/15132.pdf;hal-03228509;Only in file2
https://doi.org/10.1093/llc/fqz013.;hal-04293239;Only in file2
https://pypi.org/project/crosslingual-coreference/17;hal-03925147;Only in file2
https://aaai.org/ocs/index.php/aaai/aaai18/paper/view/16982singh;hal-03741042;Only in file2
https://sciencedirect.com/science/article/pii/s016974399900043x.wangdong;hal-03329674;Only in file2
https://arxiv.org/abs/2006.04768.arxiv:2006.04768.shiv;hal-03256451;Only in file2
https://inria.hal.science/hal-04132499submitted;hal-04132499;Only in file2
https://flir.com/oem/adas/dataset;hal-03119907;Only in file2
https://inria.hal.science/hal-02942997submitted;hal-02942997;Only in file2
https://pedestrian.melbourne.vic.gov.au/15.;hal-02371221;Only in file2
https://doi.org/10.1145/1065167.1065191;hal-03320929;Only in file2
https://flir.com/oem/adas/adas-dataset-form/.;hal-02872123;Only in file2
https://doi.org/10.1145/775152.775251;emse-02070625;Only in file2
https://knowledge.amia.org/69862-amia-1.4570936/t002-1.4575206/t002-1.4575207/3201770-1.4575319/3203261-1.45753166.;lirmm-03324873;Only in file2
https://oaei.ontologymatching.org/2013/results/oaei2013.pdf.;hal-04366893;Only in file2
https://chameleoncloud.org/hardware/node/sites/tacc/clusters/chameleon/nodes/0b0bceb9-14bf-423e-890f-3ef187511d71;hal-04157720;Only in file2
https://dx.doi.org/10.1007/s00236-013-0190-66.;hal-02532706;Only in file2
https://deeplearningbook.org.;hal-04138880;Only in file2
https://doi.org/10.1016/j.agsy.2004.03.003chave;hal-02228974;Only in file2
https://wikidata.org.;hal-02109645;Only in file2
https://doi.org/https://doi.org/10.1016/0022-5193;hal-04125922;Only in file2
https://github.com/khadidjam/hd4c.in;lirmm-02364411;Only in file2
https://doi.org/10.5220/0009170005230529triki;hal-03871553;Only in file2
https://github.com/wimmics/coresepers;hal-03135088;Only in file2
https://vldb.org/conf/2002/s19p02.pdf;hal-04110779;Only in file2
https://doi.org/10.3233/sw-170254;hal-03946680;Only in file2
https://inria.hal.science/hal-03871527submitted;hal-03871527;Only in file2
https://eng.uber.com/athenaxpermission;lirmm-03359490;Only in file2
https://huggingface.co/transformers/v3.0.2/6;hal-04008864;Only in file2
https://bit.ly/2kl36wb.table;hal-02936253;Only in file2
https://doi.org/10.11588/ans.2015.100.20553.;lirmm-02949807;Only in file2
https://github.com/houshd/mlstm-fcn;hal-03469487;Only in file2
https://doi.org/10.1162/dint_a_00043landi;hal-02483307;Only in file2
https://ceur-ws.org/vol-1695/paper4.pdf.44;hal-04353523;Only in file2
https://doi.org/10.1016/j.ecolmodel.2012.02.002stoll;hal-02228974;Only in file2
https://docs.scipy.org/doc/scipy/reference/generated/scipy.spatial.distance.correlation.htmlfigure;hal-03502001;Only in file2
https://nbn-resolving.de/urn:nbn:de:bsz:mh39-90215.;hal-04346759;Only in file2
https://dx.doi.org/10.1145/1081870.1081893jure;hal-02435371;Only in file2
https://w3.org/tr/sparql11-service-description;hal-04372234;Only in file2
https://nytimes.com/2014/10/06/technology/hong-kong-protests-propel-a-phone-to-phone-app-.html.;hal-03099724;Only in file2
https://github.com/deezer/deezer_mood_detection_dataset23;hal-03812106;Only in file2
https://arxiv.org/abs/1703.00056danielle;hal-02066516;Only in file2
https://github.com/exathlonbenchmark/exathlon.2;hal-03381732;Only in file2
https://doi.org/10.1145/2463676.2465288;hal-03897397;Only in file2
https://merriam-webster.com/dictionary/musicology;hal-03748134;Only in file2
https://dot.gov.in/net-neutrality.;hal-02066516;Only in file2
https://soundseparation.songquito.com/evaluationof.htm;hal-01945345;Only in file2
https://w3.org/tr/annotation-vocab/12;hal-03404580;Only in file2
https://data.europa.eu/data/.;hal-03500522;Only in file2
https://tel.archives-ouvertes.fr/tel-01378723.;hal-03801032;Only in file2
https://doi.org/10.1111/jvs.1244419.;hal-02639237;Only in file2
https://linkinghub.elsevier.com/retrieve/pii/s0378429011000451.sylvain;hal-03329674;Only in file2
https://doi.org/10.1145/3318464.3380584;hal-03897397;Only in file2
https://github.com/julienmirval/dissec_cozy/tree/master/simulationbdeqacihfg;hal-04234924;Only in file2
https://doi.org/10.1016/j.compag.2014.03.010.;hal-03347926;Only in file2
https://iacademc.oup.com//jxbadvance-articedo//jxberac4716896019bygueston02january2023;hal-03915413;Only in file2
https://aaai.org/library/kr/2008/kr08-028.;hal-03934420;Only in file2
https://dx.doi.org/10.1007/s00500-013-1141-4.tahani;hal-02571170;Only in file2
https://github.com/micbuffa/wasabidataset.3.;hal-03133188;Only in file2
https://hal.inria.fr/hal-02145369.2;hal-02145369;Only in file2
https://hal.archives-ouvertes.fr/hal-0137378117.;hal-04204378;Only in file2
https://tel.archives-ouvertes.fr/tel-03040683.44.;hal-03220977;Only in file2
https://doi.org/10.1145/3322640.3326731reading;hal-02381105;Only in file2
https://doi.org/10.1093/bioinformatics/btv0183.;hal-03100032;Only in file2
https://tpc.org;hal-03381732;Only in file2
https://dbpedia.org/resource/prefix;hal-02100230;Only in file2
https://iacademc.oup.com//jxbadvance-articedo/li/.101093///jxberac4716896019byguestfigure;hal-03915413;Only in file2
https://inria.hal.science/hal-03892080submitted;hal-03892080;Only in file2
https://doi.org/10.2527/jas1983.5661282x.;hal-03347926;Only in file2
https://taxref.mnhn.fr/sparql.;hal-04289970;Only in file2
https://blog.paul.cx/post/audio-video-synchronization-with-the-web-audio-api;hal-04335612;Only in file2
https://projecteuclid.org/euclid.bsmsp/120051289525.;hal-03715416;Only in file2
https://hub.docker.com/18;hal-03807744;Only in file2
https://lyrics.wikia.com/6;hal-03295581;Only in file2
https://wifo5-03.informatik.uni-mannheim.de/bizer/berlinsparqlbenchmark/12https://dbis.informatik.uni-freiburg.de/forschung/projekte/sp2b/13https://aksw.org/projects/dbpsb.html14https://lodib.wbsg.de;hal-02435371;Only in file2
https://github.com/colinleverger/ideal2019-coclustering-forecasts.see:;hal-02371221;Only in file2
https://azure.microsoft.com/en-us/services/iot-edge/.;hal-03510012;Only in file2
https://github.com/jacomyal/sigma.jstgdk;hal-04353523;Only in file2
https://kaggle.com/reddit/reddit-comments-may-20150.000.050.100.150.200.250.300.35map@1;hal-04068708;Only in file2
https://remix-intercrops.eu;hal-02228974;Only in file2
https://sample-size.net/correlation-sample-size;hal-03825059;Only in file2
https://data.nal.usda.gov/dataset/nal-agricultural-thesaurus-and-glossary.accessed:;hal-03662183;Only in file2
https://w3.org/tr/2012/rec-owl2-rdf-based-semantics-20121211;hal-02444752;Only in file2
https://inria.hal.science/hal-03903287submitted;hal-03903287;Only in file2
https://sourceforge.net/projects/dbpedia-spotlight/files/2016-10/en/23;hal-02939363;Only in file2
https://w3.org/tr/2017/rec-vocab-ssn-20171019/.2022-01-18.;hal-03662183;Only in file2
https://docs.obspy.org/packages/obspy.clients.fdsn.html3https://tunguska.uoregon.edu/rtgnss/data/cwu/mseed;hal-02373429;Only in file2
https://doi.org/10.2478/popets-2020-0062.;hal-02406503;Only in file2
https://doi.org/10.5281/zenodo.14366343.;hal-02962579;Only in file2
https://github.com/thealgorithms/ce;hal-04148587;Only in file2
https://doi.org/10.1111/j.1469-8137.2005.01350.xchelle;hal-02228974;Only in file2
https://imt.hal.science/hal-02066041submitted;hal-02066041;Only in file2
https://keras.io/api/callbacks/early;hal-03066941;Only in file2
https://w3.org/owl/.;hal-02084977;Only in file2
https://proceedings.neurips.cc/paper/2009/hash/1543843a4723ed2ab08e18053ae6dc5b-abstract.html.142;hal-04353543;Only in file2
https://orcid.org/0000-0003-3495-493xmarco;hal-03404580;Only in file2
https://doi.org/10.1145/3578517;lirmm-04277973;Only in file2
https://doi.org/10.1016/j.compag.2004.05.003.;hal-03347926;Only in file2
https://hal.archives-ouvertes.fr/hal-0137378126.;hal-03415990;Only in file2
https://arxiv.org/abs/1912.06110.;hal-03104144;Only in file2
https://dx.doi.org/10.1145/1132952.1132954deepayan;hal-02435371;Only in file2
https://doi.org/10.1145/3603719.3603730permission;hal-04234924;Only in file2
https://doi.org/10.1111/j.1469-185x.1967.tb01419.x;hal-02639237;Only in file2
https://doi.org/10.1109/mlsp.2016.77388862.;hal-04068708;Only in file2
https://doi.org/10.1109/laweb.2014.21corby;hal-03404580;Only in file2
https://covidontheweb.inria.fr/sparql20;hal-03404580;Only in file2
https://amazon.fr/lobbytomie-stéphane-horel/dp/2707194123;hal-03337765;Only in file2
https://oaei.ontologymatching.org/2012/results/oaei2012.pdf.;hal-04366893;Only in file2
https://cambridge.org/core/terms.https://doi.org/10.1017/s0021859621000538;hal-03342381;Only in file2
https://ccs.neu.edu/home/ramsdell/tools/datalog/datalog.htmlsystem.;hal-03517826;Only in file2
https://npmjs.com/package/puppeteer;hal-04228304;Only in file2
https://help.duckduckgo.com/duckduckgo-help-advertising;hal-04228304;Only in file2
https://orcid.org/0000-0002-5860-120x.jean-yves;hal-04040702;Only in file2
https://doi.org/10.48550/arxiv.2208.08478.43.;hal-03769993;Only in file2
https://doi.org/10.1038/s41597-023-02642-w8www.nature.com/scientificdatawww.nature.com/scientificdata;hal-04386951;Only in file2
https://aaai.org/ocs/index.php/kr/kr16/paper/view/1289318.;hal-03426142;Only in file2
https://github.com/mapping-commons/sssom/issuesfrontiers;hal-04289970;Only in file2
https://tel.archives-ouvertes.fr/tel-03783672;hal-03517826;Only in file2
https://postgresql.org.;hal-01673025;Only in file2
https://doi.org/10.1109/sibgrapi.2019.00014menin;hal-03296233;Only in file2
https://doi.org/10.1016/j.ins.2017.03.01527.;hal-03329908;Only in file2
https://doi.acm.org/10.1145/2949689.2949704in:;hal-03329908;Only in file2
https://doi.org/10.1109/mcse.2008.79.;lirmm-02949807;Only in file2
https://doi.org/10.1145/3486622.3493921publication;hal-03430113;Only in file2
https://doi.org/10.1086/523951reckling;hal-02228974;Only in file2
https://nlp.stanford.edu/software/crf-ner.html3https://github.com/pierpaologoffredo/disputool2.0/tree/main/dataset/elecdeb60to164https://3ia-demos.inria.fr/disputool/pereira;hal-04349796;Only in file2
https://gbif.org/.;hal-03641389;Only in file2
https://hbr.org/2018/05/how-nextdoor-addressed-racial-profiling-on-its-platform.steffen;hal-03189474;Only in file2
https://cordis.europa.eu/project/id/679303/reporting;hal-03711320;Only in file2
https://ibm.biz/provlake.;lirmm-02265932;Only in file2
https://doi.org/10.1186/s12862-017-1014-zcheek;hal-03871553;Only in file2
https://dx.doi.org/10.1016/s0955-0674;hal-04125922;Only in file2
https://gitlab.inria.fr/e2clab/e2clab;hal-04157720;Only in file2
https://cs.ucr.edu;lirmm-04225369;Only in file2
https://inria.hal.science/hal-04156996submitted;hal-04156996;Only in file2
https://frama.link/vwg7r8pf.;hal-02060966;Only in file2
https://doi.org/10.34133/plantphenomics.01126downloaded;hal-04322179;Only in file2
https://tel.archives-ouvertes.fr/tel-02276423.;hal-03536045;Only in file2
https://team.inria.fr/cedar/projects/abstra/.;hal-03767967;Only in file2
https://agroportal.lirmm.fr/ontologies/microfiltration18;hal-03738973;Only in file2
https://hal.umontpellier.fr/hal-03150701submitted;hal-03150701;Only in file2
https://gitlab.inria.fr/magnet/gdn-lib.1;hal-02860659;Only in file2
https://github.com/guihuzhang/factspotter.ated;hal-04257838;Only in file2
https://github.com/pierresenellart/theoremkb.;hal-03293643;Only in file2
https://inria.hal.science/hal-02109645submitted;hal-02109645;Only in file2
https://doi.org/10.1145/3460210.3493547;hal-03913497;Only in file2
https://dx.doi.org/10.14778/2732939.2732945hongyan;hal-02435371;Only in file2
https://aclanthology.org/2021.nlp4convai-1.20.doi:10.18653/v1/2021.nlp4convai-;hal-04262826;Only in file2
https://arxiv.org/abs/1812.09519.5;hal-03940590;Only in file2
https://doi.org/10.1145/1328964.1328989;hal-03913497;Only in file2
https://doi.org/10.1179/2042349714y.0000000041hantak;hal-03871553;Only in file2
https://drops.dagstuhl.de/opus/volltexte/2018/8594.;hal-03536045;Only in file2
https://doi.org/10.1145/3209219.3209232;hal-04205128;Only in file2
https://inria.hal.science/hal-03811274submitted;hal-03811274;Only in file2
https://doi.org/10.1145/2566486.2567982;hal-02935956;Only in file2
https://sciencedirect.com/science/article/pii/s0003267018306421.svante;hal-03329674;Only in file2
https://hal-lirmm.ccsd.cnrs.fr/lirmm-02531748submitted;lirmm-02531748;Only in file2
https://doi.org/10.1145/nnnnnnn.nnnnnnnfigure;hal-04212814;Only in file2
https://doi.org/10.1111/nph.15401lannom;hal-03871553;Only in file2
https://imageclef.org/13.;hal-02873670;Only in file2
https://regulatorycircuits.org/.;hal-03602177;Only in file2
https://quantitative-plant.org;hal-03686060;Only in file2
https://hal.inria.fr/hal-02073854jf;hal-03135088;Only in file2
https://doi.org/10.1007/978-3-540-74800-7_911.;hal-03079818;Only in file2
https://ftc.gov/system/files/documents/cases/172_3083_youtube_coppa_consent_order.pdf;hal-04311598;Only in file2
https://obdasystems.com/mastro/6https://ontop.inf.unibz.it;hal-02446427;Only in file2
https://w3.org/tr/rdf-sparql-query/sumit;hal-02435371;Only in file2
https://iacademc.oup.com/insililcopants/advance-articedo/li/.101093/ifinally;hal-02962262;Only in file2
https://proceedings.mlsys.org/book/282.pdf.106;hal-04353543;Only in file2
https://doi.org/10.1109/iot.2010.5678450search;hal-03135088;Only in file2
https://dblp.uni-trier.de/riccardo;hal-02435371;Only in file2
https://ontosql.inria.fr5.2;hal-02446427;Only in file2
https://doi.org/10.17161/bi.v8i2.4117nelson;hal-03871553;Only in file2
https://ec.europa.eu/esco/portal/home2https://www.pole-emploi.org/accueil/mot-cle.html;hal-02996442;Only in file2
https://cloud.google.com/iot-edge/.;hal-03510012;Only in file2
https://doi.org/10.1145/3524273.3533928acm;hal-03698833;Only in file2
https://doi.org/10.3390/ijerph8093514.;hal-03347926;Only in file2
https://gitlab.inria.fr/pmangold1/greedy-coordinate-descent;hal-03714465;Only in file2
https://inria.hal.science/hal-03913504submitted;hal-03913504;Only in file2
https://w3.org/tr/sparql11-overview;hal-03886320;Only in file2
https://doi.org/10.14778/3551793.355181895.;hal-04201661;Only in file2
https://doi.org/10.3115/v1/p15-1067.yantao;hal-04344975;Only in file2
https://github.com/azinmatin/prince/.contributions.;hal-02433443;Only in file2
https://voiceprivacychallenge.org/docs/idiap-nki.pdf.955dwork;hal-03332224;Only in file2
https://ontosql.inria.fr;hal-02051413;Only in file2
https://arxiv.org/abs/1705.03122.arxiv:1705.03122.genton;hal-03256451;Only in file2
https://hal-lirmm.ccsd.cnrs.fr/lirmm-02148142submitted;lirmm-02148142;Only in file2
https://doi.org/10.1145/3126686.3126747;hal-04102737;Only in file2
https://yann.lecun.com/exdb/mnist/12;hal-03899151;Only in file2
https://arxiv.org/abs/march;hal-03256451;Only in file2
https://idrc.ca/fr/livres/managing-small-scale-fisheries-alternative-directions-and-methods;hal-03228509;Only in file2
https://github.com/nitishmutha/equirectangular-toolbox;hal-03710323;Only in file2
https://doi.org/10.1109/4235.942529;hal-02319638;Only in file2
https://hal.inrae.fr/hal-04040702submitted;hal-04040702;Only in file2
https://gitlab.com/palisade/palisade-release;hal-02406503;Only in file2
https://docs.ray.io/en/latest/index.htmlray;hal-03310540;Only in file2
https://ceur-ws.org/vol-89/broekstra-et-al.pdf9.;hal-02051413;Only in file2
https://doi.org/10.1109/mcom.2011.6069708;hal-02289497;Only in file2
https://haute-vienne.chambre-agriculture.fr/environnement/carpeso/.;hal-04322179;Only in file2
https://doi.org/10.1145/3199919.31999247.;hal-03135088;Only in file2
https://w3.org/tr/xslt-3023;hal-04125922;Only in file2
https://doi.org/10.1017/s175173111400192x.;hal-03347926;Only in file2
https://arxiv.org/abs/1901.06862.acknowledgements;hal-02087763;Only in file2
https://doi.org/10.1145/2996453interactiveview;hal-03320929;Only in file2
https://openreview.net/forum;hal-03160473;Only in file2
https://w3.org/tr/owl2-profiles/.nikolaou;hal-02109645;Only in file2
https://gitlab.inria.fr/aamalou/catreen.git.a.;hal-03890057;Only in file2
https://hal.univ-cotedazur.fr/hal-02337828submitted;hal-02337828;Only in file2
https://dx.doi.org/10.1126/science.286.5439.509;hal-02934277;Only in file2
https://lifeclef.org/10;hal-02273257;Only in file2
https://dx.doi.org/10.1186/2041-1480-5-32xintao;hal-02435371;Only in file2
https://proceedings.mlr.press/v48/hernandez-lobatoa16.html;hal-03897397;Only in file2
https://hal.archives-ouvertes.fr/hal-02159014;hal-04093045;Only in file2
https://doi.org/10.1145/3308560.33170741;hal-02064075;Only in file2
https://postgresql.org/docs/12/cube.html;hal-03320929;Only in file2
https://doi.org/10.1016/j.cropro.2016.03.001dejong;hal-02228974;Only in file2
https://gbif.org/the;hal-03150701;Only in file2
https://doi.org/10.3233/ssw21004574.;hal-04201661;Only in file2
https://doi.org/10.5220/000544830443045477.;hal-04201661;Only in file2
https://doi.org/10.1109/icstc.2017.8011861chap-https://doi.org/10.1002/9780470627242.ch18wiley-blackwell;hal-01999453;Only in file2
https://gitlab.inria.fr/enajm/related-doc2efese;lirmm-03785968;Only in file2
https://cbd.int/15;hal-02945382;Only in file2
https://hal.archives-ouvertes.fr/hal-0137378124.;hal-04322219;Only in file2
https://hal.inria.fr/hal-01059273.fabien;hal-03189474;Only in file2
https://doi.org/10.1016/j.patrec.2021.07.003valan;hal-03871553;Only in file2
https://hal.inria.fr/hal-0132590033;hal-01925496;Only in file2
https://osr-cesbio.ups-tlse.fr/~oso/posts/2017-03-30-carte-s2-2016/24;hal-02945382;Only in file2
https://doi.org/10.1016/j.eswa.2019.03.01210.;hal-02277678;Only in file2
https://doi.org/10.1073/pnas.0807754105railsback;hal-02228974;Only in file2
https://github.com/brijmohan/kaldi/tree/master/egs/librispeech_spkv/v24https://espnet.github.io/espnet/5https://github.com/jeremycchsu/python-wrapper-for-world-vocoderare;hal-02355115;Only in file2
https://doi.org/10.1002/ppp3.10150bauters;hal-03871553;Only in file2
https://doi.org/10.7155/jgaa.00124;hal-03084029;Only in file2
https://doi.org/10.1145/3394979proc.;hal-03138755;Only in file2
https://sake.re/20210601-dotg.;hal-03939919;Only in file2
https://jstor.org/stable/2629312.48;hal-03104155;Only in file2
https://data.cityofnewyork.us/health/dohmh-new-york-city-restaurant-inspection-results/43nn-pn8j.;hal-03770516;Only in file2
https://doi.org/10.1145/359545.359563;hal-04212814;Only in file2
https://doi.org/xx.xxxx/xxxxxxx.xxxxxxx.;hal-03657095;Only in file2
https://github.com/bit-bots/imagetagger;hal-02573627;Only in file2
https://agroportal.lirmm.fr/ontologies/po2.;hal-03662183;Only in file2
https://doi.org/10.1145/3292500.33307121;hal-02190790;Only in file2
https://hal.inrae.fr/hal-03329674submitted;hal-03329674;Only in file2
https://github.com/ﬂairnlp/ﬂair3https://www.clips.uantwerpen.be/conll2003/ner/4https://www.mpi-inf.mpg.de/departments/databases-and-information-systems/research/ambiverse-nlu/13;hal-03150441;Only in file2
https://lmcs.episciences.org/submitted;hal-03111682;Only in file2
https://doi.org/10.1080/01904160701555648han;hal-02228974;Only in file2
https://bitbucket.org/grizzo001/dl-foil/src/master/16;hal-04353543;Only in file2
https://wasabi.i3s.unice.fr/5;hal-03295581;Only in file2
https://dumps.wikimedia.org/2https://www.yago-knowledge.org/figure;hal-02381093;Only in file2
https://w3.org/designissues/semantic.html;hal-02748219;Only in file2
https://bluekai.com/registry.;hal-03916393;Only in file2
https://poynter.org/ifcn/18;hal-03189474;Only in file2
https://inria.hal.science/hal-03464373submitted;hal-03464373;Only in file2
https://doi.org/10.1371/journal.pone.0146385impacts;hal-02228974;Only in file2
https://doi.org/10.34971/zaz0-n247bonnet;hal-03338811;Only in file2
https://doi.org/10.1145/1559795.1559809;lirmm-04305787;Only in file2
https://github.com/webaudiomodules.;hal-04337545;Only in file2
https://hal-lirmm.ccsd.cnrs.fr/lirmm-03805997submitted;lirmm-03805997;Only in file2
https://inria.hal.science/hal-02269134submitted;hal-02269134;Only in file2
https://fair-di.eu/fairmat/proposal2https://www.d2kab.org/3https://www.anaee.eu/uri;hal-03404125;Only in file2
https://github.com/helemanc/gryffindor/blob/main/src/data-collection/wiki_query_service.py.;hal-04262826;Only in file2
https://aclanthology.org/d16-1019;hal-04041691;Only in file2
https://doi.org/10.1177/1461444810365297arxiv:https://doi.org/10.1177/1461444810365297;emse-02070625;Only in file2
https://doi.org/10.48550/arxiv.2303.02829.;hal-04377324;Only in file2
https://lod-cloud.net/2https://lod-a-lot.lod.labs.vu.nl/credit;hal-03500522;Only in file2
https://dx.doi.org/10.1145/2463676.2465296david;hal-02435371;Only in file2
https://open.canada.ca/data/en/dataset/800106c1-0b08-401e-8be2-ac45d62e662e.;hal-03564455;Only in file2
https://doi.org/10.48550/arxiv.2108.06896.13.;hal-03769993;Only in file2
https://qwone.com;hal-03100039;Only in file2
https://w3.org/tr/owl2-overview/.;hal-04115029;Only in file2
https://hal.inrae.fr/hal-04320566submitted;hal-04320566;Only in file2
https://hal-lirmm.ccsd.cnrs.fr/lirmm-02266483submitted;lirmm-02266483;Only in file2
https://arxiv.org/abs/1909.04746.;hal-02406503;Only in file2
https://doi.org/10.3897/biss.7.112545abstracthuman;hal-04430929;Only in file2
https://doi.org/10.4204/eptcs.215.53.;hal-03112715;Only in file2
https://inria.hal.science/hal-03414756submitted;hal-03414756;Only in file2
https://doi.org/10.1016/s0079-7421;hal-04293239;Only in file2
https://inria.hal.science/hal-02166432v2submitted;hal-02166432;Only in file2
https://doi.org/10.1038/s41746-019-0162-5.13.;hal-03602177;Only in file2
https://corese.inria.fr/federate/sparql.3;hal-03946680;Only in file2
https://github.com/kungbib/swedish-bert-models7;hal-04008864;Only in file2
https://inria.hal.science/hal-04228304submitted;hal-04228304;Only in file2
https://qweb.cs.aau.dk/jedi/.;hal-03886320;Only in file2
https://doi.org/10.1145/3297280.3297327figure;hal-01999453;Only in file2
https://vimeo.com/779363288;hal-04317927;Only in file2
https://inria.hal.science/hal-02291460v2submitted;hal-02291460;Only in file2
https://ncbi.nlm.nih.gov/pubmed/31359873.;hal-04346759;Only in file2
https://usenix.org/legacy/events/osdi99/castro.html7.;hal-03112715;Only in file2
https://github.com/salathegroup/plantvillage_deeplearning_paper_analysis.to;hal-02470280;Only in file2
https://agroportal.lirmm.fr/ontologies/taxref-ld.repositorythe;hal-04289970;Only in file2
https://inria.hal.science/hal-02058664v2submitted;hal-02058664;Only in file2
https://inria.hal.science/hal-03135131submitted;hal-03135131;Only in file2
https://doi.org/10.7287/peerj.preprints.2522v2wittenburg;hal-02483307;Only in file2
https://doi.org/10.1109/tlt.2017.2740172;hal-04132566;Only in file2
https://credweb.org/report/20181011.;hal-02064075;Only in file2
https://ncbi.nlm.nih.gov/pmc/the;hal-02317227;Only in file2
https://github.com/mlouarn/rcsparql/.;hal-03602177;Only in file2
https://proceedings.neurips.cc/paper/2017/file/3f5ee243547dee91fbd053c1c4a845aa-paper.pdf.;hal-04346759;Only in file2
https://ilpubs.stanford.edu:8090/422/.previous;hal-03135088;Only in file2
https://doi.org/10.1111/pce.12119boudreau;hal-02228974;Only in file2
https://hal-lirmm.ccsd.cnrs.fr/lirmm-02913503submitted;lirmm-02913503;Only in file2
https://cran.r-project.org/web/packages/stmotif/index.html3https://eic.cefet-rj.br/~eogasawara/csa;lirmm-02984969;Only in file2
https://doi.acm.org/10.1145/2740908.2742729.doi:10.1145/2740908.2742729.;hal-04351729;Only in file2
https://github.com/webaudiomodules.;hal-03871660;Only in file2
https://usgs.gov/core-science-systems/nli/landsat/landsat-8.4;hal-04411802;Only in file2
https://onlinelibrary.wiley.com/doi/abs/10.1111/1467-9469.00350;lirmm-02364411;Only in file2
https://doi.org/10.3897/biss.5.73751abstractautomated;hal-03338823;Only in file2
https://doi.org/10.1093/aob/mcr257dong;hal-02228974;Only in file2
https://premierinc.com/newsroom/education/premier-healthcare-database-whitepaper5reduced;hal-03266004;Only in file2
https://creativecommons.org/licenses/by/4.0/.internationalattribution4.0;hal-04115029;Only in file2
https://inria.hal.science/hal-03059482submitted;hal-03059482;Only in file2
https://arxiv.org/abs/1106.1819;hal-03514297;Only in file2
https://doi.org/10.1101/2020.04.13.20059691.this;hal-02918344;Only in file2
https://knowledge.amia.org/76677-amia-1.4637602/f006-1.4642154/f006-1.4642155/82-1.4642180/1077-1.4642177.188;hal-04353523;Only in file2
https://academic.oup.com/biosciencei/baa0445825721bygueston15may2020;hal-02573627;Only in file2
https://dx.doi.org/10.1145/1166074.116607621.;hal-03527888;Only in file2
https://aisel.aisnet.org/sais2013/24.ian;hal-04358408;Only in file2
https://mdpi.com/2413-8851/3/3/100/s1.author;hal-02319539;Only in file2
https://doi.org/10.4230/lipics.concur.2021.24;lirmm-03833578;Only in file2
https://inria.hal.science/hal-03854573submitted;hal-03854573;Only in file2
https://arxiv.org/abs/1812.02696.;hal-02406503;Only in file2
https://doi.org/10.1109/tse.2017.2659745.;lirmm-02949807;Only in file2
https://doi.org/10.1038/s41598-020-69861-86vol:.;hal-02919190;Only in file2
https://inria.hal.science/hal-03103700v2submitted;hal-03103700;Only in file2
https://doi.org/10.1093/aob/mc1020faverjon;hal-02228974;Only in file2
https://sciencedirect.com/science/article/pii/s0953543811000579.;hal-04366893;Only in file2
https://dx.doi.org/10.1145/3292522.3329406main;hal-03960471;Only in file2
https://github.com/maximiliense/glc1915;hal-02190170;Only in file2
https://doi.org/10.1016/j.procs.2015.12.233;hal-03369680;Only in file2
https://w3.org/tr/rdf-sparql-query/6;hal-02100230;Only in file2
https://sciencedirect.com/science/article/pii/s0926580516302928;hal-03892080;Only in file2
https://w3.org/1999/02/22;hal-02936253;Only in file2
https://doi.acm.org/10.1145/3243734.3243818.;hal-02406503;Only in file2
https://inria.hal.science/hal-03934331submitted;hal-03934331;Only in file2
https://github.com/robertdvdk/part_detection1.;hal-04183747;Only in file2
https://doi.org/10.1038/s41598-023-46925-z10vol:.;hal-04320566;Only in file2
https://brahmsonline.kew.org/content/projects/msbp/resources/training/kew_science_collections_strategy_2018-2028.pdfzeuss;hal-03871553;Only in file2
https://iacademc.oup.com/insililcopants/advance-artice-abstract/ldoi/.101093/insiliil/copants/dz0075519776bygueston30june2019;hal-02253260;Only in file2
https://doi.org/10.1038/nclimate3115liu;hal-02228974;Only in file2
https://doi.org/10.1111/j.1365-2400.2011.00844.x.;hal-03228509;Only in file2
https://github.com/ukplab/emnlp2017-bilstm-cnn-crf2hudoc.echr.coe.intthe;hal-02381078;Only in file2
https://dx.doi.org/10.1145/543613.543644shira;hal-02066516;Only in file2
https://team.inria.fr/cedar/projects/pathways/.our;hal-04131977;Only in file2
https://w3.org/tr/owl-features/chong;hal-02435371;Only in file2
https://doi.org/10.1214/aos/117634796333.;hal-02639237;Only in file2
https://inria.hal.science/hal-04371254submitted;hal-04371254;Only in file2
https://sabiod.telemeta.org/22.;hal-02873670;Only in file2
https://arxiv.org/help/bulk_data2https://github.com/kermitt2/pdfaltoshrey;hal-03293643;Only in file2
https://doi.org/10.1111/nph.14027callaway;hal-02228974;Only in file2
https://doi.org/10.1371/journal.pcbi.1008856editor:;hal-03220977;Only in file2
https://w3.org/tr/2013/rec-sparql11-query-20130321/6.;hal-04388974;Only in file2
https://aksw.github.io/lsq/6;hal-03118422;Only in file2
https://inria.hal.science/hal-02191794submitted;hal-02191794;Only in file2
https://doi.org/10.1111/ecog.0150939.;hal-02639237;Only in file2
https://doi.org/10.1145/322234.322238;hal-03516360;Only in file2
https://downloads.dbpedia.org/repo/dbpedia/spotlight/spotlight-model/7.;hal-03230741;Only in file2
https://github.com/sisaman/gap.references;hal-03905068;Only in file2
https://hal.inria.fr/hal-01153704.;hal-03156136;Only in file2
https://inria.hal.science/hal-03500647submitted;hal-03500647;Only in file2
https://doi.org/10.1093/gigascience/giaa030feng;hal-03711320;Only in file2
https://hal.inrae.fr/hal-03693593submitted;hal-03693593;Only in file2
https://drops.dagstuhl.de/opus/volltexte/2018/8594.;hal-02492780;Only in file2
https://csie.ntu.edu.tw/~cjlin/libsvm/2https://archive.ics.uci.edu/ml/datasets.htmlf-measure.;hal-02049763;Only in file2
https://arxiv.org/abs/2009.08634;hal-03514297;Only in file2
https://arxiv.org/abs/1912.11064;hal-03356951;Only in file2
https://dx.doi.org/10.1103/physreve.78.046110ldbc.;hal-02435371;Only in file2
https://dl.acm.org/doi/10.5555/2457524.2457672daiber;hal-03404580;Only in file2
https://doi.org/10.14778/3352063.33521011.introductionrdf;hal-02152844;Only in file2
https://doi.org/10.1111/j.1541-0420.2012.01824.x;hal-03220977;Only in file2
https://www-01.ibm.com/software/commerce/optimization/cplex-optimizer/index.html;hal-02319521;Only in file2
https://spark.apache.org/mllib/.4.;lirmm-02045144;Only in file2
https://project.inria.fr/espdms/games/1/1;hal-03941868;Only in file2
https://pdfs.semanticscholar.org/d82a/786f460a5d5c2c6d97aa60f0ead0e70dc67e.pdf;hal-03356951;Only in file2
https://gitlab.inria.fr/lcornang/tag/.;hal-03564455;Only in file2
https://dx.doi.org/10.1007/11523468_893.;hal-02532706;Only in file2
https://doi.org/10.1145/3543507.35838751;hal-04129915;Only in file2
https://doi.org/10.1007/978-3-319-32824-916.;hal-03079818;Only in file2
https://dbpedia.org/class/yago/retrovirus101336282;hal-03502001;Only in file2
https://github.com/lamiad/asaxwe;lirmm-03806053;Only in file2
https://tinyurl.com/y4w5umueau;hal-02157559;Only in file2
https://doi.org/10.1016/0304-3975;lirmm-03833578;Only in file2
https://drops.dagstuhl.de/opus/volltexte/2021/13712.;hal-03536045;Only in file2
https://inria.hal.science/hal-02348004submitted;hal-02348004;Only in file2
https://cbd.int/2.;hal-04204378;Only in file2
https://ceur-ws.org/vol-2277/paper07.pdf.schwardmann;hal-02483307;Only in file2
https://iacademc.oup.com//jxbadvance-articedo/li/.101093//jxberad0977143673by/inraeinstituabvbibfbsttnabctionalderecherchepourl;hal-04084880;Only in file2
https://orcid.org/0000-0002-4234-0586a;hal-03965684;Only in file2
https://doi.org/10.1007/s11047-018-9685-y;hal-03897397;Only in file2
https://arxiv.org/pdf/1301.3781.pdf14.;hal-03021075;Only in file2
https://doi.org/10.5281/zenodo.791984565.;hal-04201661;Only in file2
https://about.qwant.com/en/legal/confidentialite;hal-04228304;Only in file2
https://arxiv.org/abs/1502.03167.lin;hal-02910844;Only in file2
https://arxiv.org/abs/1906.00311.alistair;hal-04377324;Only in file2
https://doi.org/10.5281/zenodo.117889112.;hal-04233343;Only in file2
https://doi.org/10.1007/978-3-319-44902-9_7;hal-03138755;Only in file2
https://doi.org/10.1371/journal.pmed.1002546genome11.;hal-03100032;Only in file2
https://docker.com/products/docker-hub;hal-04157720;Only in file2
https://doi.org/10.1007/978-3-319-04519-1_1;hal-03510012;Only in file2
https://inria.hal.science/hal-02106521submitted;hal-02106521;Only in file2
https://github.com/romaissalmh/elections2022.2;hal-04129915;Only in file2
https://doi.org/10.5281/zenodo.790717231.;hal-04201661;Only in file2
https://inria.hal.science/hal-03384058v2submitted;hal-03384058;Only in file2
https://github.com/elecdeb60to16/dataset.wehavedevisedapipelinestructureforidentifyingtheargumentcomponents;hal-02381055;Only in file2
https://numpy.org/.;hal-03347677;Only in file2
https://grid5000.fr.;lirmm-01867717;Only in file2
https://doi.acm.org/10.1145/2815493.2815499geo-indistinguishability.doiprivacy2;hal-03329908;Only in file2
https://sciencedirect.com/science/article/pii/s0304397519303214manuscript_5a5346aae94ebd477ffa2198611c185fcomputing;hal-01891814;Only in file2
https://w3.org/tr/void;hal-04171196;Only in file2
https://doi.org/10.1016/j.is.2017.02.002lopes;hal-02984949;Only in file2
https://doi.org/10.1109/tkde.2017.2685998;hal-03320929;Only in file2
https://researchgate.net/publication/235898031_network_transformation_of_gene_expression_for_feature_extraction.;hal-02297702;Only in file2
https://w3id.org/rml/portal/compatibilitybackwards-compatibility.html;hal-04201661;Only in file2
https://identifiers.org/kegg.compound/c00562;hal-04125922;Only in file2
https://w3.org/standards/semanticweb/3;hal-02100230;Only in file2
https://doi.org/10.1257/jep.31.2.21116;hal-03112715;Only in file2
https://creativecommons.org/licenses/by/4.0/.;hal-03031812;Only in file2
https://doi.org/10.1016/j.neucom.2017.01.078;hal-04014977;Only in file2
https://github.com/turingtrain/lyrics_thumbnailing2141;hal-03133188;Only in file2
https://hdl.handle.net/10183/157522.chawuthai;hal-03404572;Only in file2
https://webdam.inria.fr/alice/.2;hal-02310749;Only in file2
https://doi.org/10.3897/biss.4.58933bonnet;hal-03338811;Only in file2
https://doi.org/10.1145/3411764.3445718;hal-04132566;Only in file2
https://doi.org/10.1007/s11104-016-3092-xgérard;hal-02228974;Only in file2
https://project.inria.fr/corese/in;hal-03404125;Only in file2
https://doi.org/10.1111/epi.13709.;hal-03263469;Only in file2
https://doi.org/10.1007/s10055-018-0364-1.doi:10.1007/s10055-018-0364-1.;hal-03369680;Only in file2
https://ncbi.nlm.nih.gov/pmc/articles/pmc3041576/leng;hal-03404580;Only in file2
https://doi.org/10.1007/978-3-319-07443-6_13;hal-03946680;Only in file2
https://opencv.org;hal-01895279;Only in file2
https://colab.research.google.com;hal-04157720;Only in file2
https://lod-cloud.net/.;hal-03662183;Only in file2
https://purl.obolibrary.org/obo/pr_000035415;lirmm-02945170;Only in file2
https://inria.hal.science/hal-01895279submitted;hal-01895279;Only in file2
https://petrus.inria.fr/~bouganim/dispers.mp4.;hal-02269209;Only in file2
https://doi.org/10.1016/j.fcr.2007.04.008corre-hellou;hal-02228974;Only in file2
https://rdocumentation.org/packages/mass/versions/7.3-51.1/topics/fitdistr.2.;lirmm-02045144;Only in file2
https://doi.org/10.1145/3524273.3532895introduction1immersive;hal-03710323;Only in file2
https://doi.acm.org/10.1145/2934872.293490421.;hal-03266462;Only in file2
https://cancer.gov/cancertopics/cancerlibrary/terminologyresources9https://www.informatics.jax.org/searches/ama;hal-04366893;Only in file2
https://doi.org/10.1145/3292500.3330712acm;hal-02190790;Only in file2
https://hal.inria.fr/hal-00804503v213.;hal-02051413;Only in file2
https://agroportal.lirmm.fr/ontologies/cropusage.;hal-04289970;Only in file2
https://frontiersin.org/articles/10.3389/fpls.2018.01195/full.;hal-03329674;Only in file2
https://doi.org/10.1145/3308560.33170731;hal-02060966;Only in file2
https://halshs.archives-ouvertes.fr/halshs-00531662lesnard;hal-03296233;Only in file2
https://jmlr.org/papers/v22/20-825.html.7;hal-04353543;Only in file2
https://inria.hal.science/hal-03767967submitted;hal-03767967;Only in file2
https://hal.archives-ouvertes.fr/hal-012527264.;hal-02513295;Only in file2
https://huggingface.co/datasets/awalesushil/dblp-quad3https://huggingface.co/distilbert-base-uncased;hal-04311370;Only in file2
https://inria.hal.science/hal-03320929submitted;hal-03320929;Only in file2
https://linkinghub.elsevier.com/retrieve/pii/0301622685901344.;hal-03315102;Only in file2
https://imitates.gforge.inria.fr/references1.;lirmm-02265726;Only in file2
https://aicrowd.com/challenges/lifeclef-2020-bird-monophonereferences1.;hal-02989101;Only in file2
https://hal.inria.fr/hal-01843967.fabien;hal-03189474;Only in file2
https://inria.hal.science/hal-03896402submitted;hal-03896402;Only in file2
https://sae.org/standards/content/j3016_202104;hal-04205128;Only in file2
https://ceur-ws.org/vol-2936/paper-122.pdfgoëau;hal-03871553;Only in file2
https://hal-lirmm.ccsd.cnrs.fr/lirmm-03443660submitted;lirmm-03443660;Only in file2
https://ietf.org/rfc/rfc3987.txt16.;hal-03135088;Only in file2
https://purl.obolibrary.org/obo/go_0001558;lirmm-02945170;Only in file2
https://doi.org/10.1186/s13326-022-00266-4researchopen;hal-03602177;Only in file2
https://doi.org/10.1016/0167-6423;hal-04125922;Only in file2
https://inria.hal.science/hal-02532706v2submitted;hal-02532706;Only in file2
https://comparativeagendas.s3.amazonaws.com/codebookfiles/nyt_front_page_policy_agendas_codebook_updated_with_new_cap_codes.pdf.;hal-04129915;Only in file2
https://linkeddata.ge.imati.cnr.it:8890/sparqlin-cludes;hal-03301330;Only in file2
https://arxiv.org/abs/1506.00242.;hal-02406503;Only in file2
https://doi.org/10.34133/plantphenomics.011211downloaded;hal-04322179;Only in file2
https://tinyurl.com/data-governance-act;hal-04228038;Only in file2
https://doi.org/10.1016/j.eja.2013.09.009finckh;hal-02228974;Only in file2
https://doi.org/10.1145/3563359.3596994publication;hal-04205128;Only in file2
https://huggingface.co/gryffindor-isws10the;hal-04262826;Only in file2
https://hal-lirmm.ccsd.cnrs.fr/lirmm-03148271submitted;lirmm-03148271;Only in file2
https://inria.hal.science/hal-03886320submitted;hal-03886320;Only in file2
https://eur-lex.europa.eu/legal-content/en/txt/html;hal-04311598;Only in file2
https://hal.archives-ouvertes.fr/hal-0329214025.;hal-03807744;Only in file2
https://arxiv.org/abs/2007.04454;hal-03514297;Only in file2
https://doi.org/10.5220/0005591001790186ic3k;hal-03892080;Only in file2
https://aims.fao.org/aos/agrovoc/c_3360;hal-03889780;Only in file2
https://github.com/nyxpho/graphcite2https://ncses.nsf.gov/pubs/nsb20206/oana;hal-03648498;Only in file2
https://blog.google/products/search/making-it-easier-discover-datasets;hal-03905184;Only in file2
https://doi.org/10.5281/zenodo.424713419;hal-03404580;Only in file2
https://github.com/mell-uff/freep.the;hal-03418836;Only in file2
https://sciencedirect.com/science/article/pii/s0167739x1830232223.;hal-03266462;Only in file2
https://maths.gla.ac.uk/~cc/pdf/leinster2011.pdf.;hal-03905183;Only in file2
https://ceur-ws.org/vol-1265/owled2014_submission_11.pdf.tahani;hal-02571170;Only in file2
https://github.com/guillaume-thiry/oecd-chatbot.;hal-03021075;Only in file2
https://arxiv.org/abs/2009.14794.;hal-03256451;Only in file2
https://aaai.org/ocs/index.php/kr/kr16/paper/view/12893;hal-02984951;Only in file2
https://dblp.uni-trier.de/db/conf/iadis/el2008.html;hal-02571170;Only in file2
https://doi.org/10.1145/256303.256306;hal-03140067;Only in file2
https://cran.r-project.org/package=sensitivityisbell;hal-03358998;Only in file2
https://doi.org/10.5281/zenodo.4972593.author;hal-03693593;Only in file2
https://ncbi.nlm.nih.gov/pubmed/12648679;hal-04125922;Only in file2
https://doi.org/10.1007/bf0002850217.;hal-03220977;Only in file2
https://purl.obolibrary.org/obo/ncbitaxon_1023911;hal-02939363;Only in file2
https://publish.plantnet-project.org/project/caypub15.;hal-02873670;Only in file2
https://w3.org/tr/2017/rec-shacl-20170720/.47;hal-04358408;Only in file2
https://doi.org/10.1186/s13007-022-00960-5methodologyplant;hal-03881548;Only in file2
https://dx.doi.org/10.1017/s0269888913000039andjuliastoyanovichtransparency.https://ai.shorensteincenter.org/ideas/2018/11/26/follow-the-data-algorithmic-transparency-starts-with-data-transparency;hal-02066516;Only in file2
https://cloud.google.com/enterprise-knowledge-graph/docs/from;hal-04201661;Only in file2
https://ceur-ws.org/vol-2165/paper4.pdf.;hal-03500522;Only in file2
https://hal.inria.fr/hal-01184256.jatuporn;hal-02387680;Only in file2
https://w3.org/tr/2014/rec-vocab-dcat-20140116/23.;hal-03807744;Only in file2
https://example.org/probability;hal-02064075;Only in file2
https://doi.org/10.1109/icde.2003.1260806;hal-04110779;Only in file2
https://doi.org/10.1016/1045-926x;hal-03871500;Only in file2
https://inria.hal.science/hal-03498125submitted;hal-03498125;Only in file2
https://help.duckduckgo.com/privacy/anonymous-mous;hal-04228304;Only in file2
https://doi.org/10.1111/1365-2435.12732zhang;hal-02228974;Only in file2
https://keras.io/0.000.250.500.751.00accuracyforxcnn0.00.20.40.60.81.0accuracyforfswin:64tie:1loss:20p-value:6.60e-070.000.250.500.751.00accuracyforxcnn0.00.20.40.60.81.0accuracyforlswin:27tie:1loss:57p-value:1.15e-030.000.250.500.751.00accuracyforxcnn0.00.20.40.60.81.0accuracyforeliswin:23tie:0loss:29p-value:8.63e-010.000.250.500.751.00accuracyforcnn0.00.20.40.60.81.0accuracyforlswin:42tie:5loss:38p-value:3.60e-01;hal-03025671;Only in file2
https://doi.org/10.1145/3178876.318599831.;hal-03807744;Only in file2
https://papers.neurips.cc/paper/9015-pytorch-an-imperative-style-high-performance-deep-learning-library.pdf;hal-03648498;Only in file2
https://proceedings.neurips.cc/paper/2021/hash/f6a673f09493afcd8b129a0bcf1cd5bc-abstract.html.228;hal-04353543;Only in file2
https://inria.hal.science/hal-02936253submitted;hal-02936253;Only in file2
https://inria.hal.science/hal-03934438v2submitted;hal-03934438;Only in file2
https://iso.org/standard/77520.html31.;hal-03079818;Only in file2
https://sourceforge.net/projects/dbpedia-spotlight/files/2016-10/en/12;hal-03807744;Only in file2
https://i3s.unice.fr/~fmichel/xr2rml_specification_v5.html9.;hal-03889968;Only in file2
https://gov.uk/government/news/the-midata-vision-of-consumer-empowerment;hal-01949641;Only in file2
https://hal.inrae.fr/hal-03347926submitted;hal-03347926;Only in file2
https://doi.org/10.1007/s00138-022-01276-zdrinkwater;hal-03871553;Only in file2
https://sbml.org/sbml/symbols/time;hal-04125922;Only in file2
https://esgyn.com/wp-content/uploads/esgyndb-technical-rep.;lirmm-03639381;Only in file2
https://doi.org/10.1145/2636805.263682127.;hal-03527888;Only in file2
https://sparontologies.github.io/fabio/current/fabio.html10;hal-02939363;Only in file2
https://github.com/fr0stbyter/sol13;hal-03812972;Only in file2
https://hal.umontpellier.fr/hal-0228145525.;hal-03415990;Only in file2
https://dx.doi.org/10.21037/atm-20-3650;hal-03716868;Only in file2
https://doi.org/10.1109/ipdps.2017.3613.;hal-03112715;Only in file2
https://musketeer.eu/project/.;hal-02406503;Only in file2
https://doi.org/10.1109/iv53921.2021.00013.;hal-04293239;Only in file2
https://doi.org/10.1016/j.rse.2005.10.01438.;hal-03220977;Only in file2
https://usenix.org/conference/osdi16/technical-sessions/presentation/jyothi;hal-03897397;Only in file2
https://doi.org/10.5281/zenodo.version;hal-03601145;Only in file2
https://github.com/philippschlehubercaissier/wspot.we;hal-04344167;Only in file2
https://papers.nips.cc/paper_files/paper/2022/hash/9d5609613524ecf4f15af0f7b31abca4-abstract-conference.html.200;hal-04353543;Only in file2
https://eatcs.org/beatcs/index.php/beatcs/article/view/596.25;hal-03940590;Only in file2
https://inria.hal.science/hal-03117322submitted;hal-03117322;Only in file2
https://grid5000.fr;hal-02610447;Only in file2
https://di.ens.fr/~ngrosshans/.;hal-02414771;Only in file2
https://arxiv.org/abs/1711.00399references;hal-03908363;Only in file2
https://sciencedirect.com/science/article/pii/s016764231100181x4.;hal-03135088;Only in file2
https://hal.archives-ouvertes.fr/hal-02916032;hal-04161546;Only in file2
https://doi.org/10.1109/tdsc.2015.2484326.;hal-02406503;Only in file2
https://theses.fr/these;lirmm-04305787;Only in file2
https://hatvp.fr/livraison/merge/declarations.xml27;hal-03150441;Only in file2
https://github.com/rmlio/rmlmapper-java59.;hal-04201661;Only in file2
https://hal.inrae.fr/hal-02980085submitted;hal-02980085;Only in file2
https://arxiv.org/abs/1608.00763abs/1608.00763;hal-03084029;Only in file2
https://arxiv.org/abs/1812.03224;hal-03160473;Only in file2
https://inria.hal.science/hal-03913481submitted;hal-03913481;Only in file2
https://doi.org/10.1111/epi.13678.;hal-03263469;Only in file2
https://doi.org/10.1093/database/baw105.24.;hal-03602177;Only in file2
https://wikidata.org/entity/q176996;hal-03230741;Only in file2
https://doi.org/10.what;hal-02406503;Only in file2
https://doi.org/10.1145/3308558.3313472;hal-03516360;Only in file2
https://inria.hal.science/hal-03812948submitted;hal-03812948;Only in file2
https://doi.org/10.48550/arxiv.1511.06348.18.;hal-03769993;Only in file2
https://dx.doi.org/10.1016/0020-0190;hal-03021960;Only in file2
https://github.com/sisaman/gap.1;hal-03905068;Only in file2
https://hal.inrae.fr/hal-03641389submitted;hal-03641389;Only in file2
https://doi.org/10.1111/j.1467-2979.2004.00144.x.;hal-03228509;Only in file2
https://inria.hal.science/hal-02907918submitted;hal-02907918;Only in file2
https://cnbc.com/2021/12/27/metas-oculus-virtual-reality-headsets-were-a-popular-holiday-gift.html;hal-03710323;Only in file2
https://dbpedia.org/resources/knowledge-graphs/2https://www.dbpedia.org/resources/live/histories;hal-04388912;Only in file2
https://wikidata.org.46.;hal-03118422;Only in file2
https://doi.org/10.1109/wi-iat.2015.205;hal-02289497;Only in file2
https://eprint.iacr.org/2000/06756;hal-02913866;Only in file2
https://portal.idigbio.org/portal/search6;hal-02980085;Only in file2
https://doi.org/10.1007/s13218-020-00680-9.;hal-03801032;Only in file2
https://inria.hal.science/hal-03424974v3submitted;hal-03424974;Only in file2
https://w3.org/tr/xmlschema-1/28.;hal-04125922;Only in file2
https://sciencedirect.com/science/article/pii/000925098780099421;hal-04125922;Only in file2
https://doi.org/10.1038/s41597-023-02642-wrλ;hal-04386951;Only in file2
https://github.com/podmr/darql/.;hal-02096714;Only in file2
https://sake.re/20230120-mtoa.;hal-04351105;Only in file2
https://doi.org/10.18653/v1/s19-2011.;hal-04014977;Only in file2
https://auai.org/uai2017/proceedings/papers/306.pdf.130;hal-04353543;Only in file2
https://dx.doi.org/10.1016/j.tcs.2014.07.032.;hal-03156136;Only in file2
https://radiofrance.com/professionnels/regie-publicitaire/actualite/les-audiences-janvier-mars-2022;hal-03767992;Only in file2
https://ckan.org/20iana;hal-02060966;Only in file2
https://github.com/benjaminocampo/bridging_ie_hs_embs.;hal-04351644;Only in file2
https://datamusee.givingsense.eu/onto;hal-04171196;Only in file2
https://ai.googleblog.com/2020/05/collaborative;hal-02406503;Only in file2
https://tools.ietf.org/html/draft-ietf-core-resource-directory-239https://github.com/thingweb/thingweb-directory;hal-02289497;Only in file2
https://obi-wan.saclay.inria.fr/references;hal-02921434;Only in file2
https://dis.uniroma1.it/~degiacom/didattica/semingsoft/sis05-06/materiale/1-query-congiuntive/riferimenti/vardi-1982.pdf;hal-03514297;Only in file2
https://ceur-ws.org/5.;hal-02873670;Only in file2
https://doi.org/10.1126/sciadv.aav3473davis;hal-03871553;Only in file2
https://dx.doi.org/10.1145/1989323.1989340cynthia;hal-02435371;Only in file2
https://doi.org/10.1145/3297280.32973272.;lirmm-03036910;Only in file2
https://doi.org/10.1002/ppp3.10148chinese;hal-03871553;Only in file2
https://arxiv.org/abs/1503.08895.;hal-03256451;Only in file2
https://proceedings.mlr.press/v202/xu23t.html.187;hal-04353523;Only in file2
https://cs.put.poznan.pl/alawrynowicz/ﬁnancial.owl.4https://www.biopax.org/release/biopax-level2.owl.5https://www.semanticbible.com/ntn/ntn-view.html.n;hal-02084977;Only in file2
https://inria.hal.science/hal-02422796submitted;hal-02422796;Only in file2
https://doi.org/10.14778/3352063.33521031.introductiontoday;hal-02267180;Only in file2
https://doi.org/10.1016/j.jcss.2013.01.012;lirmm-04277973;Only in file2
https://citeseerx.ist.psu.edu/viewdoc/summary;hal-03514297;Only in file2
https://doi.org/10.5281/zenodo.3922069.9;hal-02483307;Only in file2
https://hal.inrae.fr/hal-04387090submitted;hal-04387090;Only in file2
https://pubchem.ncbi.nlm.nih.gov/2https://catalog.ldc.upenn.edu/ldc99t42;hal-02435371;Only in file2
https://cbd.int/7.;hal-02873670;Only in file2
https://doi.org/10.18653/v1/d19-1474.;hal-04014977;Only in file2
https://doi.org/10.1007/978-3-642-59136-5_9;hal-03140067;Only in file2
https://doi.org/10.4018/jissc.2010100104knörzer;hal-02228974;Only in file2
https://inria.hal.science/hal-02274497v2submitted;hal-02274497;Only in file2
https://matportal.org/39https://matportal.org/ontologies/bwmd-mid40https://matportal.org/ontologies/mseo41https://github.com/materialdigital/core-ontology/42https://www.ebi.ac.uk/ols/ontologies/prov43https://industrialontologies.org/working-groups/the-material-science-and-engineering-mse-working-group-wg/44https://ontocommons.eu45https://github.com/mat-o-lab/alutraceproject;hal-04366893;Only in file2
https://sabiod.org/icml4b2013_book.pdf13.;hal-03415990;Only in file2
https://doi.org/10.5281/zenodo.4247134https://covidontheweb.inria.fr/sparqlhttps://github.com/wimmics/covidonthewebhttps://ns.inria.fr/covid19/https://ns.inria.fr/covid19/covidontheweb-1-2reproductibilité.;hal-03230741;Only in file2
https://doi.org/10.1016/j.ecolmodel.2005.03.02610.;hal-03220977;Only in file2
https://doi.acm.org/10.1145/1023720.10237379.;hal-03266462;Only in file2
https://gist.github.com/johnmeade/d8d2c67b87cda95cd253f55c21387e75.;hal-03197376;Only in file2
https://jmlr.org/papers/v21/19-737.html.;hal-02406503;Only in file2
https://dx.doi.org/10.1145/2783258.2783311sorelle;hal-02066516;Only in file2
https://hl7.org/fhir/mapping-language.html.;hal-03937274;Only in file2
https://creativecommons.org/licenses/by/4.0/.;hal-04386951;Only in file2
https://hatemeter.eu;hal-02381152;Only in file2
https://gitlab.inria.fr/glatour/geebis.acknowledgment.;hal-04132499;Only in file2
https://doi.org/10.1016/j.engappai.2022.10475582.;hal-04201661;Only in file2
https://doi.org/10.11120/plan.2001.00020026;hal-04132566;Only in file2
https://doi.org/10.1016/j.ijhcs.2013.09.006.;hal-03811274;Only in file2
https://inria.hal.science/hal-03905068submitted;hal-03905068;Only in file2
https://github.com/huggingface/transformers14the;hal-03264761;Only in file2
https://arxiv.org/abs/2002.09284.adnan;hal-04377324;Only in file2
https://doi.org/10.1136/practneurol-2019-002210.;hal-03263469;Only in file2
https://image-net.org/3https://pytorch.org/docs/1.8.1;hal-03817452;Only in file2
https://aclweb.org/anthology/n18-4013.neishi;hal-03256451;Only in file2
https://doi.org/10.1016/s0304-3800;hal-02639237;Only in file2
https://sciencedirect.com/science/article/pii/s1360138513000812.andrew;hal-03329674;Only in file2
https://cs.sjsu.edu/faculty/stamp/rua/hmm.pdf;hal-02441654;Only in file2
https://tinyurl.com/yf3hrxvw14https://youtu.be/svmnkqdnipo15https://sequencer.party;hal-03951799;Only in file2
https://jmlr.org/papers/v20/17-026.html.;hal-02166422;Only in file2
https://arxiv.org/abs/2102.11107.lloyd;hal-04377324;Only in file2
https://inria.hal.science/hal-03025560submitted;hal-03025560;Only in file2
https://semanticscholar.org/paper/small-is-beautiful-a-database-approach-for-global-:-nielsen-dodson/730c388facc81a97379268e37cf9310c748efca8;hal-03228509;Only in file2
https://sciencedirect.com/science/article/pii/s0167880917304309.;lirmm-03785968;Only in file2
https://lewa.org/6;hal-02937618;Only in file2
https://arxiv.org/abs/1810.02132acknowledgements;lirmm-02148200;Only in file2
https://doi.org/10.5281/zenodo.26355013.;hal-02281455;Only in file2
https://force11.org/.2;hal-02483307;Only in file2
https://ncbi.nlm.nih.gov/figure;hal-03889968;Only in file2
https://doi.org/10.1098/rstb.2017.0391nicolson;hal-03871553;Only in file2
https://arxiv.org/abs/1902.04885.;hal-02406503;Only in file2
https://almaden.ibm.com/cs/projects/iis/hdb/projects/datamining/mining.shtml;hal-02435371;Only in file2
https://inria.hal.science/hal-02376987submitted;hal-02376987;Only in file2
https://doi.org/10.1016/j.eja.2018.06.001betencourt;hal-02228974;Only in file2
https://mmlab.ie.cuhk.edu.hk/projects/celeba.html;hal-03902203;Only in file2
https://data.bioontology.org/documentation24;hal-02939363;Only in file2
https://geves.fr/catalogue/.3;hal-04289970;Only in file2
https://legifrance.gouv.fr/loda/id/jorftext000000346165;hal-04311598;Only in file2
https://github.com/plantnet/plantnet-300k/.8;hal-03474556;Only in file2
https://tata.gforge.inria.fr.;hal-03536045;Only in file2
https://pycrop2ml.readthedocs.io.;hal-02962262;Only in file2
https://virtuoso.openlinksw.com/18https://bit.ly/2piszwb;hal-02936253;Only in file2
https://doi.org/10.7717/peerj.488stowell;hal-04405026;Only in file2
https://doi.org/10.1111/j.2007.0906-7590.05171.x48.;hal-03220977;Only in file2
https://vldb.org/pvldb/vol14/p1489-zhu.pdf;hal-03897397;Only in file2
https://data.gouv.fr/datasets/54de1e8fc751df388646738b4https://www.data.gouv.fr/datasets/566e964188ee3875beaf0bf55https://www.scansante.fr/open-ccam/open-ccam-20196https://www.data.gouv.fr/datasets/58d3c14bc751df6883298f1c7data;hal-03326618;Only in file2
https://arxiv.org/abs/1307.532223.;hal-03426142;Only in file2
https://cdjemiel.github.io/pdf/2017-jobim-actes.pdf.accessed;hal-02297702;Only in file2
https://en.wikipedia.org/wiki/gql_graph_query_language.37;hal-04094449;Only in file2
https://inria.hal.science/hal-03925714submitted;hal-03925714;Only in file2
https://inria.hal.science/hal-04337545submitted;hal-04337545;Only in file2
https://influence.bloglovin.com/influencer-marketing-2-0-key-trends-in-2017-a5fb97424cd;hal-01478788;Only in file2
https://doi.org/10.1007/s13593-015-0318-xehrmann;hal-02228974;Only in file2
https://inria.hal.science/hal-03945733submitted;hal-03945733;Only in file2
https://dx.doi.org/10.1016/j.intcom.2011.05.008.;hal-04366893;Only in file2
https://doi.org/10.3233/sw-2010-0018;hal-03905184;Only in file2
https://doi.acm.org/10.1145/3126908.3126951int.;hal-03266462;Only in file2
https://cirad.fr/5.;hal-03969275;Only in file2
https://inria.hal.science/hal-03100032submitted;hal-03100032;Only in file2
https://horizon.documentation.ird.fr/exl-doc/pleins_textes/pleins_textes_6/b_fdi_33-34/38279.pdf;hal-03228509;Only in file2
https://inria.hal.science/hal-02081474submitted;hal-02081474;Only in file2
https://doi.org/10.1104/pp.114.243519cabrera-bosquet;hal-02228974;Only in file2
https://proceedings.mlr.press/v72/shih18a.html.andy;hal-04377324;Only in file2
https://doi.org/10.1145/2506182.2506198ellis;hal-03404580;Only in file2
https://openai.com/blog/better-language-models/15.;hal-04068708;Only in file2
https://doi.org/10.2527/2005.831255x.;hal-03347926;Only in file2
https://data.cms.gov/provider-data/dataset/mj5m-pzi6.;hal-03770516;Only in file2
https://doi.org/10.4018/978-1-60960-593-3.ch008;emse-02070625;Only in file2
https://sake.re/20210927-dotg.;hal-03905182;Only in file2
https://sabiod.org/nips4b14.;hal-04322219;Only in file2
https://dx.doi.org/10.7717/peerj-cs.4792.;hal-03741042;Only in file2
https://doi.org/10.1111/2041-210x.13565botella;hal-03150701;Only in file2
https://hal.inrae.fr/hal-02894994submitted;hal-02894994;Only in file2
https://doi.org/10.1145/3323878.3325809introduction1the;hal-02106521;Only in file2
https://doi.org/10.1145/3584372.35886541;hal-03937274;Only in file2
https://iacademc.oup.com//jxbadvance-articedo/lfigure;hal-03915413;Only in file2
https://duckduckgo.com/y.js.;hal-04228304;Only in file2
https://insee.fr2https://https://ec.europa.eu/eurostat;hal-03791175;Only in file2
https://doi.org/10.1016/j.biosystemseng.2007.08.008.;hal-03347926;Only in file2
https://tools.ietf.org/html/rfc8615datasets.;hal-03301330;Only in file2
https://doi.org/10.1016/j.is.2020.101582.;hal-03765857;Only in file2
https://doi.org/10.1109/icdm.2004.10095.;hal-04014977;Only in file2
https://ncbi.nlm.nih.gov/pubmed/treat;hal-02275997;Only in file2
https://doi.org/10.1186/s13326-017-0166-5.;hal-04351729;Only in file2
https://doi.org/10.1145/1989284.1989312.;hal-02492780;Only in file2
https://vldb.org/pvldb/vol8/p25-li.pdf;hal-03897397;Only in file2
https://rosaceae.org;hal-03711320;Only in file2
https://project.inria.fr/corese/pers;hal-03135088;Only in file2
https://jmlr.org/papers/v21/13-561.html.;hal-02566930;Only in file2
https://fews.net/ipc.https://doi.org/10.1017/eds.2023.42;hal-04411802;Only in file2
https://scikit-learn.org/stable/modules/generated/sklearn.metrics.precision;hal-03417019;Only in file2
https://doi.org/10.3897/bdj.11.e109439abstracttens;hal-03871553;Only in file2
https://doi.org/10.15497/rda00069.;hal-04351729;Only in file2
https://doi.org/10.1007/bf02915449;hal-02902853;Only in file2
https://inria.hal.science/hal-02057980submitted;hal-02057980;Only in file2
https://hal-lirmm.ccsd.cnrs.fr/lirmm-03468587submitted;lirmm-03468587;Only in file2
https://inria.hal.science/hal-03147623submitted;hal-03147623;Only in file2
https://protege.stanford.edu/4https://project.inria.fr/corese/11;hal-03518845;Only in file2
https://iacademc.oup.com//jxbadvance-articedo/lfig.;hal-02903070;Only in file2
https://doi.org/10.1145/3460210.34935471;hal-03518717;Only in file2
https://doi.org/10.1145/33949791;hal-03138755;Only in file2
https://doi.org/10.1007/s10817-007-9078-x.;hal-03801032;Only in file2
https://resdac.org/cms-data/variables/claim-inpatient-admission-type-code-ffs6https://scikit-learn.org/stable/modules/generated/sklearn.preprocessing.minmaxscaler.htmlpatients;hal-03160473;Only in file2
https://hal.inria.fr/hal-01321201;hal-02070827;Only in file2
https://doi.org/10.1007/s00267-010-9584-1.;hal-03228509;Only in file2
https://ccs.neu.edu/home/ramsdell/tools/datalog/datalog.html;hal-01673025;Only in file2
https://github.com/micbuffa/wasabidataset.keywords:;hal-03133188;Only in file2
https://gbif.org/occurrence/download/0105549-210914110416597.;hal-04345310;Only in file2
https://support.google.com/messages/answer/9327902.;hal-02406503;Only in file2
https://proceedings.mlr.press/v80/sanchez-gonzalez18a.htmlinferencecontrol;hal-04041691;Only in file2
https://cvce.eu/recherche/unit-content/-/unit/5cc6b004-33b7-4e44-b6db-f5f9e6c01023/a777197e-0585-43d6-9354-8171c3c76c5c/resources;hal-04293239;Only in file2
https://prod-dekalog.inria.fr.5presence;hal-03946680;Only in file2
https://doi.org/10.1109/icde.2019.0003814;hal-03886320;Only in file2
https://vldb.org/pvldb/vol9/p1209-saha.pdf17.;hal-03021075;Only in file2
https://jasss.soc.surrey.ac.uk/6/2/1.html.;hal-03770578;Only in file2
https://weakg.i3s.unice.fr/sparql123.413.015;hal-03890035;Only in file2
https://iacademc.oup.com0;hal-04084880;Only in file2
https://inria.hal.science/hal-03536045v2submitted;hal-03536045;Only in file2
https://github.com/azure/ai-toolkit-iot-edge.;hal-03510012;Only in file2
https://pytorch.org/7;hal-02290310;Only in file2
https://doi.org/10.1038/s41598-020-69861-82vol:.;hal-02919190;Only in file2
https://doi.acm.org/10.1145/2619239.2626336formenache;hal-03266462;Only in file2
https://doi.org/10.1016/0743-1066;hal-02307999;Only in file2
https://doi.org/10.14778/2850583.2850592;hal-04278100;Only in file2
https://youtu.be/ztmqfciu0-019;hal-03811257;Only in file2
https://inria.hal.science/hal-03905094submitted;hal-03905094;Only in file2
https://nms.kcl.ac.uk/michael.luck/resources/dhms08.pdf.56;hal-04358408;Only in file2
https://doi.org/10.1109/tmm.2021.3124080references;hal-03710323;Only in file2
https://youtu.be/ca1afqlagoe.the;hal-03518845;Only in file2
https://wellcome.ac.uk/funding/guidance/how-complete-outputs-management-plan.8;hal-02483307;Only in file2
https://doi.org/10.1145/767193.767195.;hal-03536045;Only in file2
https://doi.org/10.1073/pnas.2007324117schuettpelz;hal-03871553;Only in file2
https://doi.org/10.1613/jair.953.;hal-04311401;Only in file2
https://doi.org/10.3390/ani9040133.;hal-03347926;Only in file2
https://arxiv.org/abs/1705.11000.;hal-02962262;Only in file2
https://github.com/twintproject/twint7https://gitlab.eurecom.fr/asrael/source-extractor8https://spacy.io;hal-02269134;Only in file2
https://inria.hal.science/hal-03715416submitted;hal-03715416;Only in file2
https://doi.org/10.1006/jtbi.1997.0561goldberg;hal-02228974;Only in file2
https://inria.hal.science/hal-02381055submitted;hal-02381055;Only in file2
https://w3.org/social/wg;hal-03135088;Only in file2
https://purl.org/ontology/af/31;hal-03812106;Only in file2
https://doi.org/10.1080/01449299208924345;hal-03635452;Only in file2
https://doi.org/10.1051/agro:2007057mao;hal-02228974;Only in file2
https://dx.doi.org/10.1016/j.websem.2009.07.002christian;hal-02435371;Only in file2
https://inria.hal.science/hal-03498165submitted;hal-03498165;Only in file2
https://github.com/wimmics/d2kab-wheat-kg/tree/getarticlebypmid_sd/main/sparql-queries;hal-03889968;Only in file2
https://doi.acm.org/10.1145/2939672.2939785.37.lawrence;hal-03220977;Only in file2
https://wasabi.inria.fr/sparqlhttps://caligraph.org/sparqlhow60P@0 %what100�`@ %whendata;hal-04372234;Only in file2
https://huggingface.co/stabilityai/stable-diffusion-2-17the;hal-04262826;Only in file2
https://doi.org/10.1109/mc.2016.59cloud:;lirmm-02265730;Only in file2
https://doi.org/10.1007/978-3-642-23032-5;hal-03934420;Only in file2
https://inria.hal.science/hal-03741042submitted;hal-03741042;Only in file2
https://inria.hal.science/hal-04068708submitted;hal-04068708;Only in file2
https://doi.org/10.1145/3563359.35969941;hal-04205128;Only in file2
https://ir.cwi.nl/pub/21438;hal-03904200;Only in file2
https://github.com/khadidjam/dc-dpm.in;hal-01999453;Only in file2
https://lifeclef.org/16.;hal-02873670;Only in file2
https://ocelma.net/musicrecommendationdataset/8https://github.com/aschein/pgds21;hal-02883800;Only in file2
https://dx.doi.org/10.1007/s10922-014-9336-239.;hal-03266462;Only in file2
https://doi.org/10.1038/nplants.2017.8li;hal-02228974;Only in file2
https://ijcai.org/proceedings/83-1/papers/034.pdf.105;hal-04353543;Only in file2
https://inria.hal.science/hal-03925653submitted;hal-03925653;Only in file2
https://spiral-project.eu/content/documents.html;hal-04405026;Only in file2
https://doi.org/10.1145/3160504.3160506;hal-03138755;Only in file2
https://insee.fr/en/statistiques/ﬁchier/2388575/guide-secret-en.pdf;hal-03097047;Only in file2
https://github.com/remifelin/rdfmininggraph.;hal-03892080;Only in file2
https://arxiv.org/abs/2010.06891.;hal-03256451;Only in file2
https://youtube.com/watch;hal-04311598;Only in file2
https://fao.org/emergencies/emergency-types/plant-pests-and-diseases/en/.https://doi.org/10.1016/j.compag.2020.105220received;hal-02470280;Only in file2
https://inria.hal.science/hal-04353543submitted;hal-04353543;Only in file2
https://doi.org/10.5281/zenodo.2634137botella;hal-03150701;Only in file2
https://github.com/etouss/nullsurvey.1;hal-03934346;Only in file2
https://doi.org/10.1109/tnet.2016.2627005software;hal-03266462;Only in file2
https://dataviz.i3s.unice.fr/arviz/issa15;hal-03807744;Only in file2
https://doi.org/10.1145/3442381.3449900;hal-04110779;Only in file2
https://geographica.di.uoa.gr/16https://dsg.uwaterloo.ca/watdiv;hal-02435371;Only in file2
https://iacademc.oup.comaxis;hal-04084880;Only in file2
https://gitlab.inria.fr/cedar/excel-search.;hal-03767992;Only in file2
https://doi.org/10.1145/2636805.2636821.;hal-03536045;Only in file2
https://imageclef.org/lifeclef20224.;hal-03641389;Only in file2
https://inria.hal.science/hal-01176763v2submitted;hal-01176763;Only in file2
https://ideas-productivity.org.;lirmm-02949807;Only in file2
https://inria.hal.science/hal-03135088submitted;hal-03135088;Only in file2
https://inria.hal.science/hal-03767992submitted;hal-03767992;Only in file2
https://doi.org/10.1007/s00530-015-0462-914.;hal-02639237;Only in file2
https://doi.org/10.1111/j.1095-8649.;hal-03228509;Only in file2
https://inria.hal.science/hal-03626964submitted;hal-03626964;Only in file2
https://dx.doi.org/10.1007/978-3-319-27030-2_1main;hal-03960471;Only in file2
https://doi.org/10.1111/j.1466-7657.2007.00528.x.;hal-03263469;Only in file2
https://hal.inria.fr/hal-01978784;hal-02530206;Only in file2
https://cas.lod-cloud.net4;hal-04353523;Only in file2
https://github.com/khadidjam.;lirmm-03036910;Only in file2
https://doi.org/10.1007/s13593-013-0170-9kattge;hal-02228974;Only in file2
https://purl.obolibrary.org/obo/ncbitaxon.;lirmm-02945170;Only in file2
https://doi.org/10.1007/s10055-008-0081-2.;hal-03369680;Only in file2
https://ics.forth.gr/isl/rdf-digest/an;hal-01925496;Only in file2
https://doi.org/0000001.00000011;hal-02066516;Only in file2
https://startpage.com/sp/cl.;hal-04228304;Only in file2
https://identify.plantnet.org/partners/lucas-survey.;hal-03965684;Only in file2
https://github.com/navefr/shapleyfordbfacts.;hal-03514297;Only in file2
https://w3id.org/rml/portal/keywords:;hal-04201661;Only in file2
https://chat.openai.com12.;hal-04186117;Only in file2
https://coin-or.org/bonmin/.;hal-02549758;Only in file2
https://github.com/cvdfoundation/google-landmark.;hal-02406503;Only in file2
https://oeg-dev.dia.fi.upm.es/licensius/static/ldr/4;hal-03065217;Only in file2
https://github.com/blietard/synonyms-semchange;hal-04126662;Only in file2
https://ceur-ws.org/vol-3389/2022.iccbr_2022_workshop_paper_75.pdf.135;hal-04353543;Only in file2
https://schema.org/11;hal-03404580;Only in file2
https://gitlab.inria.fr/cedar/excel-search.in;hal-03791175;Only in file2
https://vive.com/eu/product/vive-pro-eye/overview/2https://www.hp.com/us-en/vr/reverb-g2-vr-headset-omnicept-edition.html3https://varjo.com/4https://www.rokoko.com/products/smartsuit-pro5https://www.movella.com/products/motion-capture/xsens-mvn-awinda;hal-04102737;Only in file2
https://w3.org/tr/r2rml/38.;hal-04201661;Only in file2
https://dx.doi.org/10.1561/2200000083.;hal-03406994;Only in file2
https://rs.tdwg.org/dwc/terms/guides/rdf;hal-02168164;Only in file2
https://doi.org/10.1109/mic.2012.116semanticheterogene-ieee;hal-03403125;Only in file2
https://identifiers.org/neurovault.collection:1952.;hal-03769993;Only in file2
https://sciencedirect.com/bookseries/handbook;hal-02984951;Only in file2
https://doi.org/10.1007/978-3-319-21542-6_21;lirmm-04305787;Only in file2
https://inrae.fr/en/news/assessing-services-provided-agricultural-ecosystems-improve-their-management.;lirmm-03785968;Only in file2
https://github.com/okfn-brasil/schemaorg-wikidata-map;hal-04366893;Only in file2
https://doi.org/10.1016/0022-2496;hal-02915414;Only in file2
https://doi.org/10.1145/3583780.3614756to;hal-03517826;Only in file2
https://doi.org/10.1177/1750698008102049.;hal-04293239;Only in file2
https://w3.org/tr/2014/note-rdf11-primer-20140624/.;hal-03500522;Only in file2
https://doi.org/10.1145/1247480.1247495;hal-04110779;Only in file2
https://doi.org//10.1016/0304-3800;hal-03167637;Only in file2
https://doi.org/10.5281/zenodo.2634137;hal-02190170;Only in file2
https://doi.org/10.1016/j.anifeedsci.2020.114611.;hal-03347926;Only in file2
https://papers.nips.cc/paper/5542-recurrent-models-of-visual-atten-tion.pdf.nelson;hal-02573627;Only in file2
https://jstor.org/stable/2399589.;hal-03889780;Only in file2
https://yann.lecun.com/exdb/mnist/.ang;hal-03266004;Only in file2
https://covid19.i3s.unice.fr:8080/ldviz29;hal-03404580;Only in file2
https://earth.esa.int/eogateway/missions/skysat.9;hal-04411802;Only in file2
https://hal.inria.fr/inria-00390236/en13.;hal-03527888;Only in file2
https://doi.org/10.1007/3-540-63246-8_10;hal-03127717;Only in file2
https://doi.org/10.1111/ner.12051.;hal-03263469;Only in file2
https://doi.org/10.1145/2488388.2488435;hal-04228304;Only in file2
https://doi.org/10.1145/2467696.2467703ian;hal-04138880;Only in file2
https://doi.org/10.1093/aob/mcu099barillot;hal-02228974;Only in file2
https://doi.org/10.1109/icics49469.2020.239556;hal-04138880;Only in file2
https://portal.unesco.org/ci/fr/ev.php-url_id=3038&url_do=do_topic&url_section=201.html.;hal-02860659;Only in file2
https://doi.org/10.1186/s13673-018-0145-6;hal-04014977;Only in file2
https://github.com/issa-project/web-visualizationhttps://github.com/issa-project/web-backendissa;hal-03807744;Only in file2
https://doi.org/10.1145/3360901.3364449101.;hal-04201661;Only in file2
https://aclweb.org/anthology/d18-2012.doi:10.18653/v1/d18-2012.naud;hal-04346759;Only in file2
https://doi.org/10.1017/s147106841900011552;hal-03934420;Only in file2
https://iacademc.oup.com//jxbadvance-articedo/li/.101093///jxberac4716896019bygueston02january2023figure;hal-03915413;Only in file2
https://doi.org/10.5441/002/edbt.2019.42;hal-02935956;Only in file2
https://aaai.org/ocs/index.php/kr/kr18/paper/view/18013.63;hal-04353543;Only in file2
https://dbpedia.org/resource/severe_acute_respiratory_syndrome5;hal-02939363;Only in file2
https://hal.inria.fr/hal-03692274;hal-03517826;Only in file2
https://doi.org/10.1016/j.scico.2011.10.004.;hal-03135088;Only in file2
https://inria.hal.science/hal-02279726submitted;hal-02279726;Only in file2
https://doi.org/10.1145/3544548.35815751;hal-04132566;Only in file2
https://doi.org/10.1016/s0166-4115;hal-04205128;Only in file2
https://proceedings.mlr.press/v119/tramer20a.html.;hal-02406503;Only in file2
https://doi.org/10.3233/sw-130098;hal-03905184;Only in file2
https://github.com/davidenardone/mtss-multivariate-accuracy;hal-02373429;Only in file2
https://github.com/tkipf/gcn3for;hal-03100039;Only in file2
https://doi.org/10.1145/3167132.3167341shape18.;hal-04031744;Only in file2
https://resdac.org/cms-data/variables/claim-inpatient-admission-type-code-ffs9.;hal-03066941;Only in file2
https://doi.org/10.1016/j.ijdrr.2020.101923;hal-03518717;Only in file2
https://doi.org/10.1145/1772690.1772733;hal-03946680;Only in file2
https://philippe-fournier-viger.com/spmf/20;lirmm-03036868;Only in file2
https://doi.org/10.1111/j.1600-0587.2008.05505.x36.;hal-03220977;Only in file2
https://arxiv.org/pdf/1706.07936.pdf.amarilli;hal-02145369;Only in file2
https://doi.org/10.1186/1756-0500-7-79pearce;hal-03871553;Only in file2
https://fr.dbpedia.org/resource/rein46e.g.;hal-03301330;Only in file2
https://w3.org/tr/2014/note-rdf11-primer-20140624/.andy;hal-04388912;Only in file2
https://bitbucket.org/rdfminer/classdisjointnessaxioms/src/master/results/classdisjointnessaxioms/3https://github.com/remifelin/rdfmining;hal-04346839;Only in file2
https://inria.hal.science/hal-03415972submitted;hal-03415972;Only in file2
https://github.com/brijmohan/adaptive_voice_conversion/tree/master/samples;hal-02355115;Only in file2
https://doi.org/10.1145/3079628.30796705.;hal-04068708;Only in file2
https://w3.org/tr/vocab-dcat/25.;hal-03230741;Only in file2
https://doi.org/10.1525/bio.2011.61.3.4lithourgidis;hal-02228974;Only in file2
https://doi.org/10.1016/0022-0000;hal-03934389;Only in file2
https://dx.doi.org/10.1145/3323214li;hal-02435371;Only in file2
https://doi.org/10.34133/plantphenomics.01125downloaded;hal-04322179;Only in file2
https://etp4hpc.eu/sra.html.;hal-04157720;Only in file2
https://doi.org/10.1016/j.websem.2018.06.003;hal-04230234;Only in file2
https://inria.hal.science/hal-01925496submitted;hal-01925496;Only in file2
https://doi.org/10.1038/nature14539https://10.0.4.14/nature14539;emse-02070625;Only in file2
https://w3.org/designissues/semantic.html;hal-03633526;Only in file2
https://hal.archives-ouvertes.fr/hal-03466451;hal-03934389;Only in file2
https://scikit-learn.org/stable/index.html7https://github.com/mariaangelapellegrino/evaluation-framework;hal-04344873;Only in file2
https://doi.org/10.1371/journal.pone.0232078.g002density;hal-02639237;Only in file2
https://doi.org/10.1093/jas/skz320.;hal-03347926;Only in file2
https://graphql.org/13;hal-03886320;Only in file2
https://doi.org/10.1016/0022-0000;hal-02532706;Only in file2
https://doi.org/10.12930/nacada-14-005;hal-04132566;Only in file2
https://w3id.org/rml/cchttps://w3id.org/rml/fnmlhttps://w3id.org/rml/starpublication.;hal-04201661;Only in file2
https://link.springer.com/10.1007/s10618-012-0250-5.;hal-03315102;Only in file2
https://en.wikipedia.org/wiki/pretty_good_privacy;hal-03138769;Only in file2
https://doi.org/10.3732/ajb.1700125heberling;hal-03871553;Only in file2
https://oeg-dataintegration.github.io/kgc-tutorial-2020cessed;hal-04201661;Only in file2
https://alexandria.unisg.ch/255802/10.;hal-03135088;Only in file2
https://doi.org/10.1007/978-3-319-11964-9_4;hal-02066041;Only in file2
https://doi.org/10.1007/978-3-030-74296-6;hal-04201661;Only in file2
https://ijcai.org/proceedings/09/papers/334.pdf.28;hal-04358408;Only in file2
https://dcc.ac.uk/resources/metadata-standards;hal-04405026;Only in file2
https://doi.org/10.1145/3487553.352425323.;hal-04031744;Only in file2
https://doi.org/10.4230/lipics.mfcs.2019.58;hal-03516360;Only in file2
https://inria.hal.science/hal-03344041v2submitted;hal-03344041;Only in file2
https://iacademc.oup.com/insililcopants/advance-articedo/llisting;hal-02962262;Only in file2
https://doi.org/10.1109/icassp.2019.8682467roy;hal-04411802;Only in file2
https://ns.inria.fr/acta/doc/6https://gitlab.com/tomaye/abstrct/proceedingsofthethirty-firstinternationaljointconferenceonartiﬁcialintelligence;hal-03811323;Only in file2
https://ceur-ws.org/vol-62/eon2002_stojanovic.pdf.122;hal-04353523;Only in file2
https://inria.hal.science/hal-02166422submitted;hal-02166422;Only in file2
https://gdpr-info.eu/art-22-gdpr/2.;hal-04181257;Only in file2
https://inria.hal.science/hal-03820603v2submitted;hal-03820603;Only in file2
https://agroportal.lirmm.fr/ontologies/po2.observationprocessandlilianaagroportalontology.;hal-04115029;Only in file2
https://networkrepository.com/polblogs.php5;hal-03134181;Only in file2
https://github.com/engynasr/mse-benchmark/releases/tag/v1.124https://raw.githubusercontent.com/inovexirad/matonto-ontologies/master/matonto-release.ttl25https://purl.obolibrary.org/obo/bfo/2.0/bfo.owl26https://raw.githubusercontent.com/emmo-repo/emmo/1.0.0-alpha2/emmo.owl;hal-04351729;Only in file2
https://voiceprivacychallenge.org/docs/da-iict-speech-group.pdf.han;hal-03332224;Only in file2
https://zooniverse.org/organizations/meredithspalmer/snapshot-safari;hal-04157720;Only in file2
https://doi.org/10.1137/s0097539791194094.;hal-03536045;Only in file2
https://doi.org/10.1890/0012-9658;hal-03167637;Only in file2
https://pytorch.org/vision/stable/models.html8https://www.kaggle.com/c/geolifeclef-2022-lifeclef-2022-fgvc99https://www.kaggle.com/competitions/geolifeclef-2022-lifeclef-2022-fgvc9/discussion/327055;lirmm-03793595;Only in file2
https://inria.hal.science/hal-03698833submitted;hal-03698833;Only in file2
https://doi.org/10.57745/lvrfwjthat;hal-04289970;Only in file2
https://imitates.gforge.inria.fr/.in;lirmm-02973633;Only in file2
https://usenix.org/conference/hotcloud20/presentation/bag;hal-03897397;Only in file2
https://doi.org/10.34133/plantphenomics.01122downloaded;hal-04322179;Only in file2
https://github.com/jsbroks/coco-annotator;hal-03454183;Only in file2
https://github.com/tdwg/pliniancore.;hal-04198414;Only in file2
https://doi.org/10.1016/s0022-0000;hal-03151014;Only in file2
https://github.com/jeris90/annotationfn.;hal-02990781;Only in file2
https://fatconference.org/3https://en.wikipedia.org/wiki/ricci_v._destefano4https://www.nytimes.com/2018/10/13/us/harvard-aﬃrmative-action-asian-students.html;hal-02066516;Only in file2
https://frontiersin.org/articles/10.3389/fpls.2021.734056/full;hal-03358998;Only in file2
https://inria.hal.science/hal-03516420submitted;hal-03516420;Only in file2
https://inria.hal.science/hal-03381199submitted;hal-03381199;Only in file2
https://doi.org/10.1016/j.agrformet.2011.09.003creissen;hal-02228974;Only in file2
https://dx.doi.org/10.1007/s13218-015-0405-9.andreas;hal-02571170;Only in file2
https://community.fico.com/s/explainable-machine-learning-challenge;hal-03381732;Only in file2
https://tinyurl.com/e-tonomy.;hal-04228038;Only in file2
https://arxiv.org/abs/1905.04610.jo;hal-04377324;Only in file2
https://inria.hal.science/hal-02269209submitted;hal-02269209;Only in file2
https://pierre.senellart.com/abstract.;hal-02293688;Only in file2
https://inria.hal.science/hal-03134418submitted;hal-03134418;Only in file2
https://imageclef.org/lifeclef201912;hal-02273257;Only in file2
https://github.com/crux82/ganbert-pytorchconduct;hal-04008864;Only in file2
https://doi.org/10.1029/2011eo38000215.;hal-02639237;Only in file2
https://wikidata.org/prop/statement;hal-03516420;Only in file2
https://github.com/holoclean/holoclean/blob/master/testdata/adultfull.csv.;hal-02898931;Only in file2
https://doi.org/10.1016/j.agwat.2016.08.021chimonyo;hal-02228974;Only in file2
https://w3.org/tr/2014/rec-vocab-data-cube-20140116/.;hal-03890035;Only in file2
https://hal.inrae.fr/hal-03220977submitted;hal-03220977;Only in file2
https://doi.org/10.1002/biot.201400541.28.;hal-03498125;Only in file2
https://ceur-ws.org/vol-2465/semex_paper2.pdf.34;hal-04353523;Only in file2
https://doi.org/10.1109/cvpr.2016.90.he;hal-02910844;Only in file2
https://sciencedirect.com/science/article/pii/s1570826818300416;hal-03500522;Only in file2
https://doi.org/10.1080/08920759709362317.;hal-03228509;Only in file2
https://timeseriesclassification.com/index.phpacknowledgments:;hal-03469487;Only in file2
https://openreview.net/forum;hal-03648498;Only in file2
https://ebiquity.umbc.edu/project/html/id/53/swoogle4https://sindice.com/5https://watson.kmi.open.ac.uk;hal-03765857;Only in file2
https://doi.org/10.5281/zenodo.2248200herschel;hal-02483307;Only in file2
https://w3.org/tr/2014/rec-rdf11-concepts-20140225/.23;hal-04358408;Only in file2
https://github.com/frmichel/morph-xr2rml/5.;hal-03230741;Only in file2
https://medium.com/@tao_66792/how-are-big-companies-using-apache-spark-413743dbbbae;hal-03381732;Only in file2
https://doi.org/10.1145/567752.567763;hal-01673025;Only in file2
https://aaai.org/ocs/index.php/aaai/aaai12/paper/view/5100;hal-03934420;Only in file2
https://github.com/wimmics/covidontheweb/blob/master/doc/01-data-modeling.mdanalyse;hal-03230741;Only in file2
https://pytorch.org/vision/stable/models.html;hal-03601464;Only in file2
https://ec.europa.eu/esco/portal/home7;hal-03403125;Only in file2
https://asterixdb.apache.org/.;hal-03150404;Only in file2
https://doi.org/10.1007/s41109-022-00505-829.;hal-04125922;Only in file2
https://arxiv.org/abs/1402.0567.rory;hal-04377324;Only in file2
https://hal.inria.fr/hal-01402575albert-laszlo;hal-02435371;Only in file2
https://spiegel.de/wissenschaft/mensch/rezo-video-die-politik-lullt-ein-und-die-jugend-wehrt-sich-a-1269173.html1;hal-03189474;Only in file2
https://inria.hal.science/hal-03103509submitted;hal-03103509;Only in file2
https://inria.hal.science/hal-02307999submitted;hal-02307999;Only in file2
https://archive.ics.uci.edu/ml;hal-03426130;Only in file2
https://opendatacommons.org/licenses/by/1.0/28.;hal-03230741;Only in file2
https://plantphysiol.org/lookup/doi/10.1104/pp.16.00984.nathalie;hal-03329674;Only in file2
https://fao.org/agrovoc/.;hal-03662183;Only in file2
https://doi.org/10.1109/90.41321215.;hal-03266462;Only in file2
https://support.google.com/analytics/answer/4588454;hal-04228304;Only in file2
https://web.cs.ucla.edu/~guyvdb/slides/tpmtutorialuai19.pdf.;hal-04377324;Only in file2
https://hal.inria.fr/hal-01325900v6.see;hal-02530206;Only in file2
https://earthquake.usgs.gov/monitoring/anss/.;lirmm-01867717;Only in file2
https://inria.hal.science/hal-03127717submitted;hal-03127717;Only in file2
https://w3id.org/rml/iocollections;hal-04201661;Only in file2
https://ceur-ws.org/vol-538/ceedings.ldow2009_paper13.pdf.remerciementsce;hal-03889780;Only in file2
https://doi.org/10.1111/faf.12328.;hal-03228509;Only in file2
https://w3.org/tr/webaudio/copyright:;hal-03812972;Only in file2
https://inria.hal.science/hal-03905085submitted;hal-03905085;Only in file2
https://eprint.iacr.org/2015/325.pdf..;hal-03904200;Only in file2
https://github.com/interactions-hsg/wot-search/figure;hal-03135088;Only in file2
https://inria.hal.science/hal-04139281submitted;hal-04139281;Only in file2
https://archive.ics.uci.edu/ml.;hal-03110739;Only in file2
https://doi.org/10.1017/s0021859621000538received:;hal-03342381;Only in file2
https://doi.org/10.1007/978-3-642-23765-2_4037.;hal-03079818;Only in file2
https://datacollaboratives.org;hal-03726234;Only in file2
https://doi.org/10.1016/j.nedt.2019.01.009;hal-04132566;Only in file2
https://doi.org/10.1162/artl.1993.1.1_2.13512.;emse-04058783;Only in file2
https://fabien.info.inria;hal-03921374;Only in file2
https://en.wikipedia.org/wiki/lyricwiki5;hal-03812106;Only in file2
https://doi.org/10.1007/s11284-011-0873-9postma;hal-02228974;Only in file2
https://github.com/knowledge-graph-hub/kg-covid-19/37;hal-02939363;Only in file2
https://arxiv.org/abs/1810.08313.;hal-02406503;Only in file2
https://github.com/dhfbk/emoji-transcriptions;hal-02972184;Only in file2
https://alexandria.unisg.ch/handle/20.500.14171/98451.justin;hal-04358408;Only in file2
https://hal-lirmm.ccsd.cnrs.fr/lirmm-04305787submitted;lirmm-04305787;Only in file2
https://dx.doi.org/10.1145/3022181jon;hal-02066516;Only in file2
https://doi.org/10.1038/s41587-019-0080-8schultes;hal-02483307;Only in file2
https://codalab.lisn.upsaclay.fr/competitions/614;hal-03925147;Only in file2
https://doi.org/10.1007/s10579-020-09502-8;hal-04014977;Only in file2
https://doi.org/10.1073/pnas.2016239118romero;hal-03871553;Only in file2
https://doi.org/10.1145/3375395.33876661;hal-03127717;Only in file2
https://doi.org/10.5281/zenodo.791985099.;hal-04201661;Only in file2
https://zenodo.org.;hal-03474556;Only in file2
https://iacademc.oup.comfigure;hal-04084880;Only in file2
https://doi.org/10.1007/s13593-019-0562-6review;hal-02228974;Only in file2
https://doi.org/10.1109/tlt.2017.27206704.;hal-03084671;Only in file2
https://w3.org/1999/02/22;hal-02319638;Only in file2
https://exmo.inria.fr/files/reports/neon-334.pdf;hal-03905183;Only in file2
https://doi.org/10.1016/0378-1127;hal-02228974;Only in file2
https://inria.hal.science/hal-04344873submitted;hal-04344873;Only in file2
https://xmlns.com/foaf/spec/12;hal-02939363;Only in file2
https://hal.archives-ouvertes.fr/hal-0206096635.;hal-03135088;Only in file2
https://graphanalysis.org/benchmark/michael;hal-02435371;Only in file2
https://spacy.io;hal-03150441;Only in file2
https://w3id.org/stn/14https://github.com/interactions-hsg/yggdrasil/tree/iot2019/15https://www.w3.org/tr/2018/rec-websub-20180123/16https://www.vertx.io/17according;hal-02289497;Only in file2
https://degruyter.com/view/j/jib.ahead-of-print/jib-2019-0021/jib-2019-0021.xml14.;hal-04125922;Only in file2
https://resdac.org/cms-data/variables/claim-inpatient-admission-type-code-ffs9https://scikit-learn.org/stable/modules/generated/sklearn.preprocessing.minmaxscaler.html;hal-03266004;Only in file2
https://doi.org/10.1227/neu.0000000000001165.;hal-03263469;Only in file2
https://doi.org/10.1109/cec48606.2020.9185681;hal-03519365;Only in file2
https://waikato.github.io/meka/datasets/2https://www.kaggle.com/uciml/internet-advertisements-data-set;hal-03189967;Only in file2
https://doi.org/10.1007/s13593-014-0277-7berger;hal-02228974;Only in file2
https://hal-lirmm.ccsd.cnrs.fr/lirmm-03714595submitted;lirmm-03714595;Only in file2
https://solidproject.org/tr/wac9;emse-04058783;Only in file2
https://doi.org/10.1093/database/baac035.;hal-04366893;Only in file2
https://florent.capelli.me/coussinet/.;hal-03955911;Only in file2
https://usenix.org/conference/tapp16/workshop-program/presentation/gehani.;lirmm-02949807;Only in file2
https://fsa.usda.gov/programs-and-services/aerial-photography/imagery-programs/naip-imagery/19.;hal-02873670;Only in file2
https://jmlr.org/papers/v21/20-091.htmlnumber;hal-03025671;Only in file2
https://doi.org/10.1007/978-3-030-62466-8;hal-04031744;Only in file2
https://doi.org/10.15252/msb.2019911019.;hal-04125922;Only in file2
https://aclweb.org/anthology/2020.lrec-1.302.;hal-04346759;Only in file2
https://csie.ntu.edu.tw/~cjlin/libsvm/.;hal-03510012;Only in file2
https://stardog.com.;hal-03500522;Only in file2
https://doi.org/10.1145/1478786.1478840;hal-03904200;Only in file2
https://force11.org/group/fairgroup/fairprinciples;hal-02873670;Only in file2
https://doi.org/10.1016/j.fcr.2009.04.009hautier;hal-02228974;Only in file2
https://arxiv.org/abs/2111.0035811.;hal-04255500;Only in file2
https://arxiv.org/pdf/1301.3781.pdf15.;hal-03021075;Only in file2
https://w3.org/tr/2013/rec-sparql11-service-description-20130321/.2013.ser-w3c;hal-03946680;Only in file2
https://doi.org/10.1145/2448496.2448513.;hal-03536045;Only in file2
https://covidgraph.org/.;hal-03516360;Only in file2
https://doi.org/10.1109/tlt.2017.2720670;hal-04132566;Only in file2
https://code.google.com/a/apache-extras.org/p/giraffa/.;lirmm-01867717;Only in file2
https://doi.org/10.1038/s41598-020-69861-81vol.:;hal-02919190;Only in file2
https://papers.nips.cc/paper/7062-a-unified-approach-to-interpreting-model-predictions;hal-03908363;Only in file2
https://github.com/ffmpegwasm/ffmpeg.wasmin;hal-03812972;Only in file2
https://gitlab.inria.fr/pmangold1/private-coordinate-descent/.;hal-03424974;Only in file2
https://inria.hal.science/hal-04302997submitted;hal-04302997;Only in file2
https://ampedstudio.com/https://www.youtube.com/watch;hal-02557901;Only in file2
https://github.com/facebookresearch/pytorch-biggraphtgdk;hal-04353543;Only in file2
https://r-project.org/.;hal-02962262;Only in file2
https://wasabi.i3s.unice.fr/4;hal-03812106;Only in file2
https://ceur-ws.org/vol-2065/paper08.pdf;hal-03905184;Only in file2
https://aclweb.org/anthology/k19-1031.;hal-03256451;Only in file2
https://jmlr.org/papers/v18/14-317.html.184;hal-04353543;Only in file2
https://mdpi.com/2072-4292/15/10/2590;hal-04041691;Only in file2
https://github.com/hetio/hetionet19;hal-04353523;Only in file2
https://doi.org/10.1016/j.ecolmodel.2004.07.017;hal-02228974;Only in file2
https://www6.inrae.fr/cati-icat-atweb/aubin;hal-03738973;Only in file2
https://agritrop.cirad.fr/mention_legale.html20;hal-03807744;Only in file2
https://orcid.org;lirmm-02945170;Only in file2
https://inria.hal.science/hal-04414815submitted;hal-04414815;Only in file2
https://dbpedia.org/resource/prefix;hal-02319638;Only in file2
https://developer.chrome.com/blog/chips-origin-trial;hal-04228304;Only in file2
https://fipa.org/specs/fipa00023/sc00023k.html;emse-04058783;Only in file2
https://gitlab.com/ckatsimerou/abc_s_public810;hal-03407247;Only in file2
https://inria.hal.science/hal-02267180submitted;hal-02267180;Only in file2
https://doi.org/10.1145/3442381.344987712.;hal-04031744;Only in file2
https://doi.org/10.48550/arxiv.2107.11277;hal-04138880;Only in file2
https://hal-lirmm.ccsd.cnrs.fr/lirmm-03799097submitted;lirmm-03799097;Only in file2
https://gbif.org/2;hal-03474556;Only in file2
https://doi.org/10.4018/ijaeis.20211001.oa4.doi:10.4018/ijaeis.20211001.oa4.;hal-04366893;Only in file2
https://inria.hal.science/hal-03664928submitted;hal-03664928;Only in file2
https://doi.org/10.4230/lipics.icdt.2016.15;lirmm-04305787;Only in file2
https://doi.org/10.1017/s1751731118001453.;hal-03347926;Only in file2
https://github.com/voice-privacy-challenge/voice-privacy-challenge-2020figure;hal-02562199;Only in file2
https://standards.ieee.org/develop/indconn/ec/ead_v1.pdf.32;hal-03189474;Only in file2
https://hal-lirmm.ccsd.cnrs.fr/lirmm-02386429submitted;lirmm-02386429;Only in file2
https://bpi.co.uk/media/1047/parental-advisory-guidelines.pdf;hal-02281137;Only in file2
https://emas2018.dibris.unige.it/images/papers/emas18-17.pdf;hal-02289497;Only in file2
https://doi.org/10.1016/b978-012088469-8.50051-6;hal-03886320;Only in file2
https://project.inria.fr/espdms/etc.;hal-03941868;Only in file2
https://asterixdb.apache.org;lirmm-04305787;Only in file2
https://bitbucket.org/grizzo001/dlfocl/src/master/tgdk;hal-04353543;Only in file2
https://doi.org/10.1016/j.avb.2018.05.006.;hal-04014977;Only in file2
https://intelligence.house.gov/social-media-content/.exposing;hal-04129915;Only in file2
https://orcid.org/0000-0002-1354-1792x;hal-03965684;Only in file2
https://dx.doi.org/10.1145/3485844.;hal-03363442;Only in file2
https://doi-org-443.webvpn.fjmu.edu.cn/10.1007/978-3-030-58219-7_23;hal-02981760;Only in file2
https://hal-lirmm.ccsd.cnrs.fr/lirmm-03324881submitted;lirmm-03324881;Only in file2
https://github.com/structureddynamics/bibliographic-ontology-bibo;hal-03889968;Only in file2
https://github.com/scikit-learn-contrib/scikit-learn-contrib5.;hal-03100076;Only in file2
https://github.com/ibm/hspo-ontology.166;hal-04353523;Only in file2
https://ngarendare.org/email/messages;hal-02937618;Only in file2
https://hal-lirmm.ccsd.cnrs.fr/lirmm-03345614submitted;lirmm-03345614;Only in file2
https://cstheory.stackexchange.com/questions/4859/what-is-first-order-rewritable-and-fo-query.;hal-03599601;Only in file2
https://doi.org/10.1371/journal.pone.0029715endnotes;hal-04198414;Only in file2
https://dgraux.github.io/sparql-hash/where;hal-03516459;Only in file2
https://ns.inria.fr/acta/3.;hal-03230741;Only in file2
https://doi.org/https://doi.org/10.1016/s0304-0208;hal-03527888;Only in file2
https://orcid.org/0000-0001-6278-7740https://orcid.org/0000-0002-6505-2536https://orcid.org/0000-0003-4586-8527https://orcid.org/0000-0002-8877-4654world;hal-03719603;Only in file2
https://acm.org/publications/policies/artifact-review-and-badging-current;hal-04157720;Only in file2
https://tiny.cc/z6s43y.the;hal-02269134;Only in file2
https://doi.org/10.1086/717623hornick;hal-03871553;Only in file2
https://identifiers.org/go/go:0009058;hal-04125922;Only in file2
https://hal.archives-ouvertes.fr/hal-03337650i.;hal-04110779;Only in file2
https://opendatacommons.org/licenses/by/1.0/30;hal-02939363;Only in file2
https://w3.org/history/1989/proposal.html42;hal-02748219;Only in file2
https://langual.org/default.asp13https://entrepot.recherche.data.gouv.fr/dataset.xhtml;hal-04351729;Only in file2
https://ia.cr/2019/1255.;hal-03904200;Only in file2
https://hal-lirmm.ccsd.cnrs.fr/lirmm-02045144submitted;lirmm-02045144;Only in file2
https://huggingface.co/sentence-transformers/paraphrase-multilingual-mpnet-base-v27.;hal-03886251;Only in file2
https://github.com/cifkao/context-probing/2https://cifkao.github.io/context-probing/figure;hal-03917930;Only in file2
https://doi.org/10.1007/s10668-008-9149-0.;hal-03228509;Only in file2
https://doi.org/10.1109/wf-iot.2016.784544827.;hal-03135088;Only in file2
https://doi.org/10.1006/jcss.1996.0041;hal-01673025;Only in file2
https://doi.org/10.1093/auk/108.2.44323.;hal-02989101;Only in file2
https://sciencedirect.com/science/article/pii/s002200008571032x;hal-03356951;Only in file2
https://hal-lirmm.ccsd.cnrs.fr/lirmm-02265729submitted;lirmm-02265729;Only in file2
https://proceedings.mlr.press/v76/ding17a.html;hal-03934389;Only in file2
https://grappa.univ-lille3.fr/tata/.;hal-02307999;Only in file2
https://csescienceeditor.org/wp-content/uploads/2018/11/csev41n3_text_83-87.pdf;hal-02483307;Only in file2
https://fsa.usda.gov2;hal-02989077;Only in file2
https://doi.org/10.3897/phytokeys.38.7168egloff;hal-03871553;Only in file2
https://inria.hal.science/hal-04337523submitted;hal-04337523;Only in file2
https://github.com/wimmics/d2kab/tree/main/meteo/lifting-dataset16;hal-03619869;Only in file2
https://doi.org/10.5281/zenodo.2555498european;hal-02483307;Only in file2
https://aclweb.org/anthology/n19-1205.maas;hal-03256451;Only in file2
https://kaggle.com/c/titanic/overview;hal-03899151;Only in file2
https://web.archive.org/web/20231120093331/https://www.cs.ox.ac.uk/isg/projects/concur/oaei/2023;hal-04366893;Only in file2
https://fsa.usda.gov7;hal-03167637;Only in file2
https://github.com/wimmics/covidonthewebhttps://ns.inria.fr/covid19/https://ns.inria.fr/covid19/covidontheweb-1-1wimmics;hal-02939363;Only in file2
https://doi.org/10.1007/s13593-015-0285-2arim;hal-02228974;Only in file2
https://webdb2011.rutgers.edu/papers/paper21/pathwebdb.pdf;hal-04110779;Only in file2
https://acaidemc.oup.com//jxbadvance-articedo/li/.101093//jxberad0977143673by/86420srewolfdegremeylkeew.onomecnerruccoecnecserolfnilytixepmocaydutsllacigoonehpbydutslarutcetihcracnoitarudpattern;hal-04084880;Only in file2
https://doi.org/10.1016/j.fcr.2006.09.007munier-jolain;hal-02228974;Only in file2
https://wam-examples.vidalmazuy.fr/9https://github.com/brotherta/wam-refont10https://wam-openstudio.vidalmazuy.fr;hal-04335612;Only in file2
https://doi.org/10.1186/s12859-019-2693-9.;hal-04366893;Only in file2
https://graphgen.graphaware.com/jiaheng;hal-02435371;Only in file2
https://doi.org/10.5281/zenodo.6505847https://issa.i3s.unice.fr/sparqlhttps://github.com/issa-project/issa-pipeline/blob/main/doc/https://data-issa.cira.fr/https://data-issa.cirad.fr/issa-agritrop;hal-03807744;Only in file2
https://inria.hal.science/hal-03890913submitted;hal-03890913;Only in file2
https://team.inria.fr/cedar/files/2021/04/haris-sahovic-2019-report.pdf.in;hal-03150441;Only in file2
https://doi.org/10.1109/mis.2006.1613.;hal-03135088;Only in file2
https://silex-france.com/silex/3;hal-03403125;Only in file2
https://creativecommons.org/licenses/by/4.0/.;hal-02166422;Only in file2
https://awe.gov.au/world.science-research/abrs/publications/other/numbers-living-species;hal-03889780;Only in file2
https://arxiv.org/abs/1610.01520.;hal-04346759;Only in file2
https://doi.org/10.1016/j.compag.2019.105148.;hal-03347926;Only in file2
https://tiny.cc/92s43y2https://tiny.cc/nys43y;hal-02269134;Only in file2
https://ontosearch.com/2008/01/identiﬁcation/eid-3b6e3fb1eb4bef8e669277e73d2e7d5642e.g.;hal-03301330;Only in file2
https://doi.org/10.1016/j.anopes.2023.1000392772-6940;hal-04040702;Only in file2
https://doi.org/10.1007/s13593-013-0178-1craufurd;hal-02228974;Only in file2
https://trueskill.org;hal-02566930;Only in file2
https://docs.scipy.org/doc/scipy/reference/generated/scipy.stats.expon.html;hal-03502001;Only in file2
https://doi.org/10.1016/j.websem.2009.02.001;hal-02066041;Only in file2
https://vldb.org/pvldb/vldb2010/pvldb_vol3/r13.pdf22.;hal-02532706;Only in file2
https://purl.obolibrary.org/obo/to_0000017;lirmm-02945170;Only in file2
https://globalsciencebooks.info/online/gsbonline/images/2010/amjpsb_4;hal-03358998;Only in file2
https://sciencedirect.com/science/article/pii/0020019076900971;hal-03356951;Only in file2
https://vldb.org/conf/2001/p715.pdf;lirmm-04305787;Only in file2
https://w3.org/tr/shacl/7;hal-04353523;Only in file2
https://en.wikipedia.org/wiki/bloody_sunday_;hal-03812106;Only in file2
https://iacademc.oup.com//jxbadvance-articedo/li/.101093fig.;hal-02903070;Only in file2
https://doi.org/10.1093/biosci/biac060hay;hal-03871553;Only in file2
https://w3.org/people/berners-lee/1996/ppf.html;hal-02748219;Only in file2
https://aaai.org/ocs/index.php/icaps/icaps17/paper/view/15756;hal-04075393;Only in file2
https://hal.inria.fr/hal-02559688;hal-02934277;Only in file2
https://ec.europa.eu/eurostat;hal-03767992;Only in file2
https://aaai.org/ojs/index.php/aimagazine/article/view/2704to;hal-02277678;Only in file2
https://silex-france.com/silex/.2;hal-02348004;Only in file2
https://doi.org/10.1111/nph.13132brooker;hal-02228974;Only in file2
https://doi.org/10.2307/1310870jeuffroy;hal-02228974;Only in file2
https://doi.org/10.21105/joss.0166740510sdrindbsdrindbsdrindbsdrindbtak1umxuhl2uhl1jy3jy2jy1rgt1wkstl2rgt2hel1methodvocals0510drums5051015bass202468other;hal-02293689;Only in file2
https://doi.org/10.5524/102377.ioffe;hal-03769993;Only in file2
https://arxiv.org/abs/1511.08060kingma;hal-03064464;Only in file2
https://arxiv.org/abs/1812.01243.arxiv:1812.01243.wang;hal-03256451;Only in file2
https://doi.org/10.1145/235968.233368;hal-01673025;Only in file2
https://data.london.gov.uk/dataset/smartmeter-energy-use-data-in-london-households.yeom;hal-03726234;Only in file2
https://doi.org/10.1007/978-3-662-03678-5_1;hal-02289497;Only in file2
https://doi.org/10.1007/978-3-540-85928-4;hal-03905409;Only in file2
https://github.com/music-nlp/musicalselfattention;hal-03419236;Only in file2
https://doi.org/10.1007/978-3-031-19433-7;hal-04366893;Only in file2
https://arxiv.org/abs/1502.03167.;hal-02470280;Only in file2
https://oaei.ontologymatching.org/2013/results/oaei2013.pdf.;hal-04351729;Only in file2
https://doi.org/10.1007/978-3-030-25693-7_155;hal-03960471;Only in file2
https://nytimes.com/interactive/2019/01/26/us/politics/trump-contacts-russians-wikileaks.html.e.g.;hal-02057980;Only in file2
https://morganclaypool.com/doi/abs/10.2200/s00362ed1v01y201105dtm016;hal-03514297;Only in file2
https://doi.org/10.35490/ec3.2019.170constraintlanguageconstruction;hal-04031744;Only in file2
https://doi.org/10.1371/journal.pcbi.1008856.g005better;hal-03220977;Only in file2
https://github.com/danfaria/oaei;hal-02984949;Only in file2
https://aaafoundation.org/understanding-the-impact-of-technology-do-advanced-driver-assistance-and-semi-automated-vehicle-systems-lead-to-improper-driving-behavior;hal-04205128;Only in file2
https://linkinghub.elsevier.com/retrieve/pii/s016816992031869x.fabio;hal-03329674;Only in file2
https://cambridge.org/core/journals/mathematical-proceedings-of-the-cambridge-philosophical-society/article/on-the-computational-complexity-of-the-jones-and-tutte-polynomials/0ea052341269a2816c36b15380b8aa02;hal-03356951;Only in file2
https://github.com/hpcdb/dfadapter.;lirmm-02127456;Only in file2
https://snap.stanford.edu/index.html2https://aws-dglke.readthedocs.io/en/latest/index.htmlfigure;hal-03476795;Only in file2
https://doi.org/10.1038/s41597-019-0184-5wilkinson;hal-02483307;Only in file2
https://wfmc.org/.5;hal-02968427;Only in file2
https://dx.doi.org/10.1145/311535.311589.doi:10.1145/311535.311589.;hal-03369680;Only in file2
https://doi.org/10.1038/s41597-023-02642-w6www.nature.com/scientificdatawww.nature.com/scientificdata;hal-04386951;Only in file2
https://bioportal.bioontology.org/ontologies/atc8;hal-02064421;Only in file2
https://doi.org/10.1145/3294052.33196871;hal-01959143;Only in file2
https://doi.org/10.1142/j.;hal-03934389;Only in file2
https://openreview.net/forum;hal-02406503;Only in file2
https://publish.plantnet-project.org/project/wildcofdb_enintroductioncoffee;hal-04182535;Only in file2
https://doi.org/10.1016/j.cageo.2017.09.013.;lirmm-02949807;Only in file2
https://doi.org/10.1109/iot.2015.7356548;emse-02070625;Only in file2
https://arxiv.org/abs/1912.11864;hal-03514297;Only in file2
https://inria.hal.science/hal-02269222submitted;hal-02269222;Only in file2
https://ns.inria.fr/acta/3;hal-02939363;Only in file2
https://data.archives-ouvertes.fr/doc/sparql3resource;hal-03292172;Only in file2
https://jade.tilab.com/documentation/tutorials-guides/configuring-the-jade-http-mtp/.;emse-02070625;Only in file2
https://web.archive.org/web/20210302021149/https://labs.link:archivemondeca.com/vocab/endpointstatus/17https://www.w3.org/tr/void/18https://void.rkbexplorer.com19prefix;hal-03301330;Only in file2
https://worldclim.org/bioclim25.;hal-02873670;Only in file2
https://doi.org/10.1145/3584372.35886591;lirmm-04320944;Only in file2
https://doi.org/10.5281/zenodo.75262443https://github.com/pmonnin/yago4-lp4https://github.com/nicolas-hbt/benchmark-sematk5https://www.wikidata.org/6https://schema.org/7sparql;hal-04344975;Only in file2
https://doi.org/10.5334/dsj-2020-032practice;hal-02483307;Only in file2
https://gitlab.com/tomaye/ecai2020-transformer_based_am;hal-03264761;Only in file2
https://doi.org/10.1080/01621459.1937.10503522;hal-04014977;Only in file2
https://support.cozy.io/article/280-etape-3-bienvenue-dans-votre-domicile-numerique.;hal-03140409;Only in file2
https://schema.org/dataset18https://github.com/schemaorg/schemaorg/issues/1423.;hal-02060966;Only in file2
https://doi.org/10.1016/j.fcr.2018.02.023seidel;hal-02228974;Only in file2
https://doi.org/10.1002/itl2.5031.;hal-03135088;Only in file2
https://orcid.org/0000-0003-0543-1232raphaël;hal-03404580;Only in file2
https://hal-lirmm.ccsd.cnrs.fr/lirmm-04173545submitted;lirmm-04173545;Only in file2
https://webapi-discovery.github.io/rfcs/rfc0001.html;hal-02060966;Only in file2
https://sentinel.esa.int/web/sentinel/missions/sentinel-2frontiers;hal-03693593;Only in file2
https://doi.org/10.1145/3240323.3240377ser.;hal-04041691;Only in file2
https://doi.org/10.1007/978-3-030-54549-9_2142.;hal-03079818;Only in file2
https://sabiod.org/nips4b31.;hal-02873670;Only in file2
https://inria.hal.science/hal-03516459submitted;hal-03516459;Only in file2
https://doi.org/10.5281/zenodo.3833753public;hal-02939363;Only in file2
https://microsoft.com/en-us/download/details.aspx;hal-03941879;Only in file2
https://doi.org/10.1109/tpds.2021.3068195a;hal-03904200;Only in file2
https://github.com/tpt/corhist3available;hal-02066041;Only in file2
https://doi.org/10.1109/mcg.2020.30064129.;lirmm-03324873;Only in file2
https://vie-publique.fr/en-bref/270833-cour-des-comptes-europeenne-evalue-les-consultations-publiques5.;hal-02860659;Only in file2
https://doi.org/10.1371/journal.pcbi.1008856.g008acknowledging;hal-03220977;Only in file2
https://w3.org/ns/dcat6https://dataid.dbpedia.org/ns/core7https://xmlns.com/foaf/spec/8https://www.w3.org/tr/skos-reference/9https://www.w3.org/tr/vocab-dqv/10https://creativecommons.org/nsa;hal-04372234;Only in file2
https://figshare.com/articles/earthquakeearlywarningdataset/9758555349350351352353354355356357358359360361362363364365366367368369370371372373374375376377378379380381382383384385386387388389390391392393394395396397398399400401402403404405406407408409410411412413414415416417418419420421422423424425426427428429430431432433434435436437438439440441442443444445446447448449450451452453454455456457458459460461462463464edge;hal-03510012;Only in file2
https://sciencedirect.com/science/article/pii/s0003267013015158.d.;hal-03329674;Only in file2
https://forbes.com/sites/onmarketing/2017/01/24/how-to-prepare-brands-for-influencer-fatigue;hal-01478788;Only in file2
https://geves.fr/catalogue-france/frontiers;hal-04289970;Only in file2
https://bit.ly/2dtnmgq3the;lirmm-02945170;Only in file2
https://doi.org/10.3390/plants11040530https://www.mdpi.com/journal/plants;hal-03601464;Only in file2
https://doi.org/10.1016/j.envsoft.2012.03.011bergez;hal-02228974;Only in file2
https://facebook.com/help/562973647153813.;hal-03916393;Only in file2
https://doi.org/10.1146/annurev.ecolsys.110308.1201592.;hal-03220977;Only in file2
https://arxiv.org/abs/1912.08951.;hal-02406503;Only in file2
https://dx.doi.org/10.1093/bioinformatics/btl1724.;hal-04125922;Only in file2
https://project.inria.fr/fuchsia/3;hal-02970761;Only in file2
https://identifiers.org/pubmed/12648679;hal-04125922;Only in file2
https://iacademc.oup.com/insililcopants/advance-articedo/li/.101093/ithe;hal-02962262;Only in file2
https://content.iospress.com/articles/semantic-web/sw10614.;hal-03807744;Only in file2
https://docs.snowflake.com/en/sql-reference/udf-secure.html;hal-03692175;Only in file2
https://ojs.aaai.org/index.php/aaai/article/view/16850.33;hal-04344975;Only in file2
https://tinyurl.com/data-governance-act;hal-03996787;Only in file2
https://w3.org/tr/prov-o/15;hal-02939363;Only in file2
https://creativecommons.org/licenses/by/4.0;hal-03454183;Only in file2
https://oaei.ontologymatching.org/2012/results/oaei2012.pdf.;hal-04351729;Only in file2
https://doi.org/10.1007/s10265-016-0807-2evers;hal-02228974;Only in file2
https://doi.org/10.1145/2448496.2448513.;hal-02492780;Only in file2
https://doi.org/10.1038/s41598-020-69861-84vol:.;hal-02919190;Only in file2
https://dbpedia.org/ontology/prefix;hal-02936253;Only in file2
https://land.copernicus.eu/global/about-copernicus4geoglam;hal-03965684;Only in file2
https://inria.hal.science/hal-03160473submitted;hal-03160473;Only in file2
https://ceur-ws.org/vol-2211/paper-45.pdf.21;lirmm-02148200;Only in file2
https://w3.org/tr/visageons;hal-03889968;Only in file2
https://dx.doi.org/10.1016/j.tcs.2015.01.0178.;hal-03527888;Only in file2
https://w3.org/designissues/linkeddata.html2.;emse-04058783;Only in file2
https://query.wikidata.org/.;hal-03516360;Only in file2
https://github.com/stardog-union/stardog-examples/tree/d7ac8b562ecd0346306a266d9cc28063fde7edf2/examples/cli/versioning123456789101112131415161718192021222324252627282930313233343536373839404142434445464748495051123456789101112131415161718192021222324252627282930313233343536373839404142434445464748495051;hal-03500522;Only in file2
https://hal.inria.fr/hal-0069249917.;hal-04125922;Only in file2
https://mdpi.com/2313-433x/8/8/224.;hal-04262826;Only in file2
https://doi.org/10.3390/su12051928.;hal-03347926;Only in file2
https://orcid.org/0000-0002-7896-2520.louis;hal-04040702;Only in file2
https://weakg.i3s.unice.fr/sparqlnumber;hal-04230234;Only in file2
https://arxiv.org/abs/1905.04226.;hal-03256451;Only in file2
https://maya-ackerman.com/wp-content/uploads/2018/09/threenewalgorithmsforregularlanenum.pdf.2;hal-03940590;Only in file2
https://linqs.soe.ucsc.edu/data4;hal-03134181;Only in file2
https://doi.org/10.3109/01421599709019341;hal-04132566;Only in file2
https://doi.org/10.1371/journal.pcbi.1005510wilson;hal-02228974;Only in file2
https://github.com/juliendelaunay35000/anchors.referencesamit;hal-03133223;Only in file2
https://github.com/pmangold/fairness-privacy.;hal-03902203;Only in file2
https://doi.org/10.1038/nature1453911.;hal-02915414;Only in file2
https://inria.hal.science/hal-03657095submitted;hal-03657095;Only in file2
https://portal.acm.org/citation.cfm;hal-02532706;Only in file2
https://web.archive.org/web/20170510073633/https://kakapo.dcs.qmul.ac.uk/ontology/musim/0.2/musim.html3https://demos.isl.ics.forth.gr/lodsyndesis/4https://github.com/ldspider/ldspider5https://sage.univ-nantes.fr/see/sameasing;hal-03301330;Only in file2
https://ijcai.org/proceedings/2019/236;hal-03356951;Only in file2
https://doi.org/10.1016/j.tcs.2004.10.033;hal-03937274;Only in file2
https://doi.org/10.1111/gcb.15145bhalerao;hal-03871553;Only in file2
https://arxiv.org/abs/1412.6572.;hal-02406503;Only in file2
https://inria.hal.science/hal-03905091v2submitted;hal-03905091;Only in file2
https://doi.org/10.3389/fpls.2021.806407weaver;hal-03871553;Only in file2
https://gitlab.inria.fr/jestopin/sen2patch.-;hal-03693593;Only in file2
https://cassandra.apache.org4figure;hal-03189130;Only in file2
https://github.com/aliutkus/spe/see;hal-03256451;Only in file2
https://doi.org/10.1016/j.tplants.2015.07.007liu;hal-02228974;Only in file2
https://hal.inria.fr/hal-03812948simulation;hal-04335612;Only in file2
https://doi.org/10.1145/3340531.3417428beltagy;hal-03404580;Only in file2
https://participation-et-democratie.fr/communique-de-l-observatoire-des-debats9.;hal-02860659;Only in file2
https://hal.inria.fr/hal-01239198.;hal-03156136;Only in file2
https://inria.hal.science/hal-03134596submitted;hal-03134596;Only in file2
https://doi.org/10.1145/2699442.;hal-03536045;Only in file2
https://snomed.org/snomed-ctthe;hal-01925496;Only in file2
https://doi.org/10.1371/journal.pone.0232078editor:;hal-02639237;Only in file2
https://project.inria.fr/edgeletdemofigure;hal-04228038;Only in file2
https://obofoundry.org/.;hal-03662183;Only in file2
https://doi.org/10.1007/978-3-319-76445-0;hal-02873670;Only in file2
https://inria.hal.science/hal-02195539submitted;hal-02195539;Only in file2
https://doi.org/10.1145/3485447.35141951;hal-03633526;Only in file2
https://arxiv.org/abs/1811.02944.marcelo;hal-04377324;Only in file2
https://sabiod.org/icml4b2013_book.pdf9.;hal-04204378;Only in file2
https://github.com/smaniu/treewidth/.upper;hal-02087763;Only in file2
https://github.com/saist1993/benchmarkingintersectionalbiasboth;hal-04273353;Only in file2
https://ldbcouncil.org.44.;hal-03118422;Only in file2
https://voiceprivacychallenge.org/vp2020/docs/voiceprivacy;hal-03197376;Only in file2
https://kern.ccarh.org/figure;hal-03279850;Only in file2
https://github.com/vzantedeschi/dada.figure;hal-03100057;Only in file2
https://hal.inrae.fr/hal-02910844submitted;hal-02910844;Only in file2
https://de-staging-oecd.redpelicans.com/.as;hal-03021075;Only in file2
https://doi.org/10.1016/j.ecoinf.2022.101641johnson;hal-03871553;Only in file2
https://oaei.ontologymatching.org/2010/im/index.html17;hal-04368386;Only in file2
https://github.com/ircam-web/timeside-sdk-js5https://github.com/ircam-web/timeside-player6https://www.vamp-plugins.org;hal-03748134;Only in file2
https://hbase.apache.org.;lirmm-01867717;Only in file2
https://xmlns.com/foaf/spec/14.;hal-03230741;Only in file2
https://elections2022.imag.fr.secondly;hal-04129915;Only in file2
https://doi.org/10.1162/dint_a_00027lannom;hal-02483307;Only in file2
https://ceur-ws.org/vol-2489/paper5.pdf87.;hal-04201661;Only in file2
https://doi.org/10.2489/jswc.64.2.55amalézieux;hal-02228974;Only in file2
https://doi.org/10.1007/s10707-017-0304-330.;hal-03329908;Only in file2
https://healthit.gov/topic/health-it-initiatives/blue-button;hal-02269209;Only in file2
https://doi.org/10.1016/0022-0000;hal-03527888;Only in file2
https://doi.org/10.1109/escience.2018.00028;hal-03871553;Only in file2
https://doi.org/10.1051/agro:2004031brisson;hal-02228974;Only in file2
https://doi.org/10.treatment.;hal-04043460;Only in file2
https://relweb.cs.aau.dk/triedf.5.1;hal-03500647;Only in file2
https://inria.hal.science/hal-03464417submitted;hal-03464417;Only in file2
https://doi.org/10.1016/j.anscip.2022.07.173.value;hal-04040702;Only in file2
https://yahooresearch.tumblr.com/post/114590420346/a-benchmark-dataset-for-time-series-anomalyappendix:;lirmm-04225369;Only in file2
https://w3.org/1999/02/22;hal-02936193;Only in file2
https://nathan.grosshans.meb;hal-03114304;Only in file2
https://proceedings.mlr.press/v70/shrikumar17a.htmlgreenside;hal-03741042;Only in file2
https://coffee-genome.org;hal-04182535;Only in file2
https://wikidata.org/wiki/wikidata:sparql_query_service/queries/examples7;hal-03118422;Only in file2
https://github.com/bourgaux/orbits;hal-03770516;Only in file2
https://scientificamerican.com/article/the-semantic-web/3.;emse-04058783;Only in file2
https://hydra-cg.com/spec/latest/core/figure;hal-02196903;Only in file2
https://doi.org/10.1109/kse.2019.8919368.;hal-04014977;Only in file2
https://arxiv.org/abs/1703.10435.;lirmm-03144324;Only in file2
https://github.com/wimmics/corese22https://youtu.be/iutzzma-7fi23https://github.com/interactions-hsg/wot-search-manufacturing/4.1;hal-02289497;Only in file2
https://tinyurl.com/cisco-internet-report;hal-04228038;Only in file2
https://inria.hal.science/hal-03814840submitted;hal-03814840;Only in file2
https://hal.archives-ouvertes.fr/hal-0162919125.;hal-04322219;Only in file2
https://hal.inrae.fr/hal-03770578submitted;hal-03770578;Only in file2
https://hal-lirmm.ccsd.cnrs.fr/lirmm-04283828v2submitted;lirmm-04283828;Only in file2
https://doi.org/10.1109/vr.2019.8798074;hal-04102737;Only in file2
https://grandjean.users.greyc.fr/recherche/publisgrandjean/enumacycliccsl07.pdf.8;hal-03940590;Only in file2
https://inria.hal.science/hal-02435371submitted;hal-02435371;Only in file2
https://doi.org/10.1016/0020-0190;lirmm-03833578;Only in file2
https://dx.doi.org/10.1016/j.ic.2009.03.00310.;hal-02532706;Only in file2
https://doi.org/10.1371/journal.pcbi.1008856dosovitskiy;hal-04405026;Only in file2
https://competitions.codalab.org/competitions/30312the;hal-03431313;Only in file2
https://creativecommons.org/licenses/by/4.0/.data;hal-02483307;Only in file2
https://jair.org/index.php/jair/article/view/13283.53;hal-04377324;Only in file2
https://inria.hal.science/hal-01811835v4submitted;hal-01811835;Only in file2
https://doi.org/10.1094/phyto-06-22-0197-rdisease;hal-04302997;Only in file2
https://w3.org/tr/owl2-syntax/12https://www.w3.org/tr/owl2-syntax;hal-02319638;Only in file2
https://doi.org/10.1109/tbdata.2019.2921572kala;hal-03871553;Only in file2
https://doi.acm.org/10.1145/293347.293350.;hal-02406503;Only in file2
https://proceedings.mlr.press/v97/shen19e.html.113;hal-02406503;Only in file2
https://doi.org/10.1007/s13593-014-0272-zgao;hal-02228974;Only in file2
https://doi.org/10.1093/aob/mcn050fournier;hal-02228974;Only in file2
https://ai2-semanticscholar-cord-19.s3-us-west-2.amazonaws.com/2020-03-13/covid.data.lic.agmt.pdfveaux;hal-03230741;Only in file2
https://ceur-ws.org/vol-3433/paper18.pdf.120;hal-04353543;Only in file2
https://doi.org/10.1145/3236009;hal-03908363;Only in file2
https://inria.hal.science/hal-01497857v3submitted;hal-01497857;Only in file2
https://doi.org/10.1007/978-3-662-43951-7_21975;hal-03151014;Only in file2
https://proceedings.neurips.cc/paper/2013/hash/b337e84de8752b27eda3a12363109e80-abstract.html.tim;hal-04344975;Only in file2
https://doi.org/10.1016/s0020-0190;lirmm-04277973;Only in file2
https://doi.org/10.1145/73721.73736.;hal-02492780;Only in file2
https://ceur-ws.org/vol-225/paper7.pdf.;hal-04351729;Only in file2
https://arxiv.org/abs/1404.4442.1718;hal-03940590;Only in file2
https://doi.org/10.1145/3035918.3035955;hal-03886320;Only in file2
https://seals-project.euceurworkshopproceedingshttps://ceur-ws.orgissn;hal-04366893;Only in file2
https://dx.doi.org/10.4230/lipics.itcs.2017.43inherent;hal-02066516;Only in file2
https://wp.internetsociety.org/ndss/wp-content/uploads/sites/25/2018/02/ndss2018_03a-5_liu_paper.pdf.;hal-02406503;Only in file2
https://doi.org/10.3406/homig.2000.3617.;hal-04293239;Only in file2
https://wifo5-03.informatik.uni-mannheim.de/drugbank/9;hal-02444752;Only in file2
https://doi.org/10.15454/qhftmx7.;hal-03889780;Only in file2
https://code.google.com/archive/p/word2vec/41;hal-03100039;Only in file2
https://granddebat.fr/media/default/0001/01/f73f9c2f64a8cf0b6efa24fdc80179e7426b8cc9.pdf9;hal-02860659;Only in file2
https://twitter.com/cedric_o/status/11151714913840373773;hal-02860659;Only in file2
https://health-policy-systems.biomedcentral.com/articles/10.1186/s12961-016-0104-5hope;hal-03404580;Only in file2
https://doi.acm.org/10.1145/3005745.300575025.;hal-03266462;Only in file2
https://portal.idigbio.org/portal/search2https://explore.recolnat.org/search/botanique/type=indexceurworkshopproceedingshttps://ceur-ws.orgissn;hal-03353469;Only in file2
https://vldb.org/archives/website/2005/program/paper/wed/p505-kacholia.pdf;hal-04110779;Only in file2
https://dublincore.org/specifications/dublin-core/dcmi-terms/9;hal-02939363;Only in file2
https://hal.archives-ouvertes.fr/hal-0137378117.;hal-03641389;Only in file2
https://identifiers.org/go/go:0051098;hal-04125922;Only in file2
https://doi.org/10.1016/j.jcss.2013.01.012;hal-03516360;Only in file2
https://nytimes.com/2018/04/04/us/politics/cambridge-analytica-scandal-fallout.html/.;hal-04129915;Only in file2
https://webfx.com/social-media/how-much-does-facebook-advertising-cost.html.;hal-03916393;Only in file2
https://doi.org/10.1109/iccni.2017.8123785;hal-04132566;Only in file2
https://coe.int/en/web/freedom-expression/hate-speech.ersilia;hal-03765860;Only in file2
https://sciencedirect.com/science/article/pii/s0168169918314455.29;hal-03329674;Only in file2
https://iacademc.oup.com//jxbadvance-artice-abstract/ldoi/.101093fig.;hal-01895279;Only in file2
https://doi.org/10.1007/978-3-319-93417-4;hal-02348004;Only in file2
https://hal.inrae.fr/hal-02937618submitted;hal-02937618;Only in file2
https://dbpedia.org/resource/prefix;hal-02936193;Only in file2
https://doi.org/10.1016/0168-1699;hal-03347926;Only in file2
https://sciencedirect.com/science/article/pii/s0006320723001520.;hal-04345437;Only in file2
https://dx.doi.org/10.3166/isi.23.3-4.11-38main;hal-03960471;Only in file2
https://doi.org/10.1093/jxb/erv049monsi;hal-02228974;Only in file2
https://skyserver.sdss.org/dr8/en/help/docs/realquery.asp.sample;hal-04414815;Only in file2
https://arxiv.org/abs/1810.05291;hal-03160473;Only in file2
https://ffmpeg.org/5;hal-03812972;Only in file2
https://github.com/fchollet/keras.andrea;hal-02381152;Only in file2
https://hal.sorbonne-universite.fr/hal-02297702submitted;hal-02297702;Only in file2
https://doi.org/10.1145/3584372.3588659sebastian;lirmm-04320944;Only in file2
https://doi.org/10.1007/978-3-030-31304-3_14.37;hal-03156136;Only in file2
https://w3.org/tr/2017/rec-shacl-20170720/14.;hal-04031744;Only in file2
https://doi.org/10.1016/j.biosystemseng.2020.01.016.;hal-03347926;Only in file2
https://aicrowd.com/2.;hal-02873670;Only in file2
https://doi.org/10.1109/mmul.2007.8228.;hal-03135088;Only in file2
https://github.com/lfilstro/temporalnmf20;hal-02883800;Only in file2
https://theconversation.com/les-ia-comprennent-elles-ce-quelles-font-...sommes-nous;hal-03135131;Only in file2
https://doi.org/10.1007/978-3-030-54623-6_9;hal-03937274;Only in file2
https://doi.org/10.1007/s11104-010-0386-2gou;hal-02228974;Only in file2
https://inria.hal.science/hal-04186101submitted;hal-04186101;Only in file2
https://hal.inria.fr/hal-02065993;hal-02935956;Only in file2
https://w3.org/tr/2023/2023.pr-wot-thing-description11-20230711/.44;hal-04358408;Only in file2
https://doi.org/10.1016/0378-8733;hal-02376961;Only in file2
https://obofoundry.org/ontology/cob.html;hal-03662183;Only in file2
https://project.inria.fr/espdms/games/1/1;hal-03580286;Only in file2
https://gitlab.inria.fr/oagoga/collaborative-transparency-ieee-sp2023/.ii.;hal-03916393;Only in file2
https://arxiv.org/abs/1805.06425.24;lirmm-03144324;Only in file2
https://doi.org/10.3389/fpls.2017.00900bucksch;hal-02228974;Only in file2
https://doi.org/10.1162/dint_a_00034mabile;hal-02483307;Only in file2
https://github.com/kermitt2/entity-fishing8.;hal-03230741;Only in file2
https://doi.org/10.1038/ncomms4874;hal-03871553;Only in file2
https://doi.org/10.1002/aps3.11367weaver;hal-03871553;Only in file2
https://dl-learner.org/17;hal-04353543;Only in file2
https://arxiv.org/abs/2108.10208123456789101112131415161718192021222324;hal-03955911;Only in file2
https://gitlab.inria.fr/e2clab/user-defined-services;hal-04157720;Only in file2
https://rust-leipzig.github.io/regex/2017/03/28/comparison-of-regex-engines/.a;hal-03021960;Only in file2
https://arxiv.org/abs/1609.093537.;hal-03167637;Only in file2
https://doi.org/10.1145/3318464.338613916.;hal-03021075;Only in file2
https://hal.archives-ouvertes.fr/hal-02902853v1.funding;hal-02902853;Only in file2
https://ec.europa.eu/eurostat/estat-navtree-portlet-prod/bulkdownloadlisting;hal-03791175;Only in file2
https://hal.inrae.fr/hal-03711320submitted;hal-03711320;Only in file2
https://proceedings.mlr.press/v97/jay19a.htmlperspectivecongestionlearninginternetcontrol.20.;hal-03266462;Only in file2
https://inria.hal.science/hal-02228974submitted;hal-02228974;Only in file2
https://langual.org//.;hal-03662183;Only in file2
https://w3.org/tr/rdf11-concepts.;hal-02057980;Only in file2
https://doi.org/10.1093/plphys/kiac281plant;hal-03701955;Only in file2
https://iccl.inf.tu-dresden.de/web/wikidata_sparql_logs/en.;hal-02096714;Only in file2
https://github.com/bitcoin-core/secp256k1figure;hal-03904200;Only in file2
https://data.cityofnewyork.us/health/dohmh-new-york-city-restaurant-inspection-results/43nn-pn8j;hal-03801032;Only in file2
https://iris.edu/.;hal-03510012;Only in file2
https://inria.hal.science/hal-04186090submitted;hal-04186090;Only in file2
https://hal.inria.fr/hal-00692499.;hal-03156136;Only in file2
https://hal-lirmm.ccsd.cnrs.fr/lirmm-03806053submitted;lirmm-03806053;Only in file2
https://openml.org/d/151.feldman;hal-03424974;Only in file2
https://people.cs.umass.edu/~immerman/book/ch0_1_2.pdf;hal-03356951;Only in file2
https://doi.org/10.1016/j.jcss.2006.10.005;hal-03937274;Only in file2
https://hal.inria.fr/inria-00625090v112.;hal-02051413;Only in file2
https://doi.org/10.4204/eptcs.306.28.;hal-02492780;Only in file2
https://iacademc.oup.com/insililcopants/advance-artice-abstract/ldoi/.101093/insiliil/copants/dz0075519776byguestzhu;hal-02253260;Only in file2
https://fasttext.cc/docs/en/pretrained-vectors.html5;hal-03403125;Only in file2
https://kaggle.com/c/titanic/data3https://archive.ics.uci.edu/ml/datasets/adultfigure;hal-03133223;Only in file2
https://github.com/phfaist/pylatexenctwo;hal-04282533;Only in file2
https://gate.ac.uk/be;hal-03502001;Only in file2
https://spacy.io/.;hal-03812106;Only in file2
https://ncbi.nlm.nih.gov/books/nbk232319/.;hal-03347926;Only in file2
https://sabiod.org/icml4b2013_book.pdf13.;hal-04322219;Only in file2
https://inria.hal.science/hal-03097047v3submitted;hal-03097047;Only in file2
https://faz.net/aktuell/wirtschaft/unternehmen/twitter-begruendet-sperrung-mit-falschinformation-ueber-wahlen-16173579.html;hal-03189474;Only in file2
https://cs.au.dk;hal-02406503;Only in file2
https://scikit-learn.org/stable/modules/generated/sklearn.model_selection.train_test_split.html8https://spacy.io9thestandardbertftcmodelisaroundthreetimessmaller;hal-04260221;Only in file2
https://developer.apple.com/videos/play/wwdc2019/708;hal-02406503;Only in file2
https://lustre.org/.;lirmm-01867717;Only in file2
https://dl.acm.org/doi/10.5555/3237383.3237950.12;hal-04358408;Only in file2
https://doi.org/10.1145/1993966.1993976;hal-02289497;Only in file2
https://wiki.dbpedia.org/datasets.47.;hal-03118422;Only in file2
https://doi.org/10.1890/0012-9658;hal-03220977;Only in file2
https://doi.org/10.1088/1757-899x/1098/3/032039;hal-04132566;Only in file2
https://bibliontology.com/specification.html11;hal-02939363;Only in file2
https://doi.org/10.1016/j.tplants.2010.09.008ning;hal-02228974;Only in file2
https://doi.org/10.1145/3357251.3357590.doi:10.1145/3357251.3357590.;hal-03369680;Only in file2
https://iacademc.oup.comkoppolu;hal-04084880;Only in file2
https://cri.ensmp.fr/people/coelho/datafiller.html.;hal-03127717;Only in file2
https://doi.org/10.1016/j.fcr.2017.08.024bedoussac;hal-02228974;Only in file2
https://doi.org/10.1016/j.agrformet.2009.02.011essah;hal-02228974;Only in file2
https://openai.com/blog/chatgpt7;hal-04353543;Only in file2
https://doi.org/10.1145/3323878.3325809by;hal-02106521;Only in file2
https://doi.org/10.1016/j.neunet.2015.09.00817.;hal-03112715;Only in file2
https://w3.org/tr/2017/rec-shacl-20170720/.;hal-03189192;Only in file2
https://imageclef.org/lifeclef202017.;hal-02873670;Only in file2
https://unesdoc.unesco.org/ark:/48223/pf0000247444;hal-03658842;Only in file2
https://hal-lirmm.ccsd.cnrs.fr/lirmm-02010805submitted;lirmm-02010805;Only in file2
https://sciencedirect.com/science/article/pii/s0953543811000579.;hal-04351729;Only in file2
https://cin.ufpe.br/~speed/owlsummarizer/11https://lod2-dev.vse.cz/lodsight/about.html12https://github.com/jindrichmynarz/rdf-path-examples29;hal-01925496;Only in file2
https://developer.arm.com/ip-products/security-ip/trustzone;hal-02406503;Only in file2
https://ﬂickr.com/26https://www.epinions.com;hal-02435371;Only in file2
https://rdfs.org/scot/spec/30;hal-03812106;Only in file2
https://doi.org/10.1109/sp.2015.34gwas8.;hal-03100032;Only in file2
https://inria.hal.science/hal-03266462submitted;hal-03266462;Only in file2
https://lemonde.fr/les-decodeurs/2https://team.inria.fr/cedar/contentcheck;hal-02934277;Only in file2
https://docs.snowflake.com/en/sql-reference/udf-secure.html;hal-03941879;Only in file2
https://owl.cs.manchester.ac.uk/tools/fact;hal-04353543;Only in file2
https://uts.nlm.nih.gov/uts/umls/semantic-network/root8;hal-04353523;Only in file2
https://creativecommons.org/licenses/by/4.0;hal-03658842;Only in file2
https://inria.hal.science/hal-03128512submitted;hal-03128512;Only in file2
https://wortwolken.com/figure;hal-03133188;Only in file2
https://doi.org/10.1016/0378-8741;hal-03228509;Only in file2
https://doi.org/10.1145/1122445.1122456to;hal-03510012;Only in file2
https://millionsongdataset.com/lastfm/9based;hal-03133188;Only in file2
https://hal.inrae.fr/hal-03353487submitted;hal-03353487;Only in file2
https://doi.org/10.15468/39omeigbif;hal-04198414;Only in file2
https://doi.org/10.1007/s00778-019-00558-9;hal-03516360;Only in file2
https://publications.europa.eu/en/web/eu-vocabularies/model/-/resource/dataset/eli19;hal-03065217;Only in file2
https://dx.doi.org/10.1007/s10115-012-0584-8olga;hal-02066516;Only in file2
https://doi.org/10.1007/s10055-018-0334-7.;hal-03369680;Only in file2
https://doi.org/10.48550/arxiv.1502.00093.8.;hal-03769993;Only in file2
https://doi.org/10.1145/1282480.1282492;hal-03937274;Only in file2
https://doi.org/10.1016/j.apsoil.2017.08.011barillot;hal-02228974;Only in file2
https://nii.ac.jp/techreports/public_html/03-004e.pdf.27;hal-03940590;Only in file2
https://doi.org/10.2200/s00361ed1v01y201105hlt013;hal-03140067;Only in file2
https://flink.apache.org.;lirmm-03359490;Only in file2
https://ceur-ws.org/vol-304/paper9.pdf.;hal-04366893;Only in file2
https://doi.org/10.3390/biology11091293academic;hal-03771760;Only in file2
https://identifiers.org/mamo/mamo_0000046;hal-04125922;Only in file2
https://ceur-ws.org/vol-3063/oaei21_paper0.pdf.;hal-03889780;Only in file2
https://iso.org/iso/iso_catalogue/catalogue_tc/catalogue_detail.htm;hal-02070827;Only in file2
https://hal-lirmm.ccsd.cnrs.fr/lirmm-04320944submitted;lirmm-04320944;Only in file2
https://archive.ics.uci.edu/ml/index.php18;lirmm-03036868;Only in file2
https://doi.org/10.1007/978-3-319-13704-9_39;hal-03519365;Only in file2
https://doi.org/10.5281/zenodo.592792gargominy;hal-04198414;Only in file2
https://doi.org/10.1006/inco.2000.2923;hal-03934389;Only in file2
https://doi.org/10.48550/arxiv.2104.14294deneu;hal-04405026;Only in file2
https://inria.hal.science/hal-03809754submitted;hal-03809754;Only in file2
https://oaei.ontologymatching.org/2.;hal-03889780;Only in file2
https://github.com/asigmod/sigmod2020submission48;hal-01673025;Only in file2
https://doi.org/10.1016/j.patter.2020.100155sukla;hal-03404580;Only in file2
https://proceedings.neurips.cc/paper/2013/file/9aa42b31882ec039965f3c4923ce901b-paper.pdf;hal-03518717;Only in file2
https://doi.org/10.1007/978-3-662-03678-5_1;hal-02196903;Only in file2
https://homepages.inf.ed.ac.uk/libkin/papers/pods14.pdf;hal-03356951;Only in file2
https://go-fair.org/7.;hal-03969275;Only in file2
https://doi.org/10.1007/978-3-030-62466-8_18jonquet;hal-03404580;Only in file2
https://machinelearningmastery.com/gradient-descent-for-machine-learning/5;hal-02317227;Only in file2
https://ebi.ac.uk/efo/efo_00057418;hal-02939363;Only in file2
https://github.com/wimmics/d2kab-alignments11.;hal-03889780;Only in file2
https://doi.org/10.4018/ijdcf.2014010102boakes;hal-03871553;Only in file2
https://irisa.fr/lis/ferre/pub/dexa2023/.;hal-04186117;Only in file2
https://inria.hal.science/hal-03866083submitted;hal-03866083;Only in file2
https://doi.org/10.1016/j.applanim.2004.10.010.;hal-03347926;Only in file2
https://doi.org/10.1016/0022-0000;lirmm-03833578;Only in file2
https://inria.hal.science/hal-04311401submitted;hal-04311401;Only in file2
https://doi.org/10.5281/zenodo.2549996;hal-02137748;Only in file2
https://theverge.com/2021/8/4/22609020/facebook-bans-academic-researchers-ad-transparency-misinformation-nyu-ad-observatory-plug-in.;hal-03916393;Only in file2
https://aaai.org/ocs/index.php/sss/sss15/paper/view/10220.58;hal-04353543;Only in file2
https://aicrowd.com/challenges/lifeclef-2022-23-plant/5;hal-04322219;Only in file2
https://doi.org/10.1109/wi-iat.2015.20511.;hal-03135088;Only in file2
https://doi.org/10.1007/bfb00135707.;emse-04058783;Only in file2
https://ec.europa.eu/info/sites/info/files/commission-white-paper-artificial-intelligence-feb2020_en.pdf.16;hal-03189474;Only in file2
https://gdpr-info.eu/art-4-gdpr/4;hal-03715416;Only in file2
https://doi.org/10.1093/gigascience/giz056bisbis;hal-03711320;Only in file2
https://huggingface.co.;hal-04129915;Only in file2
https://hal-lirmm.ccsd.cnrs.fr/lirmm-03852429submitted;lirmm-03852429;Only in file2
https://triply.cc/docs/yasgui-api6;hal-04388974;Only in file2
https://ceur-ws.org/vol-937/ldow2012-paper-09.pdfsherif;hal-02435371;Only in file2
https://doi.org/10.1145/3294052.3319683;hal-03516360;Only in file2
https://doi.org/10.1109/hpec.2012.6408680;hal-04212814;Only in file2
https://gitlab.inria.fr/akatim/sparlqprov-demo.references;hal-04386268;Only in file2
https://inria.hal.science/hal-03986142submitted;hal-03986142;Only in file2
https://doi.org/10.1016/s0022-0000;hal-03516360;Only in file2
https://arxiv.org/abs/1412.6575.211;hal-04353543;Only in file2
https://naturefrance.fr/languedoc-roussillon/referentiel-des-donnees-sensibles17;hal-02190170;Only in file2
https://orcid.org/0000-0002-3076-5499a;hal-04289970;Only in file2
https://millionsongdataset.com/musixmatch/24https://www.soundtrackyourbrand.com2144;hal-03133188;Only in file2
https://doi.org/10.1109/issnip.2007.44968594.;hal-03415990;Only in file2
https://doi.org/10.3897/rio.6.e54280hardisty;hal-03871553;Only in file2
https://cassandra.apache.org;hal-02174445;Only in file2
https://doi.org/10.1007/s00500-004-0388-1.;hal-03871500;Only in file2
https://inria.hal.science/hal-02253260submitted;hal-02253260;Only in file2
https://quantiﬁedawesome.com/records2https://www.kaggle.com/mrisdal/2016-us-presidential-debates3https://kdd.ics.uci.edu/databases/20newsgroups/20newsgroups.html4https://is.gd/rdx39u5https://bit.ly/3wbqita;hal-03494520;Only in file2
https://arxiv.org/abs/2004.02082.andy;hal-04377324;Only in file2
https://doi.org/10.1093/icesjms/fsv149.;hal-03228509;Only in file2
https://arxiv.org/abs/1610.02608.;lirmm-02949807;Only in file2
https://inria.hal.science/hal-04334794submitted;hal-04334794;Only in file2
https://w3.org/rdf/5;hal-02100230;Only in file2
https://hal.archives-ouvertes.fr/hal-0162919118.;hal-04204378;Only in file2
https://cnil.fr/fr/la-cnil-publie-son-deuxieme-avis-adresse-au-parlement-sur-les-conditions-de-mise-en-oeuvre-de-si-dep.61;hal-03189474;Only in file2
https://w3.org/tr/rdf-sparql-query/kgqa;hal-04269089;Only in file2
https://sciencedirect.com/science/article/pii/s0095895615000581;hal-03356951;Only in file2
https://doi.org/10.21105/joss.016672;hal-02293689;Only in file2
https://doi.acm.org/10.1145/2213836.2213875;hal-01981553;Only in file2
https://doi.org/10.1145/3544548.3581575permission;hal-04132566;Only in file2
https://doi.acm.org/10.1145/28395.28420.;hal-02406503;Only in file2
https://iacademc.oup.com/insililcopants/advance-articedo/li/.101093/insiliilcopants/daa0075918454by/inraeinstitutnationalderecherchepourl;hal-02962262;Only in file2
https://doi.org/10.1109/tpds.2009.14550.;hal-03135088;Only in file2
https://zenodo.org/communities/sotm-2021doi:;hal-03516296;Only in file2
https://identifiers.org/taxonomy/131567;hal-04125922;Only in file2
https://ec.15europa.eu/digital-single-market/en/news/ethics-guidelines-trustworthy-ai.european;hal-03189474;Only in file2
https://hal.inria.fr/inria-00390236/en17.;hal-02532706;Only in file2
https://doi.org/10.1016/j.fcr.2009.04.007costanzo;hal-02228974;Only in file2
https://doi.org/10.1007/s11104-017-3496-2monteith;hal-02228974;Only in file2
https://doi.org/10.1038/s41598-020-69861-813vol.:;hal-02919190;Only in file2
https://doi.org/10.1016/s0022-0000;hal-04278100;Only in file2
https://doi.org/10.5281/zenodo.2635501;hal-02190170;Only in file2
https://catalogueoflife.org/list.annual-checklist/2019;hal-03889780;Only in file2
https://doi.org/10.1145/1143844.1143917.;hal-03406994;Only in file2
https://dx.doi.org/10.1109/icdew.2012.47brian;hal-02435371;Only in file2
https://w3.org/tr/sparql11-query/5namespace:;hal-02389918;Only in file2
https://ec.europa.eu/cefdigital/wiki/display/ehsemantic/icd-9-cm:+international+classification+of+diseases,+ninth+revision,+clinical+modification;hal-03266004;Only in file2
https://doi.org/10.15232/s1080-7446;hal-03315102;Only in file2
https://doi.org/10.1051/kmae:2002003.;hal-03228509;Only in file2
https://github.com/google-research/bleurt/issues/15for;hal-04257838;Only in file2
https://inria.hal.science/hal-02433443submitted;hal-02433443;Only in file2
https://doi.org/10.1162/dint_a_00038thompson;hal-02483307;Only in file2
https://taxref.i3s.unice.fr/fct/.;hal-04289970;Only in file2
https://arxiv.org/abs/1909.04715.;hal-02406503;Only in file2
https://wikidata.org/wiki/wikidata:sparql_query_service/queries/examples.;hal-02096714;Only in file2
https://cbd.int/2;hal-04322219;Only in file2
https://emphasis.plant-phenotyping.eu;hal-03686060;Only in file2
https://gitlab.inria.fr/rules/graal-v28we;lirmm-03785968;Only in file2
https://lod.sztaki.hu/sparql28https://aims.fao.org/aos/agrontology;hal-03301330;Only in file2
https://splicemachine.com/wp-content/uploads/sp.whitepaper_141015.pdf.;lirmm-03639381;Only in file2
https://doi.org/10.1016/0304-3800;hal-03220977;Only in file2
https://doi.org/10.1007/978-3-642-32925-8;hal-03934420;Only in file2
https://doi.org/10.1145/3335772.333593614.;hal-03112715;Only in file2
https://drops.dagstuhl.de/opus/volltexte/2018/8594informatik;hal-03527888;Only in file2
https://doi.org/10.1109/icsc.2017.73proc.;hal-03138755;Only in file2
https://github.com/oapandit/probbertforbridging.2;hal-03284110;Only in file2
https://doi.acm.org/10.1145/289475043.;hal-03329908;Only in file2
https://inria.hal.science/hal-04377324submitted;hal-04377324;Only in file2
https://wasabi.i3s.unice.fr/7;hal-03748134;Only in file2
https://fsa.usda.gov22;hal-02945382;Only in file2
https://alexandria.unisg.ch/257439/3.;hal-03135088;Only in file2
https://doi.org/10.1111/j.2006.0906-7590.04596.x6.franklin;hal-03220977;Only in file2
https://chowlk.linkeddata.es/notation.html.8;hal-04289970;Only in file2
https://doi.org/10.1109/tsmca.2005.855789ieee;hal-02968427;Only in file2
https://gitlab.inria.fr/cesabate/mlj2022-gopa0.30.40.50.60.70.80.9proportion;hal-03820603;Only in file2
https://datadryad.org/resource/doi:10.5061/dryad.kk71t;hal-04182535;Only in file2
https://github.com/damian0815/compel9the;hal-04262826;Only in file2
https://archive.ics.uci.edu/ml5.;hal-02190788;Only in file2
https://ai4media.eu;hal-04260221;Only in file2
https://github.com/yrussac/lb-sda.;hal-03265442;Only in file2
https://voiceprivacychallenge.org/docs/voiceprivacy_2020_eval_plan_v1_3.pdf;hal-02610447;Only in file2
https://gd.eppo.int/2;hal-04289970;Only in file2
https://doi.org/10.1109/iembs.2006.259235approachinieeeand;hal-03905409;Only in file2
https://aclweb.org/anthology/p/p14/p14-501013.;hal-03021075;Only in file2
https://github.com/krr-oxford/guarded-saturation.1;lirmm-03714595;Only in file2
https://ceur-ws.org/vol-156/.;hal-04366893;Only in file2
https://hal.archives-ouvertes.fr/hal-0218922911.;hal-02989101;Only in file2
https://github.com/badmotor/fcacompressrdf;hal-03516393;Only in file2
https://wikitimeline.github.io/search.html;hal-03516420;Only in file2
https://doi.org/10.1145/1247480.1247516;hal-04110779;Only in file2
https://doi.org/10.1016/j.livsci.2013.11.007.;hal-03347926;Only in file2
https://doi.org/10.1016/j.eja.2009.04.002lechenet;hal-02228974;Only in file2
https://doi.org/10.1109/issnip.2007.44968596.;hal-02945382;Only in file2
https://doi.org/10.1016/j.eja.2016.09.001casadebaig;hal-02228974;Only in file2
https://doi.org/10.1038/sdata.2016.18willis;hal-03871553;Only in file2
https://yahooresearch.tumblr.com/post/114590420346/7;lirmm-03852429;Only in file2
https://doi.org/10.1145/3297280.32973271;hal-01999453;Only in file2
https://doi.org/10.1007/s13222-016-0231-8.;hal-04366893;Only in file2
https://sciencedirect.com/science/article/pii/s0262885619300435;hal-03921565;Only in file2
https://github.com/frmichel/morph-xr2rml/13;hal-03807744;Only in file2
https://w3.org/designissues/linkeddata.html;hal-02073854;Only in file2
https://github.com/kermitt2/entity-fishing12.;hal-03969275;Only in file2
https://tel.archives-ouvertes.fr/tel-01483770.28;lirmm-02148200;Only in file2
https://doi.org/10.1016/j.applanim.2017.11.009.;hal-03347926;Only in file2
https://ourworldindata.org/hunger-andundernourishmentrouditchenko;hal-04411802;Only in file2
https://opentheso.huma-num.fr/idg=mt_10&idt=th310;hal-04156996;Only in file2
https://inria.hal.science/hal-03403125submitted;hal-03403125;Only in file2
https://snap.stanford.edu/data/index.html.4https://users.diag.uniroma1.it/challenge9/download.shtml;hal-03140067;Only in file2
https://hal-lirmm.ccsd.cnrs.fr/lirmm-03785968submitted;lirmm-03785968;Only in file2
https://wimmics.github.io/voidmatic/the;hal-04171196;Only in file2
https://sedac.ciesin.columbia.edu/data/set/wildareas-v3-2009-human-footprintand;hal-03693593;Only in file2
https://doi.org/10.14778/1920841.p.;hal-02492780;Only in file2
https://oro.open.ac.uk/67263/13.;hal-03715416;Only in file2
https://proceedings.neurips.cc/paper/2017/file/dbd22ba3bd0df8f385bdac3e9f8be207-paper.pdf;hal-04068708;Only in file2
https://pti.iu.edu/impact/data-sets/komadu.html.;lirmm-02265932;Only in file2
https://inria.hal.science/hal-03980046submitted;hal-03980046;Only in file2
https://kaggle.com/c/yandex-personalized-web-search-challengepersonalizedsearchweb2013.;hal-03163763;Only in file2
https://professionnels.ign.fr/bdortho3.;hal-02873670;Only in file2
https://wasabi.i3s.unice.fr/apidoc/3https://wasabi.inria.fr/sparql33.1;hal-03748134;Only in file2
https://w3.org/standards/semanticweb/3https://www.ietf.org/rfc/rfc3986.txt;hal-02936253;Only in file2
https://arxiv.org/abs/2106.07297i.;hal-04041691;Only in file2
https://doi.org/10.1007/978-3-319-46523-42011.;hal-03021075;Only in file2
https://wiki.dbpedia.org/a;hal-02936253;Only in file2
https://doi.org/10.5751/es-05035-170440launay;hal-02228974;Only in file2
https://doi.org/10.1016/j.chb.2021.107018;hal-04132566;Only in file2
https://w3.org/tr/prov-o/tgdk;hal-04358408;Only in file2
https://neo4j.com/developer/cypher;hal-03886320;Only in file2
https://github.com/graphmark/gmark;hal-01673025;Only in file2
https://doi.org/10.1016/j.compag.2017.10.012.;hal-03662183;Only in file2
https://bit.ly/2otfqhp.;hal-02936193;Only in file2
https://jsbin.com/joyifojuva/edit16;hal-03812106;Only in file2
https://doi.org/10.1145/3375395.33879701;hal-03127726;Only in file2
https://hal-lirmm.ccsd.cnrs.fr/lirmm-03762686submitted;lirmm-03762686;Only in file2
https://euractiv.com/section/freedom-of-thought/news/campaigners-lock-horns-with-eu-justice-chief-on-hate-speech/.chief;hal-03189474;Only in file2
https://doi.org/10.1186/2041-1480-5-28;hal-03905184;Only in file2
https://doi.org/10.1002/aps3.11372regos;hal-03871553;Only in file2
https://rtw.ml.cmu.edu/rtw/resources9;hal-03500647;Only in file2
https://tpc.org/tpch/dblp;hal-02435371;Only in file2
https://github.com/chrisbotella/ub-and-tgob;hal-02639237;Only in file2
https://d-nb.info/gnd;lirmm-02945170;Only in file2
https://proceedings.neurips.cc/paper/2020/file/b53b3a3d6ab90ce0268229151c9bde11-paper.pdf;hal-03904200;Only in file2
https://insee.fr/fr/information/2406147.6;hal-02348004;Only in file2
https://orcid.org/0000-0002-6462-7633l;hal-03965684;Only in file2
https://about.fb.com/news/2018/05/enforcement-numbers/.22;hal-03189474;Only in file2
https://hal.inria.fr/hal-017457686.;hal-03021075;Only in file2
https://doi.org/10.1145/1122445.1122456some;hal-03133223;Only in file2
https://doi.org/10.1111/2041-210x.12242;hal-02639237;Only in file2
https://doi.org/10.1145/1148493.1148532reese;hal-03404580;Only in file2
https://doi.org/10.1080/00029890.1962.11989827guedes;hal-02984949;Only in file2
https://hal.inrae.fr/hal-04183747submitted;hal-04183747;Only in file2
https://inria.hal.science/hal-03082579submitted;hal-03082579;Only in file2
https://ebi.ac.uk/biomodels/legal.html;hal-04125922;Only in file2
https://iacademc.oup.comfig.;hal-01895279;Only in file2
https://doi.org/10.1016/j.envsoft.2021.105055.this;hal-03231805;Only in file2
https://arxiv.org/abs/1907.123219.;hal-03112715;Only in file2
https://dx.doi.org/10.2139/ssrn.2687120.41;hal-03189474;Only in file2
https://faust.grame.franr;hal-02337828;Only in file2
https://doi.org/10.1109/infcom.2013.656701827.;hal-03266462;Only in file2
https://doi.org/10.1109/iat.2003.1241082;emse-02070625;Only in file2
https://doi.org/10.1145/3448016.3452790;hal-03897397;Only in file2
https://geoservices.ign.fr23;hal-02945382;Only in file2
https://dx.doi.org/10.1145/2611567faisal;hal-02066516;Only in file2
https://w3.org/tr/2013/rec-sparql11-query-20130321.;hal-02096714;Only in file2
https://doi.org/xxxxxxx.xxxxxxxwe;hal-03932371;Only in file2
https://w3.org/tr/sparql11-query;hal-03320929;Only in file2
https://enquetes.univ-lille.fr/index.php/178616;hal-03279850;Only in file2
https://thefreedictionary.com/list-of-noisausreptnemitnesyticilpmisegassenoitatnemugralogistic;hal-03314797;Only in file2
https://bioportal.bioontology.org/ontologies/ndf-rt9;hal-02064421;Only in file2
https://kubernetes.io/docs/concepts/storage/volumes.;lirmm-02265932;Only in file2
https://doi.org/10.1145/32007664.;hal-04188896;Only in file2
https://doi.org/10.1093/nar/gku11815.;hal-04125922;Only in file2
https://inria.hal.science/hal-02167174submitted;hal-02167174;Only in file2
https://dx.doi.org/10.1145/2213836.221386623.;hal-02532706;Only in file2
https://doi.org/10.1007/978-3-030-62419-4;hal-04201661;Only in file2
https://doi.org/10.1371/journal.pone.0189288david;hal-02483307;Only in file2
https://doi.org/10.1016/j.gmod.2008.10.001pradal;hal-02228974;Only in file2
https://hal.archives-ouvertes.fr/hal-02923548.hofst;hal-03256451;Only in file2
https://doi.acm.org/10.1145/3152434.315244134.;hal-03266462;Only in file2
https://ray.io/uses;hal-04414815;Only in file2
https://github.com/maximiliense/glc194;hal-02290310;Only in file2
https://doi.org/10.1145/3366423.3380245.;hal-03765857;Only in file2
https://aclweb.org/anthology/d12-105444.;hal-03812106;Only in file2
https://github.com/boourns/wam-communityused;hal-04337545;Only in file2
https://purl.org/dc/terms/title;hal-03516420;Only in file2
https://arxiv.org/abs/2112.07051.;hal-03889780;Only in file2
https://ogc.org/.;hal-03662183;Only in file2
https://github.com/sebferre/arc-mdl3.;hal-04186090;Only in file2
https://doi.org/10.5591/978-1-57735-516-8/ijcai11-126;lirmm-04320944;Only in file2
https://inria.hal.science/hal-02269201submitted;hal-02269201;Only in file2
https://people.math.gatech.edu/~thomas/pap/twcpt.pdf.a;lirmm-04320944;Only in file2
https://tinyurl.com/e-tonomy.;hal-03996787;Only in file2
https://doi.org/10.1016/s0304-3800;hal-04263001;Only in file2
https://rdfquotient.inria.fr;hal-02921457;Only in file2
https://doi.org/10.5591/978-1-57735-516-8/ijcai11-141;hal-03937274;Only in file2
https://doi.org/10.1086/282505machado;hal-02228974;Only in file2
https://nature.com/articles/s41598-018-21191-6.;hal-03329674;Only in file2
https://gitlab.inria.fr/lgalarra/remi.references;hal-03084627;Only in file2
https://arxiv.org/abs/1910.0143214.;hal-03741042;Only in file2
https://aclanthology.org/2021.emnlp-main.595.;hal-04262826;Only in file2
https://hal-lirmm.ccsd.cnrs.fr/lirmm-03443548submitted;lirmm-03443548;Only in file2
https://hal.inrae.fr/hal-03353469submitted;hal-03353469;Only in file2
https://doi.org/10.1145/3375395.3387666portland;hal-03127717;Only in file2
https://kaggle.com/allen-institute-for-ai/cord-19-research-challenge/29;hal-02939363;Only in file2
https://ﬁnance.yahoo.com3;lirmm-02973633;Only in file2
https://doi.org/10.1016/0304-3975;hal-03140067;Only in file2
https://inria.hal.science/hal-03828747submitted;hal-03828747;Only in file2
https://doi.org/10.1504/ijcbdd.2019.0997614.;lirmm-03324873;Only in file2
https://aims.fao.org/aos/agrovoc/c_8283;hal-03889780;Only in file2
https://dx.doi.org/10.1016/j.comcom.2009.08.01224.;hal-03329908;Only in file2
https://cs.ox.ac.uk/people/michael.vandenboom/papers/lics15-gnfpb-long.pdf.;hal-02307999;Only in file2
https://dx.doi.org/10.1093/bioinformatics/btl172.;hal-03156136;Only in file2
https://rdfquotient.inria.fr/files/2019/11/bsbm1m_s_split_and_fold_leaves.png;hal-02530206;Only in file2
https://doi.org/10.1109/mc.2004.129724310.;hal-03112715;Only in file2
https://grappa.univ-lille3.fr/tata;lirmm-04305787;Only in file2
https://doi.org/10.1890/07-0539.110.;hal-03167637;Only in file2
https://doi.org/10.4230/lipics.fsttcs.2021.52a;lirmm-03833578;Only in file2
https://inria.hal.science/hal-02319521submitted;hal-02319521;Only in file2
https://doi.org/10.1007/s10021-005-0054-139.;hal-03220977;Only in file2
https://hal.inrae.fr/hal-04084880submitted;hal-04084880;Only in file2
https://doi.org/10.1016/j.fcr.2010.12.004duchene;hal-02228974;Only in file2
https://alexandria.unisg.ch/255762/34.;hal-03135088;Only in file2
https://w3.org/tr/sparql11-overview/f.;hal-04110779;Only in file2
https://doi.org/10.1007/978-3-030-77385-4_31;hal-03946680;Only in file2
https://doi.org/10.1016/s1161-0301;hal-03231805;Only in file2
https://github.com/ucomignani/infine2https://physionet.org/content/mimiciii/1.4/athetwothatjoinlocationbetweencomputesadmissionthe;hal-03474955;Only in file2
https://inria.hal.science/hal-03099724submitted;hal-03099724;Only in file2
https://gitlab.inria.fr/magnet/gle_emnlp.5itisimportanttonotetheuseofwordnetincreatinghyperlexwasrestrictedtowordpairselection;hal-04250849;Only in file2
https://hal.umontpellier.fr/hal-02573627submitted;hal-02573627;Only in file2
https://github.com/burnash/gspread;hal-04157720;Only in file2
https://doi.org/10.1016/j.;hal-03347926;Only in file2
https://lowerquality.com/gentle;hal-03369137;Only in file2
https://doi.org/10.1596/1813-9450-9412ayush;hal-04411802;Only in file2
https://doi.org/10.1109/iot.2012.6402313things.33.;hal-03135088;Only in file2
https://improving.duckduckgo.com.;hal-04228304;Only in file2
https://doi.org/10.1046/j.1365-2400.1998.00076.x.;hal-03228509;Only in file2
https://github.com/xuczhang/xuczhang.github.io/blob/master/papers/aaai20_tapnet_full.pdf;hal-03469487;Only in file2
https://altair-viz.github.io;hal-02918344;Only in file2
https://lifeclef.org/3;hal-03415990;Only in file2
https://identifiers.org/go/go:0006470;hal-04125922;Only in file2
https://project.inria.fr/fuchsia/3;hal-02968427;Only in file2
https://github.com/nju-websoft/qgstp.;hal-03886320;Only in file2
https://doi.org/10.1890/0012-9658;hal-02228974;Only in file2
https://aclanthology.org/2021.naacl-main.187.wen;hal-04344975;Only in file2
https://gforge.inria.fr/moex/lazylav05000010000015000020000000.20.40.60.81itération;hal-03905182;Only in file2
https://plantnet.org/en/2021/03/30/a-plntnet-dataset-for-machine-learning-researchers;hal-03965684;Only in file2
https://github.com/boourns/wam-communityused;hal-03871660;Only in file2
https://doi.org/10.1007/s00145-002-0143-7;hal-03904200;Only in file2
https://inria.hal.science/hal-04126662submitted;hal-04126662;Only in file2
https://w3.org/tr/2020/web;emse-04058783;Only in file2
https://docs.scipy.org/doc/scipy/reference/generated/scipy.cluster.hierarchy.linkage.html;hal-03369206;Only in file2
https://liberation.fr/france/2019/02/15/grand-debat-des-algorithmes-et-de-l-ia-pour-trier-classer-et-sous-classer-les-idees_170967811.;hal-02860659;Only in file2
https://doi.org/10.1016/j.compag.2019.01.019.;hal-03347926;Only in file2
https://doi.org/10.1145/3485447.3514195month;hal-03633526;Only in file2
https://dl.acm.org/doi/10.5555/313651.313772;hal-04278100;Only in file2
https://dbpedia.org;hal-03084627;Only in file2
https://proceedings.mlr.press/v70/liu17d.html.seyed;hal-04344975;Only in file2
https://doi.org/10.1016/j.ecolmodel.2012.10.023munz;hal-02228974;Only in file2
https://sp-tk.sourceforge.net/17;hal-03332224;Only in file2
https://tools.ietf.org/html/draft-ietf-core-resource-directory-24internet;hal-03135088;Only in file2
https://streamreasoning.github.io/triplewave/18https://ldbcouncil.org/industry/organization/origins19https://www.bbc.com;hal-02435371;Only in file2
https://doi.org/10.1016/s0308-521x;hal-02228974;Only in file2
https://doi.org/10.1093/jxb/ery323fayaud;hal-02228974;Only in file2
https://hal.inrae.fr/hal-02981760submitted;hal-02981760;Only in file2
https://mloss.org/software/view/415/10.;hal-02195539;Only in file2
https://aaai.org/ocs/index.php/aaai/aaai16/paper/view/12018.han;hal-04344975;Only in file2
https://pebbie.org/mashup/rml5.;hal-03516713;Only in file2
https://github.com/issa-project/issa-pipelinearviz;hal-03807744;Only in file2
https://icml.cc/2011/papers/438_icmlpaper.pdf.140;hal-04353543;Only in file2
https://doi.org/10.1016/j.marpol.2012.09.001.;hal-03228509;Only in file2
https://doi.org/10.1145/352958.352982;hal-01673025;Only in file2
https://hal.inrae.fr/hal-02873670submitted;hal-02873670;Only in file2
https://inria.hal.science/hal-01934916submitted;hal-01934916;Only in file2
https://who.int/emergencies/diseases/novel-coronavirus-2019/global-research-on-novel-coronavirus-2019-ncov.;hal-02918344;Only in file2
https://gbif.org/fr/publisher/5c7a5c20-1bd0-11d8-a2da-b8a03c50a862https://www.gbif.es/en;hal-04198414;Only in file2
https://sparql.proconsortium.org/.well-known/void;hal-03301330;Only in file2
https://inria.hal.science/hal-03189192submitted;hal-03189192;Only in file2
https://dx.doi.org/10.1007/978-3-642-22256-6_216.;hal-02532706;Only in file2
https://inria.hal.science/hal-03139460submitted;hal-03139460;Only in file2
https://ncbi.nlm.nih.gov/pmc/tools/developers/3.;hal-03889968;Only in file2
https://github.com/wimmics/covidontheweb/tree/master/src/actanous;hal-03230741;Only in file2
https://prod-dekalog.inria.fr17;hal-03946680;Only in file2
https://gitlab.inria.fr/hayats/connor.;hal-03704042;Only in file2
https://plato.stanford.edu/archives/sum2020/entries/events;hal-04233316;Only in file2
https://ijcai.org/proceedings/91-1/papers/089.pdf4.;emse-04058783;Only in file2
https://ceur-ws.org/vol-3324/oaei22_paper0.pdf.139;hal-04353523;Only in file2
https://github.com/frmichel/morph-xr2rml/10https://jena.apache.org/11https://mongodb.github.io/mongo-java-driver/12https://jongo.org/13https://github.com/json-path/jsonpath14https://taxref.mnhn.fr/taxref-web/api/doc;hal-01926379;Only in file2
https://inria.hal.science/hal-03351621submitted;hal-03351621;Only in file2
https://doi.org/10.1007/978-3-319-76445-0;hal-03641389;Only in file2
https://arxiv.org/abs/1711.011345.;hal-03741042;Only in file2
https://doi.org/10.1046/j.1365-3040.2001.00694.xsinoquet;hal-02228974;Only in file2
https://docs.microsoft.com/en-us/sql/relational-databases/security/claves.encryption/always-encrypted-enclaves;hal-03692175;Only in file2
https://inria.hal.science/hal-02977704submitted;hal-02977704;Only in file2
https://iacademc.oup.com/insililcopants/advance-articedo/li/.101093/insiliilcopants/daa0075918454by/inraeinstitutnationalderecherchepourlisting;hal-02962262;Only in file2
https://doi.org/10.1073/pnas.1521540113.;hal-03228509;Only in file2
https://github.com/mlouarn/rcsparql/.lerc;hal-03602177;Only in file2
https://en.wikipedia.org/figure;hal-03502001;Only in file2
https://ps.uni-sb.de/papers/abstracts/stepwise.html.;hal-03536045;Only in file2
https://doi.org/10.4141/p01-043evans;hal-02228974;Only in file2
https://creativecommons.org/licenses/by/4.0/.proceedingsofthegraph-basedmethodsfornaturallanguageprocessing;hal-03100039;Only in file2
https://doi.org/10.1145/3341105.33739321;hal-02389918;Only in file2
https://dx.doi.org/10.1016/j.intcom.2011.05.008.;hal-04351729;Only in file2
https://doi.org/10.1109/sp.2019.00044.;hal-02406503;Only in file2
https://doi.org/10.1890/07-0539.1;hal-03220977;Only in file2
https://electoralcommission.org.uk/i-am-a/voter/misc-campaigning/know-who-paying-misc-political-ads.;hal-04129915;Only in file2
https://lod-cloud.net/copyright;hal-03516436;Only in file2
https://doi.org/10.2527/jas.2011-4478.;hal-03347926;Only in file2
https://doi.org/10.1145/1873951.1874254.;hal-03406994;Only in file2
https://lov.linkeddata.es/dataset/lov.;hal-03662183;Only in file2
https://doi.org/10.1162/dint_a_00031wilkinson;hal-02483307;Only in file2
https://ceur-ws.org/vol-2699/paper05.pdf.80;hal-04353543;Only in file2
https://doi.org/10.1007/bf0005196612.;hal-02639237;Only in file2
https://hal.inria.fr/hal-01925496;hal-02081474;Only in file2
https://inria.hal.science/hal-02435355submitted;hal-02435355;Only in file2
https://inria.hal.science/hal-03564455submitted;hal-03564455;Only in file2
https://github.com/hpcdb/keras-prov;lirmm-03443660;Only in file2
https://doi.org/10.5281/zenodo.72569885linux;hal-04388912;Only in file2
https://pep.security;hal-03138769;Only in file2
https://github.com/nimi-research/cnl_kgqamodern;hal-04269089;Only in file2
https://isca-speech.org/archive/interspeech_2014/i14_1058.html;hal-03160473;Only in file2
https://doi.org/10.1016/j.ic.2011.09.00114;hal-03904200;Only in file2
https://doi.org/10.1162/neco.1989.1.4.541;hal-04138880;Only in file2
https://fr0stbyter.github.io/jspatcher/dist;hal-03812972;Only in file2
https://ontology.irstea.fr/bsv/sparqlhttps://ontology.inrae.fr/frenchcropusage/sparqllblvigne;hal-03404125;Only in file2
https://hal-lirmm.ccsd.cnrs.fr/lirmm-03822964submitted;lirmm-03822964;Only in file2
https://hal-lirmm.ccsd.cnrs.fr/lirmm-02984969submitted;lirmm-02984969;Only in file2
https://cse.sc.edu/~mgv/csce781sp13/presentations/3:395;hal-04377324;Only in file2
https://arxiv.org/abs/1901.08755.;hal-02406503;Only in file2
https://doi.org/10.1093/jmammal/gyx147carranza-rojas;hal-03871553;Only in file2
https://doi.org/10.1016/j.entcs.2008.05.017d.;hal-02970761;Only in file2
https://inria.hal.science/hal-04092216submitted;hal-04092216;Only in file2
https://deezer.com4.3;hal-02281137;Only in file2
https://hal.archives-ouvertes.fr/tel-03081054menin;hal-03296233;Only in file2
https://web4.ensiie.fr;hal-02417259;Only in file2
https://doi.org/10.1145/284454420.;hal-03807744;Only in file2
https://hal-lirmm.ccsd.cnrs.fr/lirmm-04272014submitted;lirmm-04272014;Only in file2
https://doi.org/10.1080/0952813x.2017.1409284;hal-04014977;Only in file2
https://w3.org/1999/02/22;hal-03082579;Only in file2
https://doi.org/10.1145/nnnnnnn.nnnnnnnthe;hal-03176657;Only in file2
https://doi.org/10.1145/115790.115838;hal-03934346;Only in file2
https://hal-lirmm.ccsd.cnrs.fr/lirmm-02969506submitted;lirmm-02969506;Only in file2
https://collegeofmedicine.org.uk/complementary-medicine-roundup-march-2018/figure;hal-02157559;Only in file2
https://w3.org/tr/skos-reference;hal-03889780;Only in file2
https://pedroramaciotti.github.io/files/publications/2021_tcs.pdf.;hal-03905183;Only in file2
https://w3.org/designissues/rdfnot.html.;hal-02984945;Only in file2
https://github.com/wimmics/covidontheweb14;hal-03404580;Only in file2
https://sciencedirect.com/science/article/pii/s002200007080006x43;hal-03151014;Only in file2
https://doi.org/10.18653/v1/2020.alw-1.5.;hal-04014977;Only in file2
https://dx.doi.org/10.1007/s13278-016-0352-yshirui;hal-02435371;Only in file2
https://doi.org/10.1007/978-3-319-45276-0_3;hal-03937274;Only in file2
https://doi.org/10.1109/tmm.2021.3124080;hal-03698833;Only in file2
https://freedomboxfoundation.org/.;hal-03140409;Only in file2
https://doi.org/10.48550/arxiv.2303.06516.leopoldo;hal-04377324;Only in file2
https://arxiv.org/abs/1903.02428;hal-04041691;Only in file2
https://doi.org/10.1109/escience.2015.5030.;lirmm-03324873;Only in file2
https://w3.org/tr/owl2-overview/.proceedingsofthe20thinternationalconferenceonprinciplesofknowledgerepresentationandreasoningmaintrack439;lirmm-04272014;Only in file2
https://github.com/yatingmusic/compound-word-transformer10https://github.com/joshuachang2311/chorder;hal-03256451;Only in file2
https://onlinelibrary.wiley.com/doi/pdf/10.1002/j.2161-1882.2004.tb00241.x;hal-04132566;Only in file2
https://project.inria.fr/corese/3;hal-04346839;Only in file2
https://openenclave.io.;hal-03536381;Only in file2
https://github.com/uffescience/wf-security.;lirmm-03452298;Only in file2
https://sabiod.univ-tln.fr/nips4b6.;hal-02345644;Only in file2
https://schema.org/7the;hal-03946680;Only in file2
https://dx.doi.org/10.1016/0167-6423;hal-04125922;Only in file2
https://proceedings.mlr.press/v139/shamsian21a.html.13;hal-03406994;Only in file2
https://doi.org/10.14778/3407790.34078151tuples;hal-02898931;Only in file2
https://github.com/monarch-initiative/omim.17created;hal-04366893;Only in file2
https://facebook.com/ads/archive/.;hal-03916393;Only in file2
https://doi.org/10.57745/in;hal-04043460;Only in file2
https://inria.hal.science/hal-03960471submitted;hal-03960471;Only in file2
https://bing.com/fd/ls/glinkpingpost.aspx.;hal-04228304;Only in file2
https://project.inria.fr/creattive3d/gust-3d/figure;hal-04102737;Only in file2
https://gitlab.com/include-project/federate.;hal-03110739;Only in file2
https://doi.org/10.1109/mcg.2019.293341914.;hal-03779349;Only in file2
https://ghr.nlm.nih.gov/gene/ththen;hal-02317227;Only in file2
https://gdeltproject.org/data.html.;hal-03150404;Only in file2
https://github.com/monarch-initiative/omim.16created;hal-04351729;Only in file2
https://lod-cloud.net/2lov:;hal-03765857;Only in file2
https://d2kab.org/2.;hal-03889968;Only in file2
https://keras.io.;hal-03160473;Only in file2
https://arxiv.org/abs/2002.11097.ester;hal-04377324;Only in file2
https://gitlab.com/serre-des-savoirs/c3po-kb/-/blob/main/10;hal-04289970;Only in file2
https://biocomputing.univ-lille.fr/core-sbml.related;hal-04125922;Only in file2
https://doi.org/10.1142/9789813148208_0008;hal-03934389;Only in file2
https://cigref.hr-ingenium.com/accueil.aspx.c;hal-02348004;Only in file2
https://hal.umontpellier.fr/hal-0228145523.;hal-04322219;Only in file2
https://keras.io/9;hal-03599214;Only in file2
https://scikit-learn.org/stable/2https://xgboost.readthedocs.io/en/latest/python/3https://keras.io/4https://github.com/hyperopt/hyperopt5https://github.com/slundberg/shap;hal-02190790;Only in file2
https://sciencedirect.com/science/article/pii/s1470204520301753;hal-03379679;Only in file2
https://aicrowd.com/2.;hal-03641389;Only in file2
https://doi.org/10.5281/zenodo.26341374.;hal-02281455;Only in file2
https://sbml.org/sbml/level2/version4;hal-04125922;Only in file2
https://inf.ed.ac.uk/publications/online/0949.pdf;hal-03356951;Only in file2
https://doi.org/10.1007/3-540-18507-0_1.;hal-03871500;Only in file2
https://inria.hal.science/hal-03812972submitted;hal-03812972;Only in file2
https://speedtest.net/reports/32;hal-02406503;Only in file2
https://facebook.com/adpreferences.;hal-03916393;Only in file2
https://hal.inria.fr/hal-01925496;hal-02935956;Only in file2
https://fasttext.cc/docs/en/pretrained-vectors.html.;hal-02348004;Only in file2
https://cs.ox.ac.uk/people/andrew.paverd/casper/casper-privacy-report.pdf10.;hal-02950994;Only in file2
https://doi.org/10.1109/wf-iot.2016.;hal-02289497;Only in file2
https://doi.org/10.1201/9781003128786.;hal-03657095;Only in file2
https://dx.doi.org/10.1145/1265530.12655642.;hal-02532706;Only in file2
https://hal.sorbonne-universite.fr/hal-03379679submitted;hal-03379679;Only in file2
https://quantum.agroparistech.fr/po2.;hal-03662183;Only in file2
https://doi.org/10.1111/2041-210x.13103;hal-04405026;Only in file2
https://arxiv.org/abs/2201.02336.13;hal-03765358;Only in file2
https://jmlr.org/papers/volume23/21-0439/21-0439.pdf.c.;hal-04377324;Only in file2
https://inria.hal.science/hal-03415990submitted;hal-03415990;Only in file2
https://compriseh2020.eu;hal-02562199;Only in file2
https://doi.org/10.1007/s00607-017-0546-93.;hal-03079818;Only in file2
https://doi.org/10.1002/ppp3.10149pearson;hal-03871553;Only in file2
https://doi.org/10.4000/mappemonde.6349;hal-03296233;Only in file2
https://iacademc.oup.com/insililcopants/advance-artice-abstract/ldoi/.101093/insilili/copants/dz0075519776bygueston30june2019;hal-02253260;Only in file2
https://github.com/akulen/privgen0204060801001200.000.020.040.060.08basemarkov0204060801001200.000.020.040.060.08basernn;hal-03715416;Only in file2
https://dbpedia.org/ontology/prefix;hal-02319638;Only in file2
https://w3.org/tr/void/24.;hal-04201661;Only in file2
https://idigbio.org/12.;hal-02873670;Only in file2
https://archive.softwareheritage.org/swh:1:dir:archive;hal-03769993;Only in file2
https://aaai.org/library/aaai/1987/aaai87-121.php8.;emse-04058783;Only in file2
https://mediamonitoring.gesis.org/1;hal-03189474;Only in file2
https://w3.org/community/webagents/tgdk;hal-04358408;Only in file2
https://ucd.ie/issda/data/commissionforenergyregulationcer.charles;hal-03726234;Only in file2
https://doi.org/10.1007/s41980-018-0160-48.;hal-03112715;Only in file2
https://doi.org/10.3233/isu-160811mcquilton;hal-02483307;Only in file2
https://gitlab.inria.fr/hayats/conceptualknn-relex.5.;hal-03704042;Only in file2
https://ub-madoc.bib.uni-mannheim.de/29351;hal-02984951;Only in file2
https://arxiv.org/abs/1911.03679;lirmm-03714595;Only in file2
https://aclanthology.org/d11-1049/.wenhan;hal-04344975;Only in file2
https://inria.hal.science/hal-02989077submitted;hal-02989077;Only in file2
https://purl.org/ontology/chord/32;hal-03812106;Only in file2
https://doi.org/10.1016/j.tcs.2021.06.030.j.;hal-03384058;Only in file2
https://w3.org/tr/2011/note-void-20110303/9.;hal-03807744;Only in file2
https://allea.org/european-code-of-conduct-2017/anonymous;hal-04405026;Only in file2
https://hal-lirmm.ccsd.cnrs.fr/lirmm-03359490submitted;lirmm-03359490;Only in file2
https://support.startpage.com/hc/en-us/articles/5076181310612-can-page;hal-04228304;Only in file2
https://doi.org/10.1038/s41598-020-69861-810vol:.;hal-02919190;Only in file2
https://dhsite.fbk.eu/2018/09/whatsa3https://creep-project.eu/pp-dataset-on-cyberbullying;hal-03765860;Only in file2
https://prov.readthedocs.io/en/latest/prov.html5;lirmm-03324873;Only in file2
https://openai.com/blog/chatgpt.;hal-04262826;Only in file2
https://whotargets.me/.;hal-03916393;Only in file2
https://dbpedia.org/sparqlcan;hal-02319638;Only in file2
https://inria.hal.science/hal-02962964submitted;hal-02962964;Only in file2
https://doi.acm.org/10.1145/2660267.2660348.;hal-02406503;Only in file2
https://imt-mines-ales.hal.science/hal-03969275submitted;hal-03969275;Only in file2
https://commonsensemedia.org/sites/default/files/dominate;hal-04311598;Only in file2
https://jstor.org/stable/jeductechsoci.15.3.42;hal-04132566;Only in file2
https://researchgate.net/publication/267805627_small-scale_fisheries_in_latin_america_management_models_and_challenges;hal-03228509;Only in file2
https://github.com/prajnaupadhyay/openie-with-entities1introductionopen;hal-03980046;Only in file2
https://arxiv.org/abs/1810.04805.;hal-03256451;Only in file2
https://iso.org/standard/62845.html3.;hal-02355080;Only in file2
https://arxiv.org/abs/2007.01493.ian;hal-04377324;Only in file2
https://w3.org/tr/annotation-vocab/14;hal-02939363;Only in file2
https://doi.org/10.1016/j.envsoft.2014.06.022;hal-03905184;Only in file2
https://doi.org/10.1145/3618257.3624823acm;hal-04228304;Only in file2
https://gitlab.inria.fr/hayats/connor2;hal-03866075;Only in file2
https://w3.org/tr/turtle/.;hal-03933868;Only in file2
https://github.com/okfn-brasil/schemaorg-wikidata-map;hal-04351729;Only in file2
https://dx.doi.org/10.1007/978-3-319-68288-4_13main;hal-03960471;Only in file2
https://doi.org/10.14778/3397230.3397250;hal-03516360;Only in file2
https://dx.doi.org/10.1016/0304-3975;hal-02532706;Only in file2
https://oaei.ontologymatching.org.acknowledgementswe;hal-04351729;Only in file2
https://inria.hal.science/hal-03516296submitted;hal-03516296;Only in file2
https://hal.inrae.fr/hal-04430929submitted;hal-04430929;Only in file2
https://doi.org/10.1145/3461702.3462623;hal-04132566;Only in file2
https://inria.hal.science/hal-02366725submitted;hal-02366725;Only in file2
https://doi.acm.org/10.1145/33605988.;hal-02950994;Only in file2
https://doi.org/10.1109/tvcg.2018.2793598;hal-04102737;Only in file2
https://doi.org/10.1145/3226595.3226639;hal-01673025;Only in file2
https://openreview.net/forum;hal-04353523;Only in file2
https://saxonica.com.12.;hal-04165835;Only in file2
https://ceur-ws.org/vol-1695/paper4.pdf.29;hal-04358408;Only in file2
https://arxiv.org/abs/1405.32232.;hal-02968427;Only in file2
https://doi.org/10.1515/sem-2019-0043.;hal-04293239;Only in file2
https://doi.org/10.1006/jcss.1999.1627;lirmm-04305787;Only in file2
https://doi.acm.org/10.1145/1516512.15165183.;hal-03527888;Only in file2
https://w3.org/1998/math/mathml;hal-04125922;Only in file2
https://hpc.uni.lu.4688;hal-02194887;Only in file2
https://doi.org/10.1145/3465480.3468292enterprise;hal-03522878;Only in file2
https://doi.org/10.3233/sw-210452.;hal-04366893;Only in file2
https://iacademc.oup.com/insililcopants/advance-artice-abstract/ldoi/.101093/insilili/copants/dz0075519776byguest;hal-02253260;Only in file2
https://hal-lirmm.ccsd.cnrs.fr/lirmm-02945170submitted;lirmm-02945170;Only in file2
https://kaggle.com/c/geolifeclef-2021/0.700.750.800.850.900.951.00top-30errorrateuniversityofmelbourne-run2universityofmelbourne-run1cnn;hal-03415990;Only in file2
https://doi.org/10.1145/514183.514185;hal-03633526;Only in file2
https://inria.hal.science/hal-02096750submitted;hal-02096750;Only in file2
https://project.inria.fr/espdms/17/06/2021games;hal-03580286;Only in file2
https://doi.org/10.14778/3397230.3397250;hal-04278100;Only in file2
https://w3.org/tr/shacl/69.;hal-04201661;Only in file2
https://cgil.it/riders-cgil-causa-contro-multinazionale-food-delivery-per-condotta-discriminatoria-algoritmo-penalizza-diritti-di-sciopero-e-malattia/.l.;hal-03189474;Only in file2
https://ceur-ws.org/vol-2936/paper-196.pdf;hal-04014977;Only in file2
https://doi.org/10.1016/s0308-521x;hal-03231805;Only in file2
https://lov.linkeddata.es/dataset/lovceurworkshopproceedingshttps://ceur-ws.orgissn;hal-03765857;Only in file2
https://doi.org/10.1002/2688-8319.12023wileyonlinelibrary.com/journal/eso31;hal-02937618;Only in file2
https://books.openedition.org/editionsulm/8557.;hal-04293239;Only in file2
https://inria.hal.science/hal-03110739submitted;hal-03110739;Only in file2
https://doi.org/https://doi.org/10.1016/s0304-3800;hal-03167637;Only in file2
https://doi.org/10.1145/355531228.;hal-04201661;Only in file2
https://doi.org/10.1016/j.cropro.2016.09.003reynolds;hal-02228974;Only in file2
https://aclanthology.org/2023.findings-eacl.80.;hal-04371254;Only in file2
https://hal.inria.fr/inria-00390236/en.;hal-03536045;Only in file2
https://dx.doi.org/10.1145/2723372.2746479zhan;hal-02435371;Only in file2
https://doi.org/10.1145/2723372.2742796;hal-03517826;Only in file2
https://doi.org/10.1016/0016-0032;hal-03112715;Only in file2
https://physionet.org/content/mimiciii/1.4/4https://relational.ﬁt.cvut.cz/dataset/pte5https://relational.ﬁt.cvut.cz/dataset/ptc6https://www.tpc.org/tpch;hal-03474955;Only in file2
https://ceur-ws.org/vol-1558/paper9.pdf.the;hal-03500522;Only in file2
https://doi.org/10.1109/cvpr52688.2022.01167;hal-04138880;Only in file2
https://arxiv.org/abs/1908.11642.funding;hal-03104155;Only in file2
https://doi.org/10.1007/978-3-540-74915-8_18;hal-03516360;Only in file2
https://arxiv.org/abs/1905.12101.;hal-02406503;Only in file2
https://doi.acm.org/10.1145/2043603.2043604.;hal-03369680;Only in file2
https://hal.inria.fr/hal-0107577038.;hal-02945382;Only in file2
https://sites.computer.org/debull/a12mar/vicol.pdf;hal-01673025;Only in file2
https://doi.org/10.3233/isu-170824reymonet;hal-02483307;Only in file2
https://neos-guide.org/content/nonlinear-programming.;hal-02549758;Only in file2
https://vldb.org/pvldb/vol14/p2019-negi.pdf;hal-03897397;Only in file2
https://dx.doi.org/10.1137/1.9781611972740.43james;hal-02435371;Only in file2
https://arxiv.org/abs/1811.12615.arthur;hal-04377324;Only in file2
https://pytorch.org.6https://github.com/aliutkus/swf.;hal-02191302;Only in file2
https://arxiv.org/abs/1812.02858.;hal-02406503;Only in file2
https://doi.org/10.1039/d1an01735g;hal-04386951;Only in file2
https://unstats.un.org/bigdata/task-teams/privacy/index.cshtml;hal-04092216;Only in file2
https://vldb.org/pvldb/vol8/p1310-shin.pdf.4344;hal-03104155;Only in file2
https://postgresql.org/.;lirmm-03850420;Only in file2
https://inria.hal.science/hal-03916393submitted;hal-03916393;Only in file2
https://docs.microsoft.com/en-us/sql/relational-databases/security/claves.encryption/always-encrypted-enclaves;hal-03941879;Only in file2
https://andrew.cmu.edu/user/danupam/datta-sen-zick-oakland16.pdf.xiaotie;hal-04377324;Only in file2
https://chameleoncloud.org/experiment/chiedge/hardware-info;hal-04157720;Only in file2
https://doi.org/10.1016/j.compag.2018.03.003.;hal-03347926;Only in file2
https://w3.org/tr/soap12/19.;hal-03021075;Only in file2
https://proceedings.mlr.press/v108/zantedeschi20a.html.;hal-03406994;Only in file2
https://github.com/wimmics/dekalogmeta-information;hal-04372234;Only in file2
https://doi.org/10.1145/3557990.3567588.vague;hal-03913504;Only in file2
https://doi.org/10.1371/journal.pcbi.1008856copyright:;hal-03220977;Only in file2
https://doi.org/10.1111/jai.14014heberling;hal-03871553;Only in file2
https://unspsc.org/skills;hal-03403125;Only in file2
https://purl.org/dc/terms/subjecthttps://www.w3.org/ns/oa;hal-02939363;Only in file2
https://doi.org/10.1145/33445141;hal-02307999;Only in file2
https://aliceinfo.cern.ch/general/index.html.;lirmm-01867717;Only in file2
https://github.com/gingsmith/fmtl71;hal-03406994;Only in file2
https://doi.org/10.1007/s10531-004-7849-9goëau;hal-03871553;Only in file2
https://dx.doi.org/10.1109/4235.94252916.;hal-02100230;Only in file2
https://annualreviews.org/doi/abs/10.1146/annurev-arplant-050312-120137.ewa;hal-03329674;Only in file2
https://ijsi.org/ijsi/article/abstract/i227.163;hal-04353523;Only in file2
https://ns.inria.fr/acta.2;hal-02275997;Only in file2
https://doi.org/10.1145/514183.51418517.;hal-03135088;Only in file2
https://portal.idigbio.org/portal/search7;hal-03415990;Only in file2
https://hadoop.apache.org5figure;hal-03189130;Only in file2
https://data.cityofchicago.org/health-human-services/food-inspections/4ijn-s7e5;hal-03801032;Only in file2
https://doi.org/10.1641/b580507.;hal-03228509;Only in file2
https://hal-lirmm.ccsd.cnrs.fr/lirmm-04304601submitted;lirmm-04304601;Only in file2
https://arxiv.org/abs/1705.07874.scott;hal-04377324;Only in file2
https://trends.google.com/trends;hal-04228304;Only in file2
https://sms.i3s.unice.fr/sparql-ms/flickr/getphotosbytaxon_sd/.5;hal-02060966;Only in file2
https://huggingface.co/inriavalda/cc_math_roberta_ep016https://huggingface.co/inriavalda/cc_math_roberta_ep107anexampleofourconversation:https://chat.openai.com/share/c96b156f-cba1-4804-8f19-1622a9bc564e;hal-04282533;Only in file2
https://inria.hal.science/hal-04102807submitted;hal-04102807;Only in file2
https://inria.hal.science/hal-02310749v2submitted;hal-02310749;Only in file2
https://frontiersin.org/articles/10.3389/frai.2023.1188036/full;hal-04289970;Only in file2
https://sweetgum.nybg.org/ih/.;hal-02909794;Only in file2
https://inria.hal.science/hal-03989703submitted;hal-03989703;Only in file2
https://project.inria.fr/edgeletdemofigure;hal-03996787;Only in file2
https://hal.inria.fr/hal-01247103.ja;hal-02566930;Only in file2
https://dx.doi.org/10.1126/science.1116869manolis;hal-02435371;Only in file2
https://kaggle.com/c/instacart-market-basket-analysis;hal-03025572;Only in file2
https://github.com/wimmics/arvizhttps://github.com/wimmics/association-rules-miningmgexplorerapache;hal-03807744;Only in file2
https://arxiv.org/abs/2010.04296.antoine;hal-04377324;Only in file2
https://doi.org/10.1007/bf012776434.;hal-02968427;Only in file2
https://arxiv.org/abs/2006.05078;hal-03897397;Only in file2
https://inria.hal.science/hal-03087763submitted;hal-03087763;Only in file2
https://aaai.org/ocs/index.php/aaai/aaai16/paper/view/12484.ivana;hal-04344975;Only in file2
https://doi.org/10.1073/pnas.0402642101huston;hal-02228974;Only in file2
https://jena.apache.org25.;hal-04201661;Only in file2
https://download.geonames.org/export/dump/allcountries.zip8https://www.geonames.org/ontology/ontology_v3.2.rdf;hal-03426150;Only in file2
https://w3.org/tr/tion;hal-04201661;Only in file2
https://blog.google/products/search/making-it-easier-discover-datasets/approaches;hal-02060966;Only in file2
https://lix.polytechnique.fr;hal-02549758;Only in file2
https://en.wikipedia.org/wiki/lyricwiki15;hal-03812106;Only in file2
https://doi.org/10.1109/lics52264.2021.9470583;lirmm-03833578;Only in file2
https://hbase.apache.org/.;lirmm-03639381;Only in file2
https://ojs.aaai.org/index.php/aaai/article/view/16879.ruobing;hal-04344975;Only in file2
https://inria.hal.science/hal-02319638submitted;hal-02319638;Only in file2
https://doi.org/10.1016/j.websem.2023.100775of;hal-04171196;Only in file2
https://doi.org/10.1007/s10579-012-9211-2.raffel;hal-03256451;Only in file2
https://doi.org/10.1093/aob/mcab016labastida;hal-03871553;Only in file2
https://vldb.org/pvldb/vol14/p1950-liu.pdf;hal-03897397;Only in file2
https://academic.oup.com/bioscienceon15may2020;hal-02573627;Only in file2
https://inria.hal.science/hal-04125922v2submitted;hal-04125922;Only in file2
https://doi.org/10.1109/lics.2019.8785713;lirmm-03833578;Only in file2
https://dx.doi.org/10.4028/www.scientiﬁc.net/amr.756-759.2634sui-yu;hal-02435371;Only in file2
https://doi.org/10.1111/j.1600-0587.2011.07085.xpopov;hal-03871553;Only in file2
https://github.com/wimmics/coresecodebaseextraction;hal-03190617;Only in file2
https://gridsound.com/.;hal-04334794;Only in file2
https://doi.org/10.1109/iccse.2012.126.;hal-02968427;Only in file2
https://dx.doi.org/10.1145/2670528julia;hal-02066516;Only in file2
https://github.com/pytorchlightning/pytorch-lightning;hal-02962964;Only in file2
https://doi.org/10.3233/ds-190026;hal-03231805;Only in file2
https://doi.org/10.5334/dsj-2020-015stall;hal-02483307;Only in file2
https://wikidata.org/wiki/wikidata:statistics.entities:;hal-04269089;Only in file2
https://splitlearning.github.io/.16;hal-02406503;Only in file2
https://tinyurl.com/cisco-internet-report;hal-03996787;Only in file2
https://doi.org/10.2307/29765559zomer;hal-03150701;Only in file2
https://inria.hal.science/hal-02921434submitted;hal-02921434;Only in file2
https://unstats.un.org/unsd/classifications/econ/isic.;hal-03934346;Only in file2
https://doi.org/10.1162/dint_r_00024jones;hal-02483307;Only in file2
https://doi.org/10.5281/3527878.zenodo.3527878.dai;hal-03256451;Only in file2
https://commonsensemedia.org/sites/default/files/research/report/2020_zero_to_eight_census_final_web.pdf;hal-04311598;Only in file2
https://doi.org/10.1016/j.jenvman.2015.11.014zhu;hal-02228974;Only in file2
https://inria.hal.science/hal-03635452v2submitted;hal-03635452;Only in file2
https://inria.hal.science/hal-02267166submitted;hal-02267166;Only in file2
https://hal.archives-ouvertes.fr/hal-02931367;hal-03946680;Only in file2
https://iacademc.oup.comextraction;hal-04084880;Only in file2
https://hal-lirmm.ccsd.cnrs.fr/lirmm-02949807submitted;lirmm-02949807;Only in file2
https://coretrustseal.org.5;hal-02483307;Only in file2
https://papers.nips.cc/paper/9617-deep-leakage-from-gradientsa;hal-03160473;Only in file2
https://creep-project.eu/17https://hatemeter.eu/28;hal-02972184;Only in file2
https://ftp.cs.elte.hu/~lovasz/morepapers/fglss.pdf.gil;hal-04377324;Only in file2
https://w3.org/2013/shex/primer.56;hal-03559309;Only in file2
https://sentinels.copernicus.eu/web/sentinel/home;hal-04411802;Only in file2
https://dx.doi.org/10.1098/rstb.2017.0391.norouzzadeh;hal-02573627;Only in file2
https://creativecommons.org/7;hal-03065217;Only in file2
https://dx.doi.org/10.1016/0009-2509;hal-03156136;Only in file2
https://doi.org/10.3389/frai.2020.534696nevavuori;hal-04411802;Only in file2
https://github.com/smaniu/oim.2in;hal-01478788;Only in file2
https://mdpi.com/article/10.3390/plants10112471/s1;hal-03454183;Only in file2
https://bbc.com/news/technology-46385050;hal-03916393;Only in file2
https://doi.org/10.1111/2041-210x.1273831.;hal-02639237;Only in file2
https://doi.org/10.5281/zenodo.5658389;hal-03516360;Only in file2
https://doi.org/10.1145/26994429.;hal-03527888;Only in file2
https://doi.org/10.1371/journal.pone.0232078.g001approximation;hal-02639237;Only in file2
https://hal.umontpellier.fr/hal-02470280submitted;hal-02470280;Only in file2
https://eur-lex.europa.eu/legal-content/en/txt/html;hal-02269216;Only in file2
https://doi.org/10.48550/arxiv.2106.08254;hal-04322179;Only in file2
https://docs.python.org/3/library/zlib.html;hal-04157720;Only in file2
https://doi.org/10.1137/1006063publisher:;hal-03904200;Only in file2
https://telecom-paris.hal.science/hal-02288063submitted;hal-02288063;Only in file2
https://team.inria.fr/cedar/rdfs-reasoning-experiments/.6https://franz.com/agraph/support/documentation/current/reasoner-tutorial.html7https://www.stardog.com/docs;hal-02051413;Only in file2
https://inria.hal.science/hal-03084029submitted;hal-03084029;Only in file2
https://github.com/ali-ballout/belearning-to-classify-logical-formulas-based-on-their-semantic-similarity.found;hal-03913481;Only in file2
https://rust-leipzig.github.io/regex/2017/03/28/comparison-of-regex-engines/.;hal-03021960;Only in file2
https://hal.archives-ouvertes.fr/hal-03301330;hal-03946680;Only in file2
https://inria.hal.science/hal-02293689submitted;hal-02293689;Only in file2
https://team.inria.fr/zenith/hpdasc4;lirmm-03799097;Only in file2
https://fr.wikipedia.org/wiki/stem_;hal-02145478;Only in file2
https://dl.acm.org/doi/10.5555/1286831.1286840a;lirmm-04277973;Only in file2
https://doi.org/10.1080/03650340.2015.1017816colbach;hal-02228974;Only in file2
https://github.com/houshd/mlstm-fcn13;hal-03599214;Only in file2
https://vldb.org/pvldb/vol9/p204-leis.pdf;hal-03514297;Only in file2
https://cloud.google.com/bigquery/docs/authorized-functions;hal-03692175;Only in file2
https://doi.org/10.18653/v1/p16-1219.zhiqing;hal-04344975;Only in file2
https://hal.archives-ouvertes.fr/hal-02279942.19.;hal-03384058;Only in file2
https://arxiv.org/abs/https://doi.org/10.1177/1470785318771451.;hal-04014977;Only in file2
https://hal.inria.fr/hal-02562199in;hal-02907918;Only in file2
https://doi.org/10.1007/978-3-319-65813-1;hal-03641389;Only in file2
https://math.nist.gov/~jbernal/p_t_f.pdf;hal-03356951;Only in file2
https://gitlab.inria.fr/avoyez1/subsum13https://oar.imag.fr;hal-03726234;Only in file2
https://github.com/wimmics/covidontheweb/tree/master/notebooks32;hal-02939363;Only in file2
https://inria.hal.science/hal-04106420submitted;hal-04106420;Only in file2
https://hpc4e.eu/downloads/9;lirmm-02531748;Only in file2
https://rdocumentation.org/packages/scmamp/versions/0.2.55/topics/plotcd;hal-03469487;Only in file2
https://nouvelobs.com/politique/20181219.obs7366/grand-debat-national-voulu-par-macron-a-quoi-faut-il-s-attendre.html7.;hal-02860659;Only in file2
https://doi.org/10.1016/j.websem.2023.100775;hal-04230234;Only in file2
https://doi.org/10.1016/j.ecolmodel.2013.11.014passioura;hal-02228974;Only in file2
https://doi.org/10.3390/su14074078https://www.mdpi.com/journal/sustainability;hal-03658842;Only in file2
https://clef2020.clef-initiative.eu/6.;hal-02873670;Only in file2
https://iacademc.oup.com//jxbadvance-articedo/li/.101093//jxberad0977143673by/inraeinstitutnationalderecherchepourl;hal-04084880;Only in file2
https://w3.org/rdf/.;hal-03937274;Only in file2
https://allai.nl/first-analysis-of-the-eu-whitepaper-on-ai/.27;hal-03189474;Only in file2
https://doi.org/10.3390/s20164550.;hal-04386951;Only in file2
https://arxiv.org/abs/2006.03654.arxiv:2006.03654.c;hal-03256451;Only in file2
https://doi.org/10.3389/fpls.2019.01188wäldchen;hal-03871553;Only in file2
https://inria.hal.science/hal-03500522submitted;hal-03500522;Only in file2
https://gforge.inria.fr/plugins/mediawiki/wiki/lazylav/index.php/20180826-noor.;hal-02984951;Only in file2
https://hal.inrae.fr/hal-04262992submitted;hal-04262992;Only in file2
https://doi.org/10.1016/0004-artificial;hal-03710323;Only in file2
https://doi.org/10.1093/aob/mcr126balduzzi;hal-02228974;Only in file2
https://data.gov/.;hal-03500522;Only in file2
https://sites.google.com/view/knnmatrixprofile/home;lirmm-04225369;Only in file2
https://doi.org/10.1186/s13007-022-00961-4methodologyplant;hal-03890913;Only in file2
https://tpc.org/tpc;hal-03474955;Only in file2
https://iso.org/standard/63500.html30.;hal-03079818;Only in file2
https://inria.hal.science/hal-03516393submitted;hal-03516393;Only in file2
https://hal.inria.fr/hal-03946680;hal-03989703;Only in file2
https://doi.org/10.1145/3035918.3064027;hal-03516360;Only in file2
https://doi.org/10.1038/nature13014hemmerling;hal-02228974;Only in file2
https://data.cityofchicago.org/health-human-services/food-inspections/4ijn-s7e5.;hal-03770516;Only in file2
https://doi.org/10.1007/978-3-319-63962-8_228-1;hal-02289497;Only in file2
https://doi.org/10.1111/2041-210x.1218028.;hal-03220977;Only in file2
https://inria.hal.science/hal-03925147submitted;hal-03925147;Only in file2
https://maxbannach.github.io/jdrasil/treewidth;hal-03118422;Only in file2
https://users.dimi.uniud.it/~massimo.franceschet/xpathmark/ptbench.html.;hal-04106420;Only in file2
https://content.iospress.com/2013.articles/semantic-web/sw106.semantic;hal-03889780;Only in file2
https://bibliontology.com/specification.html9;hal-03807744;Only in file2
https://doi.org/10.5281/zenodo.7919856chaves-fraga;hal-04201661;Only in file2
https://gitlab.inria.fr/pmangold1/private-coordinate-descent/niﬁcantly;hal-03424974;Only in file2
https://doi.org/10.1111/2041-210x.1218036.;hal-02639237;Only in file2
https://project.inria.fr/espdms/2.1architectureoverviewdesigninganextensiveandsecurepdmsarchitecturepreservingusagewiththeguaranteesdefinedaboveisasignificantchal-lenge;hal-03941868;Only in file2
https://arxiv.org/abs/1901.03407;hal-03381732;Only in file2
https://w3.org/tr/owl2-proﬁles/.nielsen;hal-02947251;Only in file2
https://inria.hal.science/hal-04228113submitted;hal-04228113;Only in file2
https://dx.doi.org/10.1145/1807128.1807152leon;hal-02435371;Only in file2
https://doi.org/10.1145/3465480.3468292permission;hal-03522878;Only in file2
https://w3.org/tr/2020/rec-wot-architecture-20200409/29.;hal-03135088;Only in file2
https://identify.plantnet.org/groups;hal-03338811;Only in file2
https://inria.hal.science/hal-02366730submitted;hal-02366730;Only in file2
https://data.bioontology.org/documentation9.;hal-03230741;Only in file2
https://github.com/rubencart/sssl-food-security.;hal-04411802;Only in file2
https://sabiod.org/icml4b2013_book.pdf13.;hal-02281455;Only in file2
https://doi.org/10.1145/1993966.199397632.;hal-03135088;Only in file2
https://gdpr-info.eu/.;hal-02941076;Only in file2
https://doi.org/10.3390/plants11040530academic;hal-03601464;Only in file2
https://doi.org/10.1016/j.websem.2009.07.002;hal-02066041;Only in file2
https://gitlab.inria.fr/moex/lazylav.;hal-03426130;Only in file2
https://doi.org/10.4018/ijaeis.20211001.oa4.doi:10.4018/ijaeis.20211001.oa4.;hal-04351729;Only in file2
https://doi.org/10.1016/s0169-7552;hal-03135088;Only in file2
https://link.springer.com/10.1007/s10681-018-2226-z.aakash;hal-03329674;Only in file2
https://goodreads.com/group/bookshelf/52937-around-the-world-in-80-books16;hal-03811257;Only in file2
https://doi.org/10.1109/lcomm.2018.2872980over2475;hal-03266462;Only in file2
https://arxiv.org/abs/1905.09786.arxiv:1905.09786.chen;hal-03256451;Only in file2
https://github.com/mapping-commons/sssomc3po;hal-04289970;Only in file2
https://ceur-ws.org/vol-2873/paper11.pdf27.;hal-04201661;Only in file2
https://s24b.com;hal-02145478;Only in file2
https://tel.archives-ouvertes.fr/tel-0302807428.;hal-03527888;Only in file2
https://sparql.archives-ouvertes.fr/sparql.when;hal-03404572;Only in file2
https://inria.hal.science/hal-03915413submitted;hal-03915413;Only in file2
https://hal-lirmm.ccsd.cnrs.fr/lirmm-02265932submitted;lirmm-02265932;Only in file2
https://downloads.linkeddatafragments.org/hdt/dblp-20170124.hdt;hal-03320929;Only in file2
https://inria.hal.science/hal-03913561submitted;hal-03913561;Only in file2
https://doi.org/10.1016/0005-1098;hal-04205128;Only in file2
https://doi.org/10.1145/nnnnnnn.nnnnnnnfigure;hal-02433443;Only in file2
https://doi.org/10.1016/j.tree.2013.05.022evers;hal-02228974;Only in file2
https://doi.org/10.1017/cbo97805117540989.;hal-03084671;Only in file2
https://doi.org/10.1145/2830508.;lirmm-02949807;Only in file2
https://w3.org/tr/prov-overview/.;lirmm-02265932;Only in file2
https://hal-lirmm.ccsd.cnrs.fr/lirmm-03850420submitted;lirmm-03850420;Only in file2
https://hal.archives-ouvertes.fr/hal-0293936329.;hal-03807744;Only in file2
https://hal.inrae.fr/hal-02962579submitted;hal-02962579;Only in file2
https://sake.re/20210927-dotg.;hal-03939919;Only in file2
https://doi.org/10.1016/0165-0114;hal-03913497;Only in file2
https://doi.org/10.1145/2882903.2915229;hal-01673025;Only in file2
https://vaccinium.org;hal-03711320;Only in file2
https://npmjs.com/package/adblock-rs;hal-04228304;Only in file2
https://gitlab.inria.fr/jestopin/sen2patch.2.1.2.;hal-03693593;Only in file2
https://project.inria.fr/corese/c.;hal-03905409;Only in file2
https://doi.org/10.1126/science.1257484.;hal-03228509;Only in file2
https://arxiv.org/7https://info.arxiv.org/help/bulk_data_s3.html;hal-04138880;Only in file2
https://github.com/huggingface/transformers;hal-03917930;Only in file2
https://doi.org/10.3897/rio.6.e50675bourel;hal-03871553;Only in file2
https://doi.org/10.1016/j.ecoinf.2013.07.006joly;hal-03338811;Only in file2
https://doi.org/10.1515/abitech-2019-200612.;hal-03807744;Only in file2
https://gitlab.com/serre-des-savoirs/c3po-kb13;hal-04289970;Only in file2
https://doi.org/10.1145/3350546.3352502disjointnessclasstoaxiom;hal-03905409;Only in file2
https://doi.org/10.1145/3557990.35675881;hal-03913504;Only in file2
https://doi.org/10.1007/978-3-540-76298-0_20;hal-02066041;Only in file2
https://doi.org/10.1142/algebra;hal-03934389;Only in file2
https://yann.lecun.com/exdb/mnist;hal-02376981;Only in file2
https://doi.org/10.1109/access.2019.2933060.;hal-03347926;Only in file2
https://doi.org/10.5281/zenodo.2635501botella;hal-03150701;Only in file2
https://doi.org/10.1038/s41598-023-46925-z7vol.:;hal-04320566;Only in file2
https://microdata.worldbank.org/index.php/catalog/3811/.ethics;hal-04411802;Only in file2
https://youtu.be/tfavdpyn_owfigure;hal-02196903;Only in file2
https://doi.org/10.1145/3340531.341194915.;hal-03913481;Only in file2
https://irif.fr/~jep/pdf/mpri/mpri.pdf;hal-03940590;Only in file2
https://doi.org/10.3390/cancers13194749https://www.mdpi.com/journal/cancerscancers;hal-03379679;Only in file2
https://springerlink.com/content/cj22428300485784;hal-03905183;Only in file2
https://doi.org/10.15468/dl.l4ofpm;hal-03220977;Only in file2
https://doi.org/10.15454/dyncenmicrofiltration;hal-03738973;Only in file2
https://bundestag.de/resource/blob/566942/a5eb997872bbe5dbca3f47112eb04c46/wd-10-032-18-pdf-data.pdf.in;hal-03189474;Only in file2
https://ceur-ws.org/vol-2327/iui19ws-exss2019-12.pdf;hal-04388942;Only in file2
https://arxiv.org/abs/1909.11942.;hal-03256451;Only in file2
https://phenome-emphasis.fr/phenomeeng;hal-02969510;Only in file2
https://creativecommons.org/licenses/by/4.0/.;hal-03602177;Only in file2
https://doi.org/10.1007/978-3-030-31304-3_142.;hal-04125922;Only in file2
https://doi.org/10.1126/science.286.5439.509;hal-03516360;Only in file2
https://doi.org/10.1109/access.2021.3084358sheehan;hal-04411802;Only in file2
https://hal.umontpellier.fr/hal-02281455submitted;hal-02281455;Only in file2
https://covidontheweb.inria.fr/sparqldocumentationuris;hal-02939363;Only in file2
https://doi.org/10.1109/dsaa.2018.00045;hal-03160473;Only in file2
https://aaai.org/ocs/index.php/aaai/aaai15/paper/view/9571.guoliang;hal-04344975;Only in file2
https://springer.com/computer/theoretical+computer+science/book/978-3-540-65367-7;hal-03127717;Only in file2
https://doi.org/10.1016/j.fcr.2015.09.010zeller;hal-02228974;Only in file2
https://jena.apache.org/documentation/tdb2/.takuma;hal-03791175;Only in file2
https://en.wikipedia.org/wiki/data_journalismpreprint;hal-03150441;Only in file2
https://hasbro.com/en-us/product/trivial-pursuit-game-classic-edition:84f22523-5056-9047-f54b-fdcc568e1cae;hal-02388854;Only in file2
https://doi.org/10.1007/978-94-010-0526-5_15.;hal-03151014;Only in file2
https://arxiv.org/abs/1912.11187.;hal-02406503;Only in file2
https://w3.org/tr/vocab-dcat/75.;hal-04201661;Only in file2
https://doi.org/10.1145/1989323.1989355;hal-03897397;Only in file2
https://inpn.mnhn.fr.24.;hal-03220977;Only in file2
https://doi.org/10.1186/1687-5281-2013-52view;hal-03641389;Only in file2
https://arcep.fr/la-regulation/grands-dossiers-thematiques-transverses/lempreinte-environnementale-du-numerique/consommation-energetique-reseaux-mobiles-etude-comparee.html;hal-03833620;Only in file2
https://doi.org/10.1016/0301-6226;hal-03315102;Only in file2
https://orcid.org/0000-0001-6220-0559https://orcid.org/0000-0002-8208-2139https://orcid.org/0000-0002-8208-2139https://orcid.org/0000-0003-3495-493xin;hal-04002207;Only in file2
https://doi.org/10.1007/s11104-006-0053-9ashton;hal-02228974;Only in file2
https://doi.org/10.1007/3-540-48683-6_17;lirmm-03833578;Only in file2
https://team.inria.fr/cedar/projects/abstra/.2;hal-03774599;Only in file2
https://researchgate.net/publication/279530330_atlas_des_poissons_d'eau_douce_de_guyane_tome_2_fascicule_2_-_siluriformes;hal-03228509;Only in file2
https://doi.org/10.1137/0207013;lirmm-04277973;Only in file2
https://inria.hal.science/hal-04389014submitted;hal-04389014;Only in file2
https://github.com/halliwelln/multiple-explanations/aunts;hal-03402766;Only in file2
https://lod-cloud.net;hal-01978784;Only in file2
https://doi.org/10.5281/zenodo.7375461.gogacz;hal-04212112;Only in file2
https://frama.link/kvhhne-v.9this;hal-02060966;Only in file2
https://doi.org/10.1145/3274670acm;hal-01478788;Only in file2
https://inria.hal.science/hal-03717860submitted;hal-03717860;Only in file2
https://w3.org/2004/02/skos/6;hal-03619869;Only in file2
https://doi.org/10.1016/s0168-1591;hal-03347926;Only in file2
https://doi.org/10.1145/32746701;hal-01478788;Only in file2
https://doi.org/10.1111/j.1365-2745.2010.01709.xholzworth;hal-02228974;Only in file2
https://doi.acm.org/10.1145/1871437.1871576.roberto;hal-02571170;Only in file2
https://vldb.org/pvldb/vol15/p401-vaidya.pdf;hal-03897397;Only in file2
https://inria.hal.science/hal-03927871submitted;hal-03927871;Only in file2
https://github.com/mikhail-bot/stable-diffusion-negative-prompts8compel;hal-04262826;Only in file2
https://doi.org/10.1145/3308558.3313472in;hal-02096714;Only in file2
https://sparql-micro-services.org/service/pubmed/11.;hal-03889968;Only in file2
https://hal.inrae.fr/hal-03738973submitted;hal-03738973;Only in file2
https://doi.org/10.1890/12-0429.1.;hal-03228509;Only in file2
https://leaf.cmu.edu/.;hal-02406503;Only in file2
https://doi.org/10.3897/biss.5.73857abstractpl@ntnet;hal-03338811;Only in file2
https://sequencer.party/https://mainline.i3s.unice.fr/wam2/packages/_;hal-04337523;Only in file2
https://hal.umontpellier.fr/hal-0228145535.;hal-02945382;Only in file2
https://inria.hal.science/hal-03899151submitted;hal-03899151;Only in file2
https://ontop-vkg.org/publications/2022-sundqvist-rdf-star-ontop-msc-thesis.pdf92.;hal-04201661;Only in file2
https://doi.org/10.1023/a:1021885032241lieth;hal-02228974;Only in file2
https://dli.iiit.ac.in/ijcai/ijcai-2007/pdf/48;hal-03934420;Only in file2
https://w3.org/1999/xhtml;hal-04125922;Only in file2
https://w3c.github.io/rdf-star/implementations.html;hal-04201661;Only in file2
https://doi.org/10.1145/3447548.34673601;lirmm-03468587;Only in file2
https://github.com/cddlib/cddlib.16.17.;hal-03384058;Only in file2
https://iacademc.oup.comarchitectural;hal-04084880;Only in file2
https://aima.cs.berkeley.edu/.162;hal-04353543;Only in file2
https://dx.doi.org/10.21125/edulearn.2017.1866.note1https://media.education.gouv.fr/ﬁle/46/7/5467.pdf2https://ns.inria.fr/semed/eduprogression3https://www.inria.fr4https://www.qwant.com5https://www.lesincollables.com6https://en.wikipedia.org/wiki/optical_character_recognition7https://ns.inria.fr/semed/linquest8https://www.gaya-technology.com/incollables9https://ns.inria.fr/semed/frenchedu/10https://en.wikipedia.org/wiki/entity_linking11https://www.dbpedia-spotlight.org;hal-02571170;Only in file2
https://inria.hal.science/hal-01673025v6submitted;hal-01673025;Only in file2
https://inria.hal.science/hal-03347947submitted;hal-03347947;Only in file2
https://hal.archives-ouvertes.fr/hal-02284538barnabe;hal-03738973;Only in file2
https://doi.org/10.1071/fp08052hinsinger;hal-02228974;Only in file2
https://semantic-web-journal.net/system/files/swj3404.pdf36.;hal-04201661;Only in file2
https://ns.inria.fr/covid19/0eadf5a901c0d89fad2c202990056556be103e1245e.g.;hal-03301330;Only in file2
https://hal.archives-ouvertes.fr/hal-0188356128.;hal-03812106;Only in file2
https://inria.hal.science/hal-03769993v6submitted;hal-03769993;Only in file2
https://inria.hal.science/hal-02613465submitted;hal-02613465;Only in file2
https://arxiv.org/abs/1607.006537.;hal-02915414;Only in file2
https://bioportal.bioontology.org/ontologies/atc2.;hal-01967586;Only in file2
https://doi.org/10.1145/773153.773171.;hal-02492780;Only in file2
https://datatilsynet.no/globalassets/global/english/ai-and-privacy.pdf;hal-04092216;Only in file2
https://arxiv.org/abs/1805.03364.andy;hal-04377324;Only in file2
https://doi.org/10.5194/agile-giss-1-15-2020;hal-03518717;Only in file2
https://github.com/frmichel/sparql-micro-service/tree/0.3.1/src/sparqlms/resources/read_input_from_gp.sparql.;hal-02060966;Only in file2
https://doi.org/10.1145/1122445.11224561;hal-02289497;Only in file2
https://doi.org/10.1145/1922649.19226589.;hal-04233343;Only in file2
https://iacademc.oup.com//jxbadvance-artice-abstract/ldoi/.101093///jxbery3095076199byguestintroductionlight;hal-01895279;Only in file2
https://1drv.ms/u/s;hal-03417019;Only in file2
https://doi.org/10.1016/j.is.2021.101846;hal-03886320;Only in file2
https://inria.hal.science/hal-03765358submitted;hal-03765358;Only in file2
https://dx.doi.org/10.1145/1265530.12655642.;hal-03527888;Only in file2
https://doi.org/10.1145/3543873.3587357publication;hal-04230234;Only in file2
https://inria.hal.science/hal-03881548submitted;hal-03881548;Only in file2
https://arxiv.org/abs/1609.07236government;hal-02066516;Only in file2
https://doi.org/10.5441/002/edbt.2020.27;lirmm-04305787;Only in file2
https://hal.archives-ouvertes.fr/hal-0329217226.;hal-03807744;Only in file2
https://doi.org/10.1145/3448016.3457561keywordsproperty;hal-03189192;Only in file2
https://doi.org/10.1145/3576840.3578330systems;hal-04152998;Only in file2
https://covid19.i3s.unice.fr:8080/ldviz2https://stenciljs.com/9;hal-03518845;Only in file2
https://doi.org/10.1145/2660517.2660533.doi:10.1145/2660517.2660533.;hal-03765857;Only in file2
https://linkeddatacatalog.dws.informatik.uni-mannheim.de/state/.;hal-01925496;Only in file2
https://inria.hal.science/hal-04278100submitted;hal-04278100;Only in file2
https://github.com/agriculturalmodelexchangeinitiative/pycrop2ml.;hal-02962262;Only in file2
https://cs.technion.ac.il/~itai/publications/algorithms/hamilton-paths.pdf.jerome;hal-03940590;Only in file2
https://arxiv.org/abs/1912.12333.arxiv:1912.12333.wang;hal-03256451;Only in file2
https://dl.acm.org/citation.cfm;lirmm-04305787;Only in file2
https://calculus-project.eu/.https://doi.org/10.1017/eds.2023.42;hal-04411802;Only in file2
https://inria.hal.science/hal-02355080submitted;hal-02355080;Only in file2
https://doi.org/10.1890/09-1849.1baccar;hal-02228974;Only in file2
https://oaei.ontologymatching.org/2019/results/knowledgegraph/kgbaselinematchers.zip30although;hal-04351729;Only in file2
https://doi.org/10.1111/tpj.15690vanburen;hal-03711320;Only in file2
https://dx.doi.org/10.1561/0400000042michael;hal-02066516;Only in file2
https://github.com/hit-scir/58;hal-04346759;Only in file2
https://link.springer.com/chapter/10.1007/978-3-642-81955-1_28;hal-03514297;Only in file2
https://doi.org/10.1145/1822018.1822043.;hal-03657095;Only in file2
https://doi.org/10.1093/jxb/ery288evers;hal-02228974;Only in file2
https://aclweb.org/anthology/2020.acl-main.645.;hal-04346759;Only in file2
https://w3.org/tr/sparql11-query/.141;hal-04353523;Only in file2
https://mrlc.gov/18.;hal-02873670;Only in file2
https://hal.inrae.fr/hal-03686060submitted;hal-03686060;Only in file2
https://eur-lex.europa.eu/legal-content/en/txt;hal-03871553;Only in file2
https://hal.inria.fr/inria-00088406;hal-02532706;Only in file2
https://inria.hal.science/hal-02927913submitted;hal-02927913;Only in file2
https://arxiv.org/abs/2006.112338.;lirmm-03324873;Only in file2
https://inria.hal.science/hal-04346839submitted;hal-04346839;Only in file2
https://s2glc.cbk.waw.pl;hal-04405026;Only in file2
https://ijcai.org/abstract/16/273.;hal-02406503;Only in file2
https://digbib.ubka.uni-karlsruhe.de/volltexte/1000003797;lirmm-03714595;Only in file2
https://w3.org/tr/csv2rdf/94.;hal-04201661;Only in file2
https://maya-ackerman.com/wp-content/uploads/2018/09/enumeration_ackermanshallit_tcs.pdf.3;hal-03940590;Only in file2
https://doi.org/10.1038/s41598-023-46925-z4vol:.;hal-04320566;Only in file2
https://dx.doi.org/10.1007/s10618-009-0140-7leman;hal-02435371;Only in file2
https://zenodo.org/record/4889146.resultscomputation;hal-03602177;Only in file2
https://annonymousurl.future;hal-04233343;Only in file2
https://doi.org/10.1145/344777216.;lirmm-04173545;Only in file2
https://iacademc.oup.com/insililcopants/advance-artice-abstract/ldoi/.101093/insiliil/copants/dz0075519776byguest;hal-02253260;Only in file2
https://doi.org/10.3897/biss.7.111784abstractthe;hal-04198414;Only in file2
https://schema.org/13;hal-02939363;Only in file2
https://cloud.google.com/bigquery/docs/authorized-functions;hal-03941879;Only in file2
https://doi.org/10.1145/3183713.3183739a;hal-04278100;Only in file2
https://w3.org/tr/sparql11-query/4.;hal-02921457;Only in file2
https://docs.oracle.com/javase/7/docs/api/java/util/arrays.html;lirmm-02913503;Only in file2
https://bitbucket.org/rdfminer/disjointnessclassaxiomge/src/master/goldstandard.csv15https://ncra.ucd.ie/site/geva.html16https://joernhees.de/blog/2015/11/23/setting-up-a-linked-data-mirror-from-rdf-dumps-dbpedia-2015-04-freebase-wikidata-linkedgeodata-with-virtuoso-7-2-1-and-docker-optional/17https://bitbucket.org/rdfminer/classdisjointnessaxioms/src/master/results/18https://bitbucket.org/rdfminer/classdisjointnessaxioms/src/master/results/goldstandard.csvsiblingclass;hal-02319638;Only in file2
https://hal.archives-ouvertes.fr/hal-02995862.chung;hal-03332224;Only in file2
https://data.eppo.int/documentation/rest4.2;hal-03889780;Only in file2
https://hpo.jax.org/app/browse/term/hp:00402793https://www.orpha.net/consor/cgi-bin/index.php;hal-04002207;Only in file2
https://ouvrirlascience.fr/8.;hal-03807744;Only in file2
https://doi.org/10.1016/j.ecolmodel.2005.03.02628.;hal-02639237;Only in file2
https://doi.acm.org/10.1145/1536414.1536464.;hal-02406503;Only in file2
https://gitlab.inria.fr/mburon/org/blob/master/projects/het2onto-benchmark/bsbm/figure;hal-02446427;Only in file2
https://ckan.org/about/instances/2https://datahub.ckan.io/3https://www.programmableweb.com;hal-02060966;Only in file2
https://doi.org/10.1117/12.2197167cruz;hal-02984949;Only in file2
https://doi.org/10.1111/j.1472-4642.2009.00567.x45.levin;hal-03220977;Only in file2
https://db.uwaterloo.ca/~galuc/wsdbm/productcategory.this;hal-02530206;Only in file2
https://doi.org/10.1023/b:busi.0000035907.journal;hal-04311598;Only in file2
https://w3.org/tr/2004/rec-owl-ref-20040210/.;hal-03189192;Only in file2
https://doi.org/10.1145/3532208proc.;hal-03635452;Only in file2
https://dx.doi.org/10.1145/1265530.1265564.;hal-03536045;Only in file2
https://publons.com/publon/10.1002/2688-8319.12023.orcidpierre;hal-02937618;Only in file2
https://github.com/universaldependencies/ud_french-sequoia2cf.;hal-04346759;Only in file2
https://proceedings.neurips.cc/paper/2019/hash/f8b932c70d0b2e6bf071729a4fa68dfc-abstract.html.14;hal-04353543;Only in file2
https://doi.org/10.1007/978-3-319-11558-0;hal-03934420;Only in file2
https://biocomputing.univ-lille.fr/core-sbml.;hal-04125922;Only in file2
https://voiceprivacychallenge.org/docs/voiceprivacy_2020_eval_plan_v1_3.pdf.tomashenko;hal-03332224;Only in file2
https://doi.org/10.1016/j.agrformet.2012.09.011rötter;hal-02228974;Only in file2
https://inria.hal.science/hal-03516436submitted;hal-03516436;Only in file2
https://identify.plantnet.org/eu-crops;hal-03965684;Only in file2
https://github.com/saist1993/dpnlp.racy;hal-03905094;Only in file2
https://en.wikipedia.org/wiki/parental_advisory2riaapalhttps://www.riaa.com/resources-learning/pal-standards/list;hal-02281137;Only in file2
https://scalla.cs.umass.edu/papers/udao2020.pdf.;hal-02549758;Only in file2
https://doi.org/10.3389/frvir.2020.552587;hal-03710323;Only in file2
https://inria.hal.science/hal-03369137v2submitted;hal-03369137;Only in file2
https://dbpedia.org/resource/denmark;hal-03500647;Only in file2
https://github.com/radical-project/radical.dreamer/.;hal-03654722;Only in file2
https://w3.org/tr/odrl-vocab/2;hal-03065217;Only in file2
https://doi.org/10.5281/zenodo.7032668poelen;hal-03871553;Only in file2
https://doi.org/10.1016/j.ppees.2007.11.002bergez;hal-02228974;Only in file2
https://creativecommons.org/licenses/by-nc-nd/4.0/.;hal-02267180;Only in file2
https://arxiv.org/abs/1805.10222.;hal-02406503;Only in file2
https://crcpress.com/product/isbn/9781466558212;hal-03897397;Only in file2
https://rand.org/pubs/research_reports/rr1744.htmlpatterson;hal-03871553;Only in file2
https://gbif.org/6;hal-04322219;Only in file2
https://doi.org/10.18653/v1/s19-2007.;hal-04014977;Only in file2
https://doi.org/10.1111/nph.12778li;hal-02228974;Only in file2
https://doi.org/10.1038/35083573louarn;hal-02228974;Only in file2
https://loc.gov/standards/mads;hal-04201661;Only in file2
https://doi.org/10.14778/3352063.3352103first;hal-02267180;Only in file2
https://cyber.bibl.u-szeged.hu/index.php/actcybern/article/view/3479/3464.torsten;hal-03940590;Only in file2
https://greenplum.org/.;lirmm-03850420;Only in file2
https://hal.inria.fr/hal-02446427;hal-03320929;Only in file2
https://identifiers.org/go/go:0006468;hal-04125922;Only in file2
https://orcid.org/0000-0003-2739-5850.charlotte;hal-04040702;Only in file2
https://marswiki.jrc.ec.europa.eu/wikicap/images/5/57/09_detection_of_individual_plants.pdf;hal-03965684;Only in file2
https://nadiaya2019.github.io/demokgviz/using;hal-03890035;Only in file2
https://docs.oasis-open.org/amqp/core/v1.0/os/amqp-core-overview-v1.0-os.htmlqueuing;hal-04161546;Only in file2
https://manifesto-project.wzb.eu/down/data/2021a/codebooks/codebook_mpdataset_mpds2021a.pdf.;hal-04129915;Only in file2
https://dbpedia.org/resource;hal-03500647;Only in file2
https://doi.org/10.1145/263690.26380615.;hal-03779349;Only in file2
https://hal.archives-ouvertes.fr/hal-017226668.;hal-03021075;Only in file2
https://inria.hal.science/hal-04344167submitted;hal-04344167;Only in file2
https://a.org;hal-03150441;Only in file2
https://orcid.org/0000-0002-2828-4389r;hal-03965684;Only in file2
https://doi.org/10.1145/2072298.2072434.;hal-03871500;Only in file2
https://w3.org/tr/sparql11-protocol/16for;hal-03404125;Only in file2
https://tpc.org/.52;hal-03559309;Only in file2
https://doi.org/10.1002/j.2161-1882.2004.tb00241.x;hal-04132566;Only in file2
https://doi.org/10.1371/journal.pbio.1000385borsch;hal-03871553;Only in file2
https://facebook.com/ads/library/.;hal-04129915;Only in file2
https://arxiv.org/abs/1904.10509.arxiv:1904.10509.choromanski;hal-03256451;Only in file2
https://csie.ntu.edu.tw/~cjlin/libsvmtools/datasets/21;hal-02166425;Only in file2
https://dvcs.w3.org/hg/webid/raw-file/tip/spec/identity-respec.html15.;emse-04058783;Only in file2
https://dublincore.org/specifications/dublin-core/dcmi-terms/4https://github.com/jendersen/kg;hal-04372234;Only in file2
https://w3.org/tr/2020/rec-wot-thing-description-20200409/26.;hal-03135088;Only in file2
https://inrupt.com/blog/one-small-step-for-the-web.;hal-03140409;Only in file2
https://hal-lirmm.ccsd.cnrs.fr/lirmm-03793591submitted;lirmm-03793591;Only in file2
https://w3.org/social/ig;hal-03135088;Only in file2
https://doi.org/10.1504/ijaose.2007.016266js;hal-03135088;Only in file2
https://doi.org/10.1145/2213836.221386623.;hal-03527888;Only in file2
https://proceedings.mlr.press/v28/wang13g.html.41.;hal-03769993;Only in file2
https://doi.org/10.1016/j.biocon.2023.110051.;hal-04345437;Only in file2
https://inria.hal.science/hal-04233343submitted;hal-04233343;Only in file2
https://arxiv.org/abs/2010.05073.;hal-03522878;Only in file2
https://gitlab.inria.fr/cedar/connectionlenstable;hal-03347947;Only in file2
https://tinyurl.com/grouping-sets;hal-04228038;Only in file2
https://inria.hal.science/hal-02530206v2submitted;hal-02530206;Only in file2
https://doi.org/10.1016/j.jcss.2013.01.004;hal-03937274;Only in file2
https://oaei.ontologymatching.org.acknowledgmentswe;hal-04366893;Only in file2
https://legifrance.gouv.fr/jorf/id/jorftext000000341734.;hal-04129915;Only in file2
https://inria.hal.science/hal-04055171submitted;hal-04055171;Only in file2
https://identifiers.org/neurovault.collection:4337.;hal-03769993;Only in file2
https://github.com/chouakisalim/search_engines_privacy.3.2;hal-04228304;Only in file2
https://imageclef.org/4;hal-03415990;Only in file2
https://doi.org/10.1184/r1/6470981.v13.;hal-03084671;Only in file2
https://birds.cornell.edu/home/8.;hal-02873670;Only in file2
https://doi.org/10.1016/j.scitotenv.2017.11.296hauggaard-nielsen;hal-02228974;Only in file2
https://frontiersin.org/articles/10.3389/fpls.2022.839327/full;hal-03693593;Only in file2
https://qweb.cs.aau.dk/jedi/.;hal-04110779;Only in file2
https://congress.gov/117/bills/s3520/bills-117s3520is.pdf;hal-04311598;Only in file2
https://seals-project.euceurworkshopproceedingshttps://ceur-ws.orgissn;hal-04351729;Only in file2
https://link.springer.com/10.1007/11853886{\;hal-02387680;Only in file2
https://github.com/kermitt2/entity-fishing4;hal-02939363;Only in file2
https://dublincore.org/specifications/dublin-core/dcmi-terms/5.;hal-03889968;Only in file2
https://doi.org/10.48550/arxiv.2204.07057;hal-04014977;Only in file2
https://bioportal.lirmm.fr/ontologies/cisp-2;hal-03502001;Only in file2
https://github.com/kermitt2/entity-fishing4.;hal-03230741;Only in file2
https://arxiv.org/abs/1901.0483148.;hal-03812106;Only in file2
https://doi.org/10.1006/jcss.1996.0010;hal-03934346;Only in file2
https://github.com/li-chengyang/msds-rcnn/tree/master/lib/datasets/kaistdevkit-matlab-wrapper;hal-03119907;Only in file2
https://doi.org/10.1016/j.is.2020.1016040306-4379;hal-03934340;Only in file2
https://corese.inria.fr/20https://github.com/interactions-hsg/wot-search;hal-02289497;Only in file2
https://inria.hal.science/hal-03866030submitted;hal-03866030;Only in file2
https://w3.org/tr/rdf-sparql-query/q;hal-01925496;Only in file2
https://doi.org/10.1016/j.tjem.2018.08.001;hal-03710323;Only in file2
https://doi.org/10.1145/3318464.3380567pierre;hal-01673025;Only in file2
https://scratch.mit.edu/9;hal-03190617;Only in file2
https://bioportal.bioontology.org/ontologies/atc;hal-03502001;Only in file2
https://doi.org/10.1016/j.jcm.2016.02.012edition:;hal-03710323;Only in file2
https://doi.org/10.1093/jas/skaa255.;hal-03347926;Only in file2
https://data.govetc.;hal-01978784;Only in file2
https://w3.org/1999/02/22-rdf-syntax-ns;hal-02435371;Only in file2
https://doi.org/10.1007/s00778-013-0321-2;hal-02057980;Only in file2
https://hal.archives-ouvertes.fr/hal-0162917510.;hal-02989101;Only in file2
https://jena.apache.org/documentation/tdb/index.html12;hal-04353523;Only in file2
https://proceedings.mlr.press/v32/le14.html;hal-03518717;Only in file2
https://inria.hal.science/hal-03774599submitted;hal-03774599;Only in file2
https://emscripten.org/6;hal-03812972;Only in file2
https://inria.hal.science/hal-03140067submitted;hal-03140067;Only in file2
https://doi.org/10.1016/s1574-6526;hal-03156136;Only in file2
https://proceedings.neurips.cc/paper/2011/file/ran;hal-02406503;Only in file2
https://library.fa.ru/files/roth2.pdf.cynthia;hal-04377324;Only in file2
https://doi.org/10.1145/2452376.2452412;lirmm-04305787;Only in file2
https://doi.org/10.1016/j.compag.2020.105220.7.;hal-02470280;Only in file2
https://eprint.iacr.org/2016/086;hal-03941868;Only in file2
https://hal.archives-ouvertes.fr/hal-0228113725.;hal-03812106;Only in file2
https://gitlab.inria.fr/jestopin/sen2patch.in;hal-03693593;Only in file2
https://project.inria.fr/espdms/isolated;hal-03580286;Only in file2
https://aws.amazon.com/ec2/instance-types/.;hal-02549758;Only in file2
https://hal-lirmm.ccsd.cnrs.fr/lirmm-02973633v2submitted;lirmm-02973633;Only in file2
https://cnbc.com/2021/12/27/metas-oculus-virtual-reality-headsets-were-a-popular-holiday-gift.html;hal-03825059;Only in file2
https://doi.org/10.1016/j.ifacol.2018.07.044;hal-04205128;Only in file2
https://spark.apache.org/.;lirmm-03468587;Only in file2
https://sciencedirect.com/bookseries/studies-in-logic-and-practical-reasoning/vol/3/suppl/c8.;hal-03426142;Only in file2
https://gitlab.inria.fr/magnet/mangoes18.;hal-02860659;Only in file2
https://dtai.cs.kuleuven.be/research/pmcsfg.;hal-03940446;Only in file2
https://blog.mozilla.org/blog/2019/03/27/apifacebook-and-google-this-is-what-an-effective-ad-archive-api-looks-like;hal-03916393;Only in file2
https://doi.org/10.1016/j.websem.2010.01.002.;hal-02492780;Only in file2
https://dl.acm.org/citation.cfm;hal-04075393;Only in file2
https://hal.inria.fr/hal-01075770;hal-04204378;Only in file2
https://nlm.nih.gov/pubs/factsheets/umls.html3https://sourceforge.net/projects/dbpedia-spotlight/files/2016-10/fr;hal-02389918;Only in file2
https://en.wikipedia.org/wiki/popoviciu's%inequalities;hal-03320929;Only in file2
https://ec.europa.eu/research/participants/portal/desktop/en/opportunities/h2020/topics/dt-rur-12-2018.html;hal-01999453;Only in file2
https://users.dimi.uniud.it/~massimo.franceschet/xpathmark/ptbench.html;hal-02532706;Only in file2
https://hal-lirmm.ccsd.cnrs.fr/lirmm-04214807submitted;lirmm-04214807;Only in file2
https://doi.org/10.1016/j.eja.2018.01.006sinclair;hal-02228974;Only in file2
https://dl.acm.org/doi/abs/10.5555/1624218.1624288.7172;hal-04358408;Only in file2
https://storage.googleapis.com/books/ngrams/books/datasetsv2.html14https://github.com/carpedm20/emoji15https://www.unicode.org/emoji/charts/full-emoji-list.html12;hal-02972184;Only in file2
https://doi.org/10.1038/s41598-023-46925-z2vol:.;hal-04320566;Only in file2
https://gitlab.inria.fr/cedar/statstical_mentions.;hal-03767992;Only in file2
https://core.ac.uk/download/pdf/82500417.pdf.guy;hal-04377324;Only in file2
https://github.com/dapreco/daprecokb/blob/master/gdpr/riokb_gdpr.xml15;hal-03065217;Only in file2
https://pistoiaalliance.org/projects/current-projects/ontologies-mapping/tgdk;hal-04353523;Only in file2
https://aclanthology.org/d19-125014.;hal-04068708;Only in file2
https://irisa.fr/lis/ferre/sparklis/6.;hal-04186117;Only in file2
https://gitlab.inria.fr/moex/linkex.;hal-03933868;Only in file2
https://iacademc.oup.com/insililcopants/advance-articedo/li/.101093/insililicopants/daa0075918454by/inraeinstitutnationalderecherchepourl;hal-02962262;Only in file2
https://ceur-ws.org/vol-2980/paper374.pdf49.;hal-04201661;Only in file2
https://asterixdb.apache.org/.;hal-02070827;Only in file2
https://openprovenance.org/store;hal-03418836;Only in file2
https://doi.org/10.1162/neco.1989.1.4.54121.;hal-03220977;Only in file2
https://doi.org/10.46298/lmcs-17;hal-04377324;Only in file2
https://doi.org/10.1038/sdata.2016.18wilkinson;hal-02483307;Only in file2
https://doi.org/10.3233/sw-22329423.;hal-04201661;Only in file2
https://w3.org/tr/2012/rec-owl2-syntax-20121211/.70;hal-04358408;Only in file2
https://huggingface.co/docs/transformers/indexscikit-learn7library.therandomseedwassetto42.thepostagswereobtainedusingthespacy8library.themaximumtensorsizeissetto256;hal-04260221;Only in file2
https://arxiv.org/abs/1906.01581.;hal-02190793;Only in file2
https://inria.hal.science/hal-03337765submitted;hal-03337765;Only in file2
https://doi.org/10.1016/j.ijar.2017.08.012;hal-03519365;Only in file2
https://aclanthology.org/2021.emnlp-main.63410.;hal-03807744;Only in file2
https://soul.dev/2https://github.com/fr0stbyter/faustwasm3https://github.com/fr0stbyter/faust2wam4https://github.com/jspatcher/package-dsp;hal-03812938;Only in file2
https://lifeclef.org/3;hal-04322219;Only in file2
https://inria.hal.science/hal-03031812submitted;hal-03031812;Only in file2
https://doi.org/10.1002/mar.21444_eprint:;hal-04102737;Only in file2
https://hal.inrae.fr/hal-04405026submitted;hal-04405026;Only in file2
https://doi.org/10.1145/3460210.3493547.natural;hal-03518717;Only in file2
https://github.com/graphmark/gmark17werecallthatgmarkcangeneratequeriesoffourshapes:chain;hal-03118422;Only in file2
https://creativecommons.org/licenses/by/4.0;hal-03771760;Only in file2
https://ai.google/stories/ai-in-hardware/.;hal-02406503;Only in file2
https://unspsc.org/.7;hal-02348004;Only in file2
https://cstheory.stackexchange.com/q/51653.jean-éric;hal-03940590;Only in file2
https://ontosql.inria.frstring;hal-02152844;Only in file2
https://lix.polytechnique.fr/~goga/datasets/policy_ads_www23.html.;hal-04129915;Only in file2
https://doi.org/10.1016/j.agrformet.2010.09.012casadebaig;hal-02228974;Only in file2
https://doi.org/10.1093/aob/mci052montazeaud;hal-02228974;Only in file2
https://doi.org/10.1007/978-3-319-76445-0_10caron;hal-04405026;Only in file2
https://hal-lirmm.ccsd.cnrs.fr/lirmm-03452154submitted;lirmm-03452154;Only in file2
https://doi.org/10.48550/arxiv.2211.00541.;hal-04377324;Only in file2
https://hal-lirmm.ccsd.cnrs.fr/lirmm-03468535submitted;lirmm-03468535;Only in file2
https://ns.inria.fr/acta/holding;hal-03811323;Only in file2
https://arxiv.org/abs/2003.06868.javier;hal-04377324;Only in file2
https://inria.hal.science/hal-04003126submitted;hal-04003126;Only in file2
https://doi.org/10.1145/3511047;hal-04205128;Only in file2
https://doi.org/10.1016/j.;hal-03315102;Only in file2
https://wasabihome.i3s.unice.fr/2https://www.semanticaudio.ac.ukfigure;hal-02366730;Only in file2
https://pubmed.ncbi.nlm.nih.gov/advanced/nodifferences.acta;hal-03811323;Only in file2
https://doi.org/10.1098/rsif.2006.0134;hal-03905184;Only in file2
https://tata.gforge.inria.fr/.5;hal-02902853;Only in file2
https://sciencedirect.com/science/article/pii/s030643791630389126.;hal-03329908;Only in file2
https://oeaw.ac.at/fileadmin/subsites/academiaecorpora/pdf/germeval2018_proceedings.pdf3https://www.evalita.it/20184https://www.di.unito.it/~tutreeb/sentipolc-evalita16/index.html5https://sites.google.com/view/ibereval-20184;hal-02972184;Only in file2
https://doi.org/10.1145/3442381.3450070;hal-03710323;Only in file2
https://example.org/possibility;hal-02064075;Only in file2
https://inria.hal.science/hal-03522878submitted;hal-03522878;Only in file2
https://ecfr.gov/current/title-47/chapter-i/subchapter-c/part-76/subpart-g/section-76.225;hal-04311598;Only in file2
https://dx.doi.org/10.1007/978-3-319-10596-3;hal-02435371;Only in file2
https://doi.org/10.14778/3229863.3236253;hal-03140067;Only in file2
https://docs.ckan.org/49prefix;hal-03301330;Only in file2
https://cifkao.github.io/spe/figure;hal-03256451;Only in file2
https://doi.org/10.1093/database/bax059;hal-03905184;Only in file2
https://kunihirowasa.github.io/enum/problem_list.;hal-03955911;Only in file2
https://support.google.com/youtube/answer/6168681;hal-04311598;Only in file2
https://doi.org/10.5281/zenodo.5929553;hal-03939919;Only in file2
https://doi.org/10.1126/sciadv.aaw4967høye;hal-03871553;Only in file2
https://w3.org/tr/2013/rec-sparql11-service-description-20130321/34.;hal-03807744;Only in file2
https://doi.org/10.1145/1721695.172170948.;hal-03135088;Only in file2
https://doi.org/10.1111/j.1365-2656.2008.01390.x16.;hal-03167637;Only in file2
https://dx.doi.org/10.1016/0304-3975;hal-01176763;Only in file2
https://ceur-ws.org/vol-1391/157-cr.pdf.goodfellow;hal-02470280;Only in file2
https://github.com/espnet/espnet/tree/master/egs/librispeech/tts119;hal-03332224;Only in file2
https://code.google.com/archive/p/word2vec/2we;hal-02265061;Only in file2
https://linkedlifedata.com/sparql33uri;hal-03301330;Only in file2
https://politico.eu/article/facebook-european-elections-advertising-political-social-media-europe;hal-03916393;Only in file2
https://doi.org/10.1017/s0269888920000132.;hal-04366893;Only in file2
https://annotator.justinbrooks.ca;hal-02573627;Only in file2
https://ecfr.gov/current/title-47/chapter-i/subchapter-c/part-73/subpart-h/section-73.3999;hal-04311598;Only in file2
https://inria.hal.science/hal-03648498submitted;hal-03648498;Only in file2
https://neherbaria.org;hal-02137748;Only in file2
https://ceur-ws.org/vol-304/paper9.pdf.;hal-04351729;Only in file2
https://svn.aksw.org/papers/2016/iswc_lodstats_resource_description/public.pdf.;hal-03500522;Only in file2
https://data.nobelprize.org/dump.nt;hal-03320929;Only in file2
https://doi.org/10.1088/1475-4878/33/3/301;hal-02289497;Only in file2
https://ec.europa.eu/research/participants/docs/h2020-funding-guide/cross-cutting-issues/open-access-data-management/open-access_en.htm;hal-03516296;Only in file2
https://hal.inria.fr/hal-0107577026.;hal-04322219;Only in file2
https://doi.org/10.1609/aimag.v36i1.256568.;hal-04201661;Only in file2
https://eurecom.fr/publication/6190;hal-02562199;Only in file2
https://ceur-ws.org/vol-2137/paper_27.pdf.85;hal-04353523;Only in file2
https://doi.org/10.1016/s1573-5214;hal-02228974;Only in file2
https://pole-emploi.org/accueil/mot-cle.html;hal-03403125;Only in file2
https://doi.org/10.1002/aps3.1233meeus;hal-03871553;Only in file2
https://doi.org/10.3897/biss.6.93640abstractthrough;hal-03762964;Only in file2
https://schema.org/peut;hal-03889968;Only in file2
https://inria.hal.science/hal-02145478submitted;hal-02145478;Only in file2
https://doc.ml.tu-berlin.de/toxbenchmark/.;hal-03940446;Only in file2
https://doi.org/10.1002/net.323018040612.;hal-03112715;Only in file2
https://github.com/pykeen/pykeen11;hal-04353543;Only in file2
https://lpdaac.usgs.gov/products/srtmgl1v003/frontiers;hal-03693593;Only in file2
https://inria.hal.science/hal-02145369v3submitted;hal-02145369;Only in file2
https://keras.io/7;lirmm-03324873;Only in file2
https://gitlab.com/tomaye/ecai2020-transformer_based_am;hal-02879293;Only in file2
https://doi.org/10.7717/peerj.6739penev;hal-03373536;Only in file2
https://doi.org/10.1016/j.ecolmodel.2006.08.010yang;hal-02228974;Only in file2
https://inria.hal.science/hal-03127726submitted;hal-03127726;Only in file2
https://ssrn.com/abstract=2374119;hal-03189474;Only in file2
https://doi.org/10.24963/kr.2021/14;lirmm-04320944;Only in file2
https://doi.org/10.5281/zenodo.3922069de;hal-02483307;Only in file2
https://doi.org/10.1038/nrn1054.;hal-04293239;Only in file2
https://project-hobbit.eu/outcomes/hobbit-platform/5https://github.com/dwslab/melt6https://dwslab.github.io/melt/matcher-evaluation/client7https://dwslab.github.io/melt/matcher-packaging/web;hal-04366893;Only in file2
https://arxiv.org/abs/1409.0473.;hal-03256451;Only in file2
https://w3.org/tr/2013/rec-sparql11-service-description-20130321/.;hal-03404125;Only in file2
https://aclweb.org/anthology/2020.acl-main.645;hal-03518717;Only in file2
https://theguardian.com/news/2018/mar/17/cambridge-analytica-facebook-influence-us-election7;hal-03189474;Only in file2
https://doi.org/10.18608/jla.2014.13.613.;hal-03084671;Only in file2
https://opencypher.org.;hal-01673025;Only in file2
https://ecologie-humaine.eu/documents/dp_piranhas.pdf.;hal-03228509;Only in file2
https://tinyurl.com/25vjwk2s.tool;hal-03710323;Only in file2
https://contrib.scikit-learn.org/metric-learn.;hal-03100076;Only in file2
https://cifkao.github.io/spe/qd;hal-03256451;Only in file2
https://doi.org/10.1016/j.tree.2017.05.00353.;hal-03220977;Only in file2
https://doi.org/10.1145/3011141.301115267.;hal-04201661;Only in file2
https://doi.org/10.5281/zenodo.117812313.;hal-04233343;Only in file2
https://w3.org/tr/2012/rec-xmlschema11-1-20120405/.;hal-03189192;Only in file2
https://wiki.inria.fr/clusterssophia;hal-03917930;Only in file2
https://tel.archives-ouvertes.fr/tel-0258791024.;hal-03812106;Only in file2
https://granddebat.fr/2.;hal-02860659;Only in file2
https://doi.org/10.1111/asj.12569.;hal-03347926;Only in file2
https://inria.hal.science/hal-02566930submitted;hal-02566930;Only in file2
https://usenix.org/conference/tapp-10/towards-practical-incremental-recomputation-scientists-implementation-python;hal-03189130;Only in file2
https://inria.hal.science/hal-03158419submitted;hal-03158419;Only in file2
https://dblp.uni-trier.de/db/conf/iclr/iclr2018.html;hal-04041691;Only in file2
https://hal-emse.ccsd.cnrs.fr/emse-04058783submitted;emse-04058783;Only in file2
https://w3.org/rdf/2https://www.w3.org/tr/2013/rec-sparql11-overview-20130321/permission;hal-04386268;Only in file2
https://inria.hal.science/hal-03404125submitted;hal-03404125;Only in file2
https://wasabi.i3s.unice.fr/11;hal-03812106;Only in file2
https://rdfhdt.org/datasets/figure;hal-02065993;Only in file2
https://developers.google.com/optimization/.long;hal-03726234;Only in file2
https://web.stanford.edu/chapter;hal-03021075;Only in file2
https://fsa.usda.gov3https://geoservices.ign.fr4https://osr-cesbio.ups-tlse.fr/~oso/posts/2017-03-30-carte-s2-2016/5https://lpdaac.usgs.gov/products/srtmgl1v003;hal-03353487;Only in file2
https://doi.org/10.1109/icde.2018.00146;hal-03886320;Only in file2
https://doi.org/10.1109/access.2021.3086480;hal-03518717;Only in file2
https://doi.org/10.1038/s41598-020-70688-6.;hal-03347926;Only in file2
https://hyperagents.org/5a;hal-02196903;Only in file2
https://doi.org/10.1016/j.agee.2017.09.030.;lirmm-03785968;Only in file2
https://usenix.org/system/files/conference/osdi16/osdi16-abadi.pdf;hal-03510012;Only in file2
https://doi.org/10.1145/3487553.3524676.indexes;hal-03905184;Only in file2
https://data.ign.fr6ign;hal-03426150;Only in file2
https://neo4j.com/developer/cypher-query-language/22https://graphgen.graphaware.com/23https://neo4j.com/24https://github.com/graphalchemist/graphjson/wiki/graphjson;hal-02435371;Only in file2
https://storage.googleapis.com/books/ngrams/books/datasetsv2.htmlwe;hal-02381152;Only in file2
https://mydata.org;hal-03814840;Only in file2
https://doi.org/10.1038/s41598-020-69861-88vol:.;hal-02919190;Only in file2
https://inria.fr/en/covid-web8;hal-03292140;Only in file2
https://orcid.org/0000-0002-5872-5034a;hal-04289970;Only in file2
https://inria.hal.science/hal-03064912submitted;hal-03064912;Only in file2
https://doi.org/10.1007/978-1-4899-7983-4;hal-03904200;Only in file2
https://github.com/elecdeb60to16/dataset.4685;hal-02194887;Only in file2
https://inria.hal.science/hal-01949641submitted;hal-01949641;Only in file2
https://w3.org/designissues/linkeddata.html3.;hal-01926379;Only in file2
https://github.com/llvllahsa/collaborativepersonalizedmeanestimation8;hal-03905917;Only in file2
https://ceur-ws.org/vol-2699/paper03.pdf21.;hal-03741042;Only in file2
https://doi.org/10.18653/v1/w18-1105.;hal-04014977;Only in file2
https://staff.fnwi.uva.nl/m.derijke/wp-content/papercite-data/pdf/reinanda-2020-knowledge.pdf.;hal-04152998;Only in file2
https://wjh.harvard.edu;hal-03314797;Only in file2
https://deeplearningbook.org.levenshtein;hal-03295581;Only in file2
https://doi.org/10.1371/journal.pcbi.1008856.g006plos;hal-03220977;Only in file2
https://dx.doi.org/10.1145/3085504.3091117marco;hal-02066516;Only in file2
https://nlp.stanford.edu/software/crf-ner.html2www.debates.org2019;hal-02381055;Only in file2
https://odds.cs.stonybrook.edu;hal-03381732;Only in file2
https://doi.org/10.1016/0022-0000;hal-02307999;Only in file2
https://youtu.be/iutzzma-7fi17https://github.com/interactions-hsg/wot-search-manufacturing/18https://github.com/interactions-hsg/leubot;hal-03135088;Only in file2
https://w3.org/tr/2018/wd-wot-thing-description-20181021/.;hal-02289497;Only in file2
https://github.com/oguzcennet/recipe-anaphora-resolutionanaphoric;hal-03807530;Only in file2
https://inria.hal.science/hal-03890035submitted;hal-03890035;Only in file2
https://voiceprivacychallenge.org/docs/voiceprivacy2020_post_evaluation.pdf.tomashenko;hal-03332224;Only in file2
https://github.com/rdfostrich/comunica-actor-init-sparql-ostrich123456789101112131415161718192021222324252627282930313233343536373839404142434445464748495051123456789101112131415161718192021222324252627282930313233343536373839404142434445464748495051;hal-03500522;Only in file2
https://gitlab.inria.fr/abaud/sgx-basicsn.;hal-04228113;Only in file2
https://doi.org/10.1016/j.tplants.2020.12.018groom;hal-03871553;Only in file2
https://inria.hal.science/hal-02166434submitted;hal-02166434;Only in file2
https://doi.org/10.1016/b0-08-043076-7/00554-46.;hal-03084671;Only in file2
https://icropm2020.org;hal-03686060;Only in file2
https://arxiv.org/abs/2204.07057.;hal-04014977;Only in file2
https://w3.org/tr/owl2-syntax/15https://www.w3.org/tr/owl2-syntax;hal-02936253;Only in file2
https://arxiv.org/abs/1605.05102.;hal-03940590;Only in file2
https://arxiv.org/abs/1902.01046.;hal-02406503;Only in file2
https://g.co/datasetsearch17schema.org;hal-02060966;Only in file2
https://dx.doi.org/10.1002/wics.1403received;hal-02435371;Only in file2
https://nodered.org/.;hal-02441654;Only in file2
https://hal.inrae.fr/hal-02964060submitted;hal-02964060;Only in file2
https://doi.org/10.1017/s1357729800054060.;hal-03347926;Only in file2
https://doi.org/10.1137/1.9781611973075.86;hal-04278100;Only in file2
https://doi.org/10.1016/j.ijar.2018.11.01938;hal-02277678;Only in file2
https://github.com/lajus/amie/.acknowledgements.;hal-03084606;Only in file2
https://tensorflow.org/datasets/api_docs/python/tfds/as_numpy.12https://www.kaggle.com/stackoverflow/stackoverflow120;hal-02406503;Only in file2
https://doi.org/10.18653/v1/2020.acl-demos.12.;hal-04014977;Only in file2
https://doi.org/10.1109/icde.2002.994756;hal-03886320;Only in file2
https://doi.org/0000001.0000001acm;hal-02096764;Only in file2
https://hal.inria.fr/hal-01935898bibliographie;hal-02748219;Only in file2
https://orcid.org/0000-0002-9345-3994franck;hal-03404580;Only in file2
https://doi.org/10.1109/icde.2017.1123.;lirmm-03799097;Only in file2
https://w3.org/tr/wot-thing-description11/tgdk;hal-04358408;Only in file2
https://doi.org/10.1016/0952-8180;hal-03263469;Only in file2
https://doi.org/10.1038/s41598-023-46925-z8vol:.;hal-04320566;Only in file2
https://github.com/hyperopt/hyperopt15;hal-03599214;Only in file2
https://doi.org/10.1007/978-3-319-96145-3_8;lirmm-03833578;Only in file2
https://gitlab.com/tomaye/abstrct/4;hal-02879293;Only in file2
https://inria.hal.science/hal-03064464submitted;hal-03064464;Only in file2
https://doi.acm.org/10.1145/291058020.;hal-03329908;Only in file2
https://inria.hal.science/hal-03905078submitted;hal-03905078;Only in file2
https://pippa.psb.ugent.be/pippa_nav/home;hal-03686060;Only in file2
https://doi.org/10.1145/3183713.3190654;hal-01673025;Only in file2
https://pytorch.org/5;hal-02290310;Only in file2
https://adssettings.google.com/.;hal-03916393;Only in file2
https://doi.org/10.1145/2484425.2484443;hal-03886320;Only in file2
https://alibabacloud.com/product/maxcompute.;hal-03897397;Only in file2
https://googleblog.blogspot.com/2009/01/powering-google-search.html1;hal-03189474;Only in file2
https://doi.org/10.1093/aob/mcy050evers;hal-02228974;Only in file2
https://github.com/wimmics/covidontheweb/dataset8;hal-02939363;Only in file2
https://data.agroportal.lirmm.fr/ontologies/to;lirmm-02945170;Only in file2
https://doi.org/10.1007/s13222-016-0231-8.;hal-04351729;Only in file2
https://isbndb.com/book/0198506732.;lirmm-02945170;Only in file2
https://github.com/kermitt2/pdfalto5https://www.loc.gov/standards/alto/antoine;hal-04138880;Only in file2
https://arxiv.org/abs/1807.09320.4;hal-03940590;Only in file2
https://ilpubs.stanford.edu:8090/924/1/uncertaindata.pdf;hal-03356951;Only in file2
https://doi.org/10.1007/978-3-540-49612-03.;hal-02348004;Only in file2
https://oecd.org/gov/digital-government/policy-paper-ourdata-index-2019.htm.pyrgelis;hal-03726234;Only in file2
https://global.oup.com/academic/product/statistical-inference-9780198572268;hal-03418836;Only in file2
https://doi.org/10.1007/s00778-021-00704-222.;hal-04031744;Only in file2
https://catalog.ldc.upenn.edu/ldc2007s10.mark;hal-02166422;Only in file2
https://inria.hal.science/hal-03527888v4submitted;hal-03527888;Only in file2
https://orcid.org/0000-0003-0640-5706referencesaffouard;hal-02937618;Only in file2
https://entrepot.recherche.data.gouv.fr/dataverse/glopack;hal-04043460;Only in file2
https://sabiod.org/icml4b2013_book.pdf17.;hal-02945382;Only in file2
https://doi.org/10.1016/j.agrformet.2015.02.004wezel;hal-02228974;Only in file2
https://doi.org/10.1145/3543873.35873281;hal-04171196;Only in file2
https://dbpedia.org/ontology/prefix;hal-03082579;Only in file2
https://aclanthology.org/2020.acl-main.61715.;hal-03807744;Only in file2
https://iacademc.oup.com//jxbadvance-articedo/lf44f33f22i/.101093probability10.500.40.30.20.10ab;hal-04084880;Only in file2
https://doi.org/10.5281/zenodo.560336935;hal-03812106;Only in file2
https://doi.org/10.1016/s0304-3975;hal-03934389;Only in file2
https://doi.org/10.1145/1376616.1376772.;lirmm-02949807;Only in file2
https://obofoundry.org/id-policy.html;lirmm-02945170;Only in file2
https://doi.org/10.4230/lipics.mfcs.2017.2;hal-03934389;Only in file2
https://proceedings.mlr.press/v139/radford21a.html.151;hal-04353543;Only in file2
https://oaei.ontologymatching.org/2010/results/oaei2010.pdf.;hal-04366893;Only in file2
https://doi.org/10.1145/3184558.3188737.;hal-03871500;Only in file2
https://saxon.sourceforge.net/.;hal-02070827;Only in file2
https://di.unito.it/~tutreeb/haspeede-evalita187https://www.oeaw.ac.at/ac/konvens2018/workshop/9;hal-02972184;Only in file2
https://doi.org/10.1145/3584372.3588670.1ccs;lirmm-04277973;Only in file2
https://proceedings.neurips.cc/paper/2013/hash/1cecc7a77928ca8133fa24680a88d2f9-abstract.html.21;hal-04353543;Only in file2
https://lab.plantnet.org/seafile/d/936fe4298a5a4f4c8dbd/.;hal-04322255;Only in file2
https://doi.org/10.1016/0005-7916;hal-03710323;Only in file2
https://inria.hal.science/hal-03934346submitted;hal-03934346;Only in file2
https://regulatorycircuits-lod.genouest.org.;hal-03602177;Only in file2
https://hal.inria.fr/hal-0107577028.;hal-03415990;Only in file2
https://doi.org/10.1109/iot.2015.7356548;hal-02196903;Only in file2
https://opencypher.org/ocig2.49.;hal-03118422;Only in file2
https://doi.org/10.1145/3543873.3587328access;hal-04171196;Only in file2
https://bitbucket.org/clement_gautrais/mdl_signature_ida2020/6;hal-02505913;Only in file2
https://doi.org/10.1007/3-540-45537-x_13;hal-03904200;Only in file2
https://ijcai.org/abstract/16/421.xin;hal-04344975;Only in file2
https://doi.org/10.21105/joss.016675;hal-02293689;Only in file2
https://dx.doi.org/10.1109/4235.94252914.;hal-02936193;Only in file2
https://doi.org/xxxxxxx.xxxxxxx1;hal-04386268;Only in file2
https://eur-lex.europa.eu/eli/dir/2019/1024/oj7https://www.legifrance.gouv.fr/codes/id/legiscta000034381202/2017-04-088https://www.observeit.com/cost-of-insider-threats/9https://www.verizon.com/business/resources/reports/dbir/2021/data-breach-statistics-by-industry/2.1;hal-03726234;Only in file2
https://iacademc.oup.com000.10.30.2distance;hal-03915413;Only in file2
https://choco-solver.org.cohen;hal-03726234;Only in file2
https://doi.org/10.4018/ijswis.201404010281.;hal-04201661;Only in file2
https://usenix.org/conference/tapp2018/presentation/ramusat;hal-03140067;Only in file2
https://doi.org/10.1007/978-3-642-24794-1_2.;hal-03662183;Only in file2
https://vldb.org/conf/2007/papers/research/p1033-shen.pdf.jaeho;hal-03104155;Only in file2
https://doi.org/10.1007/978-3-642-02121-3_25;hal-02057980;Only in file2
https://arxiv.org/abs/1910.06762.;hal-03256451;Only in file2
https://arxiv.org/abs/1906.09293.marco;hal-04377324;Only in file2
https://chameleoncloud.gitbook.io/trovi;hal-04157720;Only in file2
https://doi.org/10.1371/journal.pcbi.1008856.g003environment;hal-03220977;Only in file2
https://doi.org/10.1016/j.fcr.2012.09.019martre;hal-02228974;Only in file2
https://sciencedirect.com/science/article/pii/s157082681200039x.doi:10.1016/j.websem.2012.04.001.;hal-04366893;Only in file2
https://hadoop.apache.org/.;lirmm-01867717;Only in file2
https://inria.hal.science/hal-03090211submitted;hal-03090211;Only in file2
https://doi.org/10.1038/sdata.2016.187;hal-03905184;Only in file2
https://eppo.int/à;hal-03889780;Only in file2
https://doi.org/10.1111/j.0906-7590.2008.5203.x28.;hal-03167637;Only in file2
https://arxiv.org/abs/1910.00189.;hal-02406503;Only in file2
https://doi.acm.org/10.1145/1516512.1516518.;hal-03536045;Only in file2
https://doi.org/10.1109/32.328995;hal-03138755;Only in file2
https://sabiod.org/nips4b6.;hal-02273257;Only in file2
https://doi.org/10.1073/pnas.2002545117isaac;hal-04405026;Only in file2
https://doi.org/10.1093/bioinformatics/btx74145.;lirmm-03324873;Only in file2
https://doi.org/10.1093/jas/skac222advance;hal-03699447;Only in file2
https://hdl.handle.net/2318/168568012https://www.robotstxt.org/robotstxt.html;hal-02196903;Only in file2
https://redis.io/.www-tdb2.;hal-03791175;Only in file2
https://w3.org/tr/2018/cr-webrtc-20180927;emse-02070625;Only in file2
https://hal.inria.fr/hal-03324177;hal-04161546;Only in file2
https://herbier-guyane.ird.fr;hal-02137748;Only in file2
https://nodered.org/2https://www.ifttt.com;hal-02289497;Only in file2
https://github.com/dig-team/amie.;hal-04353543;Only in file2
https://ijcai.org/abstract/16/5482713;lirmm-04305787;Only in file2
https://w3.org/tr/rdf11-concepts;hal-02446427;Only in file2
https://tel.archives-ouvertes.fr/tel-00925722.i;lirmm-02148200;Only in file2
https://ibm.com/netherlands.sgy;lirmm-02335500;Only in file2
https://hatespeechdata.com/6we;hal-03765860;Only in file2
https://doi.org/10.1109/issnip.2007.44968597.;hal-04322219;Only in file2
https://doi.org/10.1109/issnip.2007.449685927.;hal-02873670;Only in file2
https://pdfs.semanticscholar.org/6b1b/cordia;lirmm-02148200;Only in file2
https://inria.hal.science/hal-03619869submitted;hal-03619869;Only in file2
https://relweb.cs.aau.dk/rdfev.;hal-03500522;Only in file2
https://ifaamas.org/proceedings/aamas2021/pdfs/p242.pdf;hal-03905183;Only in file2
https://github.com/antoinegauquier/inferring_document_class_of_scientific_article/.;hal-04138880;Only in file2
https://github.com/dbpina/keras-prov;lirmm-03443660;Only in file2
https://alexandria.unisg.ch/255762;hal-02289497;Only in file2
https://doi.org/10.26028/cybium/2015-394-005.;hal-03228509;Only in file2
https://arxiv.org/pdf/1905.04610.pdf14;hal-03514297;Only in file2
https://hal.archives-ouvertes.fr/hal-0162919118.;hal-03641389;Only in file2
https://doi.org/10.2200/s00873ed1v01y201808dtm051;hal-03516360;Only in file2
https://escholarship.mcgill.ca/concern/theses/9g54xk72r.pascal;hal-03114304;Only in file2
https://doi.org/10.1038/s41598-023-46925-z1vol.:;hal-04320566;Only in file2
https://iacademc.oup.com//jxbadvance-artice-abstract/ldoi/.101093///jxbery3095076199bygueston15october2018;hal-01895279;Only in file2
https://doi.org/10.31222/osf.io/wycjneuropean;hal-03871553;Only in file2
https://aclweb.org/anthology/p10-1014.jason;hal-03104155;Only in file2
https://inria.fr/tproduct/p1.refining;hal-03516713;Only in file2
https://nlm.nih.gov/pubs/factsheets/umls.htmlin;hal-03502001;Only in file2
https://linkeddatafragments.org/.dblp;hal-03320929;Only in file2
https://support.google.com/accounts/answer/1634057;hal-03916393;Only in file2
https://hal-lirmm.ccsd.cnrs.fr/lirmm-04283772submitted;lirmm-04283772;Only in file2
https://christophm.github.io/interpretable-ml-book/.ramin;hal-04377324;Only in file2
https://doi.org/10.5281/zenodo.791847862.;hal-04201661;Only in file2
https://ontology.inrae.fr/frenchcropusage/sparqlplants/rdf-generated triples/cultivatedplants-infos-result-triples.ttl.frontiers;hal-04289970;Only in file2
https://chameleoncloud.org/experiment/share/347adbf3-7c14-4834-b802-b45fdd0d9564;hal-04157720;Only in file2
https://github.com/chaozhang-db/pba.;lirmm-03468587;Only in file2
https://dx.doi.org/10.1103/physreve.80.016118andrea;hal-02435371;Only in file2
https://doi.org/10.1109/icde.2009.64andapproximation;hal-04110779;Only in file2
https://dx.doi.org/10.2312/egve/jvrc09/121-128.doi:10.2312/egve/jvrc09/121-128.;hal-03369680;Only in file2
https://doi.org/10.1515/sem-2018-0141.;hal-04293239;Only in file2
https://fipa.org/specs/fipa00061/sc00061g.pdf.35;hal-04358408;Only in file2
https://proceedings.neurips.cc/paper/2001/hash/801272ee79cfde7fa5960571fee36b9b-abstract.html;hal-04014977;Only in file2
https://fairmlbook.org.;hal-02406503;Only in file2
https://doi.org/10.1038/ncomms104607.;hal-03100032;Only in file2
https://inria.hal.science/hal-02166428submitted;hal-02166428;Only in file2
https://doi.org/10.2200/2020.morgan;hal-03320929;Only in file2
https://doi.org/10.3390/agronomy8120291robert;hal-02228974;Only in file2
https://disi.unitn.it/~pavel/om2017/papers/om2017_tpaper2.pdfda;hal-02984949;Only in file2
https://doi.org/10.48550/arxiv.1705.06950.33.;hal-03769993;Only in file2
https://doi.org/10.1007/s11119-005-5643-7.hui;hal-03329674;Only in file2
https://lpdaac.usgs.gov/products/srtmgl1v003/2.1.2.;hal-03695760;Only in file2
https://dbpedia.org/property/prefix;hal-02936253;Only in file2
https://agroportal.lirmm.fr/ontologies/taxref-ldfrontiers;hal-04289970;Only in file2
https://stackoverflow.com/questions/31359219/relationship-between-rdd-partitions-and-nodesfigure;hal-02106521;Only in file2
https://ojs.aaai.org/index.php/aaai/article/view/5701.maximilian;hal-04344975;Only in file2
https://doi.org/10.1016/0022-4049;hal-03934389;Only in file2
https://w3.org/tr/indexeddb/3https://tinyurl.com/muc8cmyxthatusesthesamenamewillthenrefertothesamepartofthememory.wheneveryobjectassociatedwiththisnameisremoved;hal-03812972;Only in file2
https://doi.org/10.1111/j.1469-1809.1936.tb02137.x.;hal-03329674;Only in file2
https://hal.archives-ouvertes.fr/hal-0228113826.;hal-03812106;Only in file2
https://doi.org/10.1080/1365881992413914.;hal-02639237;Only in file2
https://vldb.org/conf/2002/s19p02.pdf;hal-03886320;Only in file2
https://shorturl.at/ahay4network;hal-03236409;Only in file2
https://aclweb.org/anthology/p16-1162.doi:10.18653/v1/p16-1162.;hal-04346759;Only in file2
https://inria.hal.science/hal-04335612submitted;hal-04335612;Only in file2
https://arxiv.org/abs/1503.0501819.;hal-02513295;Only in file2
https://conﬂuence.pegasus.isi.edu/display/pegasus/workﬂowgenerator;hal-03418836;Only in file2
https://w3.org/wai/26;hal-03189474;Only in file2
https://doi.org/10.1016/j.tvjl.2016.09.005.;hal-03347926;Only in file2
https://stacks.iop.org/1742-5468/2008/i=10/a=p10008peter;hal-02435371;Only in file2
https://doi.org/10.1080/19312450709336664.;hal-04262826;Only in file2
https://dbpedia.org/ontology/plant;hal-02936193;Only in file2
https://doi.org/10.1142/s02181266980000438.;hal-02968427;Only in file2
https://inria.hal.science/hal-01941862submitted;hal-01941862;Only in file2
https://github.com/sufianj/def_extraction1https://github.com/stacks/3https://info.arxiv.org/help/bulk_stacks-projectdata_s3.html;hal-04282533;Only in file2
https://w3.org/submission/spin-overview/.minier;hal-03404125;Only in file2
https://arxiv.org/abs/1401.6576.samuelandhttps://www.sciencedirect.com/bookseries/pure-and-applied-mathematics/vol/59/part/pa.samuelandhttps://www.sciencedirect.com/bookseries/pure-and-applied-mathematics/vol/59/part/pb.and;hal-03114304;Only in file2
https://doi.org/10.1109/cvpr46437.2021.01269vega;hal-03871553;Only in file2
https://doi.org/10.1145/3485557.3485587;hal-04132566;Only in file2
https://doi.org/10.1038/s41597-023-02642-w7www.nature.com/scientificdatawww.nature.com/scientificdata;hal-04386951;Only in file2
https://creativecommons.org/licenses/by-nc-nd/4.0/.;hal-03150404;Only in file2
https://doi.org/10.1126/science.1197962renton;hal-02228974;Only in file2
https://doi.org/10.1016/j.ejsobi.2023.10349771.;hal-04201661;Only in file2
https://nltk.org/8;hal-02317227;Only in file2
https://doi.org/10.1016/s0304-3800;hal-03220977;Only in file2
https://inserm.fr/2;hal-03404580;Only in file2
https://doi.org/10.1145/28278729.;hal-04068708;Only in file2
https://arxiv.org/abs/2301.1111310.;hal-04255500;Only in file2
https://inria.hal.science/hal-03559309submitted;hal-03559309;Only in file2
https://osr-cesbio.ups-tlse.fr/~oso/posts/2017-03-30-carte-s2-2016/4;hal-02989077;Only in file2
https://ftc.gov/sites/default/ﬁles/attachments/press-releases/ftc-staff-revises-online-advertising-disclosure-guidelines/130312dotcomdisclosures.pdf.nm;hal-03916393;Only in file2
https://sciencedirect.com/science/article/pii/s095070512101097211.;hal-04031744;Only in file2
https://github.com/nicolas-hbt/versatile-embeddingsh;hal-04344873;Only in file2
https://arcep.fr/nos-sujets/parlons-5g-toutes-vos-questions-sur-la-5g.html;hal-03833620;Only in file2
https://doi.org/10.21105/joss.016671;hal-02293689;Only in file2
https://aclweb.org/anthology/2020.lrec-1.262/27.;hal-03812106;Only in file2
https://content.sciendo.com/view/journals/popets/2019/1/article-p87.xmltechnologies87;hal-03100032;Only in file2
https://inria.hal.science/hal-03871553submitted;hal-03871553;Only in file2
https://github.com/hpcdb/keras-prov.the;lirmm-03443660;Only in file2
https://kompass-international.com/corporate/home.html.;hal-02348004;Only in file2
https://unice.fr/laboratoires/line;hal-02145478;Only in file2
https://hal.inria.fr/hal-0107577019.;hal-03641389;Only in file2
https://sciencedirect.com/science/article/pii/s1570866708000683jean-mary;hal-02984949;Only in file2
https://doi.org/10.1145/1098918.109893753.;hal-03135088;Only in file2
https://openenclave.io/sdk/.;hal-03941868;Only in file2
https://regulatorycircuits-lod.genouest.org/.16.;hal-03602177;Only in file2
https://doi.org/10.in;hal-04043460;Only in file2
https://doi.org/10.1002/cem.2440.url;hal-03329674;Only in file2
https://doi.org/10.1007/3-540-62560-7_3713.;emse-04058783;Only in file2
https://hal.archives-ouvertes.fr/hal-02995855.champion;hal-03332224;Only in file2
https://hal.inria.fr/hal-0236673016.;hal-03812106;Only in file2
https://doi.org/10.1071/cp16211fletcher;hal-02228974;Only in file2
https://mpi-inf.mpg.de/yago-naga/yago/.;hal-03517826;Only in file2
https://github.com/yuxiangw/autodpreddit;hal-03905068;Only in file2
https://recolnat.org/9.;hal-02873670;Only in file2
https://raysolomonoff.com/dartmouth/boxa/dart564props.pdf.panagiotis;hal-03189474;Only in file2
https://github.com/wimmics/zoomathia/tree/main/pline;hal-04156996;Only in file2
https://huggingface.co/bert-base-multilingual-uncasedfigure;hal-04315527;Only in file2
https://team.inria.fr/wimmics/2.;hal-03084029;Only in file2
https://github.com/vanes11/flashfill_quickfill_mixte/tree/master/benchmarks4.;hal-03717860;Only in file2
https://hal-lirmm.ccsd.cnrs.fr/lirmm-03144324submitted;lirmm-03144324;Only in file2
https://cordis.europa.eu/project/id/101070038;hal-04092216;Only in file2
https://twitter.com/crudeoilprices31;lirmm-03036868;Only in file2
https://inria.hal.science/hal-02557901submitted;hal-02557901;Only in file2
https://inria.hal.science/hal-04132566submitted;hal-04132566;Only in file2
https://doi.org/10.1093/jas/skz167.;hal-03347926;Only in file2
https://petrus.inria.fr/~bouganim/dispers.mp4.;hal-02269201;Only in file2
https://dx.doi.org/10.1145/219717.219748mohamed;hal-02435371;Only in file2
https://nscreenmedia.com/more-kids-youtube-versus-youtube-kids;hal-04311598;Only in file2
https://doi.org/10.17577/ijertv2is4715;hal-04132566;Only in file2
https://github.com/ali-ballout/axiom-acceptability5https://semanticbible.com/index.html6https://protege.stanford.edu/ontologies/pizza/7https://github.com/inovexcorp/matonto-ontologies8https://oaei.ontologymatching.org/9https://downloads.dbpedia.org/we;hal-04346839;Only in file2
https://inria.hal.science/hal-03133223submitted;hal-03133223;Only in file2
https://www2.stat.duke.edu/~scs/courses/stat376/papers/convergerates/randomizedalgs/jerrumvaliantvaziranitcs1986.pdf;hal-03356951;Only in file2
https://doi.org/10.3390/biology11091293https://www.mdpi.com/journal/biologybiology;hal-03771760;Only in file2
https://github.com/fhircat/cord-19-on-fhir36;hal-02939363;Only in file2
https://huggingface.co/docs/transformers/tasks/token_classification4.1.1baselinesbert+;hal-04260221;Only in file2
https://doi.org/10.1007/978-3-642-33615-7;hal-03905409;Only in file2
https://proceedings.neurips.cc/paper/2020/file/e29b722e35040b88678e25a1ec032a21-paper.pdf.;hal-03406994;Only in file2
https://doi.org/10.1145/1122445.11224561;hal-03133223;Only in file2
https://chameleoncloud.org.;lirmm-01867717;Only in file2
https://creativecommons.org/licenses/by/4.0;hal-03379679;Only in file2
https://dx.doi.org/10.4018/978-1-61350-053-8muhammad;hal-02435371;Only in file2
https://arxiv.org/abs/1903.10635.;hal-02406503;Only in file2
https://old.datahub.io/dataset/data-incubator-nasa;hal-03320929;Only in file2
https://doi.org/10.1145/1721695.1721709;hal-02289497;Only in file2
https://doi.org/10.1016/j.eswa.2008.01.039;hal-04014977;Only in file2
https://inpn.mnhn.fr/programme/referentiel-taxonomique-taxref;hal-03889780;Only in file2
https://inria.hal.science/hal-03921374submitted;hal-03921374;Only in file2
https://inria.hal.science/hal-03474556v2submitted;hal-03474556;Only in file2
https://math.lsu.edu/~oxley/survey4.pdf;hal-03356951;Only in file2
https://github.com/nadiaya2019/demokgviz-1/blob/main/wekg-mf-sparql-queries.ipynb11https://nadiaya2019.github.io/demokgviz-1;hal-04230234;Only in file2
https://doi.org/10.14778/3339490.3339496;hal-03329878;Only in file2
https://github.com/chrisbotella/ub-and-tgob.;hal-02639237;Only in file2
https://inria.hal.science/hal-02934277submitted;hal-02934277;Only in file2
https://w3.org/tr/2013/rec-sparql11-query-20130321/.sparql;hal-04388912;Only in file2
https://inria.hal.science/hal-02084977submitted;hal-02084977;Only in file2
https://ec.europa.eu/esco/portal/home.3;hal-02348004;Only in file2
https://users.dimi.uniud.it/~massimo.franceschet/xpathmark/ptbench.html;hal-03527888;Only in file2
https://github.com/voice-privacy-challenge/voice-privacy-challenge-2020.6;hal-03332224;Only in file2
https://ceur-ws.org/vol-3342/paper-4.pdf.76;hal-04353543;Only in file2
https://dl.acm.org/doi/10.5555/1286831.1286840;hal-04278100;Only in file2
https://doi.org/10.1007/978-3-030-29381-9_3439.;hal-03079818;Only in file2
https://mitpress.mit.edu/catalog/item/default.asp;hal-04353543;Only in file2
https://doi.org/10.1111/2041-210x.1235213.joly;hal-02639237;Only in file2
https://project.inria.fr/comprise;hal-02166434;Only in file2
https://premierinc.com/newsroom/education/premier-healthcare-database-whitepaper;hal-03160473;Only in file2
https://purl.obolibrary.org/obo/go_0000003;lirmm-02945170;Only in file2
https://time.com/5387560/senate-intelligence-hearing-facebook-twitter;hal-03916393;Only in file2
https://doi.org/10.1016/j.is.2022.1020430306-4379;lirmm-03639381;Only in file2
https://inria.hal.science/hal-03516360submitted;hal-03516360;Only in file2
https://doi.org/10.1007/978-3-319-60291-215.;hal-04233343;Only in file2
https://blog.arxiv.org/2020/10/08/new-arxivlabs-feature-provides-instant-access-to-code/4;hal-03190617;Only in file2
https://doi.org/10.25522/manifesto.mpds.2020b.a;hal-04129915;Only in file2
https://wikidata.org/entity/q103177209;hal-02939363;Only in file2
https://inria.hal.science/hal-03519504submitted;hal-03519504;Only in file2
https://spinningbytes.com/resources/wordembeddings/12https://www.spinningbytes.com/resources/wordembeddings/11;hal-02972184;Only in file2
https://archive.ics.uci.edu/ml/datasets/individual+consumption;hal-03692175;Only in file2
https://doi.org/10.3389/fpls.2020.01129de;hal-03871553;Only in file2
https://gitlab.inria.fr/moex/lazylav.;hal-04351105;Only in file2
https://doi.org/10.1016/j.neucom.2020.02.104;hal-04014977;Only in file2
https://doi.org/10.1016/s0022-0000;lirmm-04320944;Only in file2
https://support.google.com/youtubekids/answer/6172307;hal-04311598;Only in file2
https://doi.org/10.1145/3452021.3458331;hal-04278100;Only in file2
https://doi.org/10.3897/rio.9.e116951abstracteu;hal-04405026;Only in file2
https://doi.org/10.1007/978-3-031-15034-0_224.;hal-04125922;Only in file2
https://doi.org/10.1145/3618257.36248231;hal-04228304;Only in file2
https://doi.org/10.1145/3468791.34688211;hal-03329878;Only in file2
https://inria.hal.science/hal-01891814submitted;hal-01891814;Only in file2
https://hal-lirmm.ccsd.cnrs.fr/lirmm-03452298submitted;lirmm-03452298;Only in file2
https://hal-lirmm.ccsd.cnrs.fr/lirmm-02265726submitted;lirmm-02265726;Only in file2
https://inria.hal.science/hal-02860659v3submitted;hal-02860659;Only in file2
https://inria.hal.science/hal-02152844v2submitted;hal-02152844;Only in file2
https://bitbucket.org/sebferre/graph-fca/11;hal-04246864;Only in file2
https://dx.doi.org/10.2200/s00231ed1v01y200912dtm001jeffrey;hal-02934277;Only in file2
https://cnet.com/news/googles-project-vault-is-a-security-chip-disguised-as-an-micro-sd-card/7;hal-03329908;Only in file2
https://gbif.org/11.;hal-02873670;Only in file2
https://pubchem.ncbi.nlm.nih.gov/21;hal-04353523;Only in file2
https://identifiers.org/chebi/chebi:36080;hal-04125922;Only in file2
https://dx.doi.org/10.1002/cpe.3449.marija;hal-02571170;Only in file2
https://doi.org/10.1145/3486622.34939211;hal-03430113;Only in file2
https://r-project.org/other-docs.html.;hal-03347677;Only in file2
https://arxiv.org/abs/1901.03915;hal-03921565;Only in file2
https://repository.upenn.edu/cgi/viewcontent.cgi;hal-03514297;Only in file2
https://doi.org/10.1177/107118131963105363;hal-04205128;Only in file2
https://doi.org/10.1145/3308560.3317073;hal-02289497;Only in file2
https://semanticaudio.ac.uk3https://wasabi.i3s.unice.fr/4illustration;hal-03133188;Only in file2
https://orcid.org/0000-0002-5618-9776https://orcid.org/0000-0003-0543-1232mang;hal-03301330;Only in file2
https://doi.org/10.1016/s0165-7836;hal-03228509;Only in file2
https://w3.org/rdf/.www-redis.;hal-03791175;Only in file2
https://doi.org/10.1145/3584372.35886701;lirmm-04277973;Only in file2
https://oxfordsemantic.tech/rdfox;hal-04353543;Only in file2
https://kluedo.ub.uni-universitysis;hal-03779349;Only in file2
https://lacompagnieducode.org;hal-02145478;Only in file2
https://doc.ai/blog/federated-future-ready-shipping;hal-02406503;Only in file2
https://ontologydesignpatterns.org/ont/dul/dul.owl7;hal-04358408;Only in file2
https://doi.ieeecomputersociety.org/10.1109/icalt.2009.85.m.;hal-02571170;Only in file2
https://dx.doi.org/10.1145/1124772.1124959.;hal-03657095;Only in file2
https://arxiv.org/abs/1906.01282.arxiv:1906.01282.xu;hal-03256451;Only in file2
https://doi.org/10.1109/jbhi.2017.2778263.5.;hal-03602177;Only in file2
https://inria.hal.science/hal-04384816submitted;hal-04384816;Only in file2
https://support.google.com/google-ads/editor/answer/47640;hal-04311598;Only in file2
https://hal.archives-ouvertes.fr/hal-02918834.garbout;hal-03139460;Only in file2
https://doi.org/10.1007/s13593-011-0022-4raynaud;hal-02228974;Only in file2
https://inria.hal.science/hal-03021075submitted;hal-03021075;Only in file2
https://raftrek.com.;hal-02441654;Only in file2
https://doi.org/10.1080/00220380902807395.;hal-03228509;Only in file2
https://orcid.org/0000-0003-2046-0621a;hal-03965684;Only in file2
https://w3.org/tr/sparql11-overview/13.;hal-03516420;Only in file2
https://en.wikipedia.org/wiki/wikipedia:statisticstgdk;hal-04353543;Only in file2
https://xmlns.com/foaf/spec/copyright;hal-03516420;Only in file2
https://doi.org/10.2307/2403626wu;hal-02228974;Only in file2
https://dx.doi.org/10.2312/egve.20151325.doi:10.2312/egve.20151325.;hal-03369680;Only in file2
https://bit.ly/38gn8wv.2;hal-03128512;Only in file2
https://doi.org/10.1145/985040.985051.;hal-03464373;Only in file2
https://nytimes.com/2018/04/04/technology/google-letter-ceo-pentagon-project.html.70;hal-03189474;Only in file2
https://dataref.com;hal-02895316;Only in file2
https://doi.org/10.1016/j.tcs.2005.05.008;hal-04075393;Only in file2
https://inria.hal.science/hal-03951799submitted;hal-03951799;Only in file2
https://iacademc.oup.com//jxbadvance-articedo/li/.101093///jxberac4716896019bygueston02january2023;hal-03915413;Only in file2
https://keras.iowe;hal-02940236;Only in file2
https://inria.hal.science/hal-04153252submitted;hal-04153252;Only in file2
https://arxiv.org/abs/1911.06679.;hal-02406503;Only in file2
https://dbpedia.org/ontology/prefix;hal-02100230;Only in file2
https://doi.acm.org/10.1145/141800.141805network63;hal-03266462;Only in file2
https://doi.org/10.1016/j.eja.2016.10.014gou;hal-02228974;Only in file2
https://doi.org/10.1093/biosci/biu166burgin;hal-03871553;Only in file2
https://doi.org/10.1162/dint_a_00042lang;hal-03871553;Only in file2
https://hal.inria.fr/hal-03134596.;hal-03536045;Only in file2
https://jmlr.org/papers/volume11/strumbelj10a/strumbelj10a.pdf.peter;hal-04377324;Only in file2
https://doi.org/10.5281/zenodo.7566172.45.;hal-03769993;Only in file2
https://github.com/remifelin/rdfmining.;hal-03519365;Only in file2
https://op.europa.eu:443/en/publication-detail/-/publication/7769a148-f1f6-11e8-9982-01aa75ed71a1/language-en/format-pdf;hal-02483307;Only in file2
https://ec.europa.eu/eip/agriculture/en/publications/eip-agri-brochure-agricultural-knowledge-andmozaﬀari;hal-04008864;Only in file2
https://knowledge.amia.org/67852-amia-1.4259402/t004-1.4263758/t004-1.4263759/2976467-1.4263778/2976026-1.4263775.2018.185;hal-04353523;Only in file2
https://github.com/dbpina/keras-prov.in;lirmm-03324873;Only in file2
https://inria.hal.science/hal-03151014submitted;hal-03151014;Only in file2
https://doi.org/10.1016/j.nec.2018.12.005.;hal-03263469;Only in file2
https://inria.hal.science/hal-03189474submitted;hal-03189474;Only in file2
https://hal.inrae.fr/hal-02820845.;lirmm-03785968;Only in file2
https://springerlink.com;hal-02387680;Only in file2
https://ontology.irstea.fr/pmwiki.php/site/frenchcropusage;hal-03889780;Only in file2
https://journals.lww.com/optvissci/fulltext/2001/08000/designing_ologic;hal-03710323;Only in file2
https://daml.org/2004/04/swrl/rules-all.html.71;hal-04353543;Only in file2
https://dl.acm.org/doi/10.1145/provenance.;hal-03514297;Only in file2
https://w3.org/tr/wot-architecture/4https://tools.ietf.org/html/draft-ietf-core-resource-directory-235https://github.com/thingweb/thingweb-directory;hal-02289497;Only in file2
https://doi.org/10.1145/3003665.3003667;hal-04278100;Only in file2
https://doi.org/10.1007/s12559-021-09862-5;hal-04014977;Only in file2
https://inria.hal.science/hal-03516350submitted;hal-03516350;Only in file2
https://doi.org/10.1613/jair.1.11395.;hal-03801032;Only in file2
https://cpntools.org/.;hal-02387680;Only in file2
https://arxiv.org/abs/1612.02307.;hal-02406503;Only in file2
https://core.ac.uk/download/pdf/224804156.pdf;hal-03356951;Only in file2
https://wikidata.org/prop;hal-03516420;Only in file2
https://doi.org/10.1145/3350546.33525021;hal-02319638;Only in file2
https://inria.fr/en/covid-webthe;hal-03084029;Only in file2
https://inria.hal.science/hal-03866048submitted;hal-03866048;Only in file2
https://doi.org/10.1371/journal.pone.0232078.t001formal;hal-02639237;Only in file2
https://nrt-kenya.org/9;hal-02937618;Only in file2
https://arxiv.org/abs/1904.08067.doi:10.3390/info10040150;hal-04346759;Only in file2
https://doi.org/10.34133/plantphenomics.01129downloaded;hal-04322179;Only in file2
https://scikit-learn.org/stable/6;hal-02290310;Only in file2
https://aclweb.org/anthology/p/p14/p14-5010ngo;hal-02984949;Only in file2
https://doi.org/10.3390/plants10112471academic;hal-03454183;Only in file2
https://ceur-ws.org/vol-996/papers/ldow2013-paper-03.pdf11.;emse-04058783;Only in file2
https://w3.org/submission/ccrel/6;hal-03065217;Only in file2
https://w3.org/tr/2013/rec-sparql11-query-20130321/.and;hal-03500522;Only in file2
https://ceur-ws.org/vol-1184/ldow2014_paper_01.pdf50.;hal-04201661;Only in file2
https://hal.inrae.fr/hal-02903070submitted;hal-02903070;Only in file2
https://doi.org/10.1038/365611a0;hal-04093045;Only in file2
https://ceur-ws.org/vol-3256/paper5.pdf.84;hal-04358408;Only in file2
https://gitlab.inria.fr/hayats/conceptualknn-relex5;hal-03866083;Only in file2
https://doi.org/10.1007/s13593-013-0180-7wilson;hal-02228974;Only in file2
https://inria.hal.science/hal-04233316submitted;hal-04233316;Only in file2
https://doi.org/10.1111/j.1461-0248.2005.00792.x2.;hal-03167637;Only in file2
https://hal-lirmm.ccsd.cnrs.fr/lirmm-03240377v2submitted;lirmm-03240377;Only in file2
https://cs.ox.ac.uk/isg/tools/sumrdf/paper-tr.pdf;hal-01925496;Only in file2
https://inria.hal.science/hal-03087778submitted;hal-03087778;Only in file2
https://hal.inria.fr/hal-01978784;hal-02935956;Only in file2
https://jasonsigal.cc/portfolio/olos.;hal-03519504;Only in file2
https://doi.org/10.12688/f1000research.12234.2yun;hal-03738973;Only in file2
https://doi.org/10.1371/journal.pcbi.1008856.t002plos;hal-03220977;Only in file2
https://spotseven.de/gecco-challenge/gecco-challenge-20183available;lirmm-03852429;Only in file2
https://doi.org/10.3233/sw-180294;hal-02060966;Only in file2
https://tensorflow.org/.software;hal-02406503;Only in file2
https://doi.org/10.1038/s41598-020-69861-87vol.:;hal-02919190;Only in file2
https://pdfs.semanticscholar.org/8df0/ad1c6aa0df93e58071b8afe3371a16a3182f.pdf.10;hal-03940590;Only in file2
https://halshs.archives-ouvertes.fr/halshs-0156146116.;hal-02513295;Only in file2
https://donneespubliques.meteofrance.fr/donnees_libres/txt/synop/postessynop.json14;hal-03619869;Only in file2
https://doi.org/10.1139/f05-081.;hal-03228509;Only in file2
https://doi.org/10.3389/fpls.2022.805738kho;hal-03871553;Only in file2
https://doi.acm.org/10.1145/2660267.2660308scottsdale;hal-02913866;Only in file2
https://doi.org/10.23638/lmcs-14;hal-03934389;Only in file2
https://hal.archives-ouvertes.fr/hal-01927282;hal-02446427;Only in file2
https://data.cms.gov/provider-data/dataset/mj5m-pzi6;hal-03801032;Only in file2
https://doi.org/10.1145/3543873.35879871;hal-04335612;Only in file2
https://oracle.com/big-data/data-ﬂow/.;hal-02549758;Only in file2
https://ai4media.eu;hal-03825059;Only in file2
https://doi.org/10.1093/bioinformatics/bty643in;hal-03100032;Only in file2
https://dropbox.com/s/af8kzjwesz1vs2y/ceoswithalltheirdata_plus2hops.nt;hal-03320929;Only in file2
https://github.com/agroportal/fairness/blob/master/doc/results/fair-questions.md;hal-04372234;Only in file2
https://sample-size.net/correlation-sample-size/.;hal-03710323;Only in file2
https://doi.org/10.1093/sysbio/syz014van;hal-03871553;Only in file2
https://en.wikipedia.org/wiki/delta_method4https://old.datahub.io/dataset/nobelprizes5https://www.rdfhdt.org/datasets/have;hal-02152844;Only in file2
https://laas.hal.science/hal-04385641submitted;hal-04385641;Only in file2
https://inria.hal.science/hal-04386268submitted;hal-04386268;Only in file2
https://sake.re/20230505-mtoa9.;hal-04351111;Only in file2
https://bitbucket.org/smaniu/graph-provenance/src/master/.the;hal-03140067;Only in file2
https://kaggle.com/datasets/blastchar/telco-customer-churn2.;hal-04255496;Only in file2
https://proceedings.mlr.press/v139/radford21a.html.;hal-04262826;Only in file2
https://hal.inrae.fr/hal-03167637submitted;hal-03167637;Only in file2
https://doi.org/10.3233/sw-22322464.;hal-04201661;Only in file2
https://solidproject.org;hal-03814840;Only in file2
https://dx.doi.org/10.1007/s00778-017-0486-1h.;hal-02066516;Only in file2
https://proceedings.neurips.cc/paper/2019/hash/9d63484abb477c97640154d40595a3bb-abstract.html;hal-03897397;Only in file2
https://sabiod.org/nips4b48.;hal-02945382;Only in file2
https://doi.org/10.1007/978-1-4614-1126-0pages:;hal-03710323;Only in file2
https://doi.org/10.12688/f1000research.52157.3;hal-03905184;Only in file2
https://ciqual.anses.fr/12https://langual.org/langual;hal-04366893;Only in file2
https://doi.org/10.1016/j.cageo.2020.104498bradley;hal-03871553;Only in file2
https://doi.org/xxxxxxx.xxxxxxxdaniel;hal-04386268;Only in file2
https://linkeddata.uriburner.com/about/id/entity/https/www.nytimes.com/2019/12/06/business/media/irishman-scorsese-netﬂix-ratings.html;hal-03301330;Only in file2
https://nlp.stanford.edu/pubs/qi2020stanza.pdf;hal-03518717;Only in file2
https://ceur-ws.org/vol-225/paper7.pdf.;hal-04366893;Only in file2
https://schema.org/15.;hal-03230741;Only in file2
https://webkit.org/tracking-prevention-policy;hal-04228304;Only in file2
https://doi.org/10.1145/3308560.3317074web;hal-02064075;Only in file2
https://proceedings.mlr.press/v70/liu17d.html.116;hal-04353543;Only in file2
https://doi.org/10.1016/s0020-0255;hal-03934346;Only in file2
https://w3.org/tr/2021/rec-xslt20-20210330/.knublauch;hal-03404125;Only in file2
https://creativecommons.org/licenses/by/4.0;hal-03342381;Only in file2
https://creativecommons.org/licenses/by-nc-nd/4.0/.;hal-02898931;Only in file2
https://doi.org/10.1111/j.1541-0420.2012.01824.x;hal-02639237;Only in file2
https://doi.org/10.1109/access.2020.3047364.;hal-03765857;Only in file2
https://i3s.unice.fr/~winckler/publisher:;hal-04233316;Only in file2
https://lifeclef.org/.3;hal-03641389;Only in file2
https://w3.org/tr/2012/rec-owl2-quick-reference-20121211/.;hal-03189192;Only in file2
https://oaei.ontologymatching.org/2023/results/knowledgegraph/knowledgegraph-alignments.zip36https://oaei.ontologymatching.org/2023/results/knowledgegraph/index.html37https://oaei.ontologymatching.org/2023/results/knowledgegraph/knowledge;hal-04366893;Only in file2
https://github.com/micbuﬀa/webaudiopluginsfigure;hal-02366730;Only in file2
https://publish.plantnet-project.org/project/caypub_en;hal-03601464;Only in file2
https://help.duckduckgo.com/duckduckgo-help-pages/company/ads-by-microsoft-on-duckduckgo-private-search;hal-04228304;Only in file2
https://kaggle.com/c/2013.yandex-personalized-web-search-challenge.zoghi;hal-03740981;Only in file2
https://lod-cloud.net/22https://lod-cloud.net/lod-data.json23https://yummydata.org;hal-03301330;Only in file2
https://orcid.org/0000-0002-9103-7081p;hal-03965684;Only in file2
https://bibliontology.com/specification.html13.;hal-03230741;Only in file2
https://odense.dk/3https://www.beijingcitylab.com/19;lirmm-03036868;Only in file2
https://aiim.org/wfmc/mainframe.htm1.1.theworkﬂowreferencehttps://www.aiim.org/wfmc/mainframe.htmmodel;hal-02968427;Only in file2
https://inria.hal.science/hal-02066516submitted;hal-02066516;Only in file2
https://doi.org/10.1109/tcsvt.2018.2886277;hal-03710323;Only in file2
https://doi.org/10.1145/3341105.3373932publication;hal-02389918;Only in file2
https://inpn.mnhn.fr/telechargement/referentielespece/taxref/12.0/menu.23.;hal-03220977;Only in file2
https://doi.org/10.1145/2047296.2047302;hal-03913497;Only in file2
https://inria.hal.science/hal-03506036submitted;hal-03506036;Only in file2
https://doi.org/10.5281/zenodo.791985247.;hal-04201661;Only in file2
https://github.com/frmichel/morph-xr2rml/5;hal-02939363;Only in file2
https://djamelinfo.github.io/test/projects/dpisax/.5.1;lirmm-02197618;Only in file2
https://hal-lirmm.ccsd.cnrs.fr/lirmm-03798483submitted;lirmm-03798483;Only in file2
https://doi.org/10.1038/s41598-023-46925-z5vol.:;hal-04320566;Only in file2
https://docs.oasis-open.org/legalruleml/legalruleml-core-spec/v1.0/legalruleml-core-spec-v1.0.html17;hal-03065217;Only in file2
https://huggingface.co/sentence-transformers/distiluse-base-multilingual-cased-v1;hal-03662801;Only in file2
https://inria.hal.science/hal-02073854submitted;hal-02073854;Only in file2
https://covidclinical.net.;hal-02918344;Only in file2
https://corese.inria.frfigure;hal-02389918;Only in file2
https://w3id.org/rml/coresource;hal-04201661;Only in file2
https://github.com/exathlonbenchmark/exathlon.3;hal-03383535;Only in file2
https://inria.hal.science/hal-02166425submitted;hal-02166425;Only in file2
https://doi.org/10.1016/s0304-3800;hal-02228974;Only in file2
https://github.com/ihtsdo/snomed-owl-toolkit.;hal-04366893;Only in file2
https://ucd.ie/issda/data/commissionforenergyregulationcer15performing;hal-03726234;Only in file2
https://github.com/lminvielle/mom-kdefor;hal-02882092;Only in file2
https://verovio.org/11;hal-03812972;Only in file2
https://w3.org/tr/2018/rec-websub-20180123/19.;hal-03135088;Only in file2
https://doi.org/10.3920/978-90-8686-803-2.;hal-03347926;Only in file2
https://doi.org/10.1145/nnnnnnn.nnnnnnnfigure;hal-03903287;Only in file2
https://doi.org/10.2307/193629121.;hal-02639237;Only in file2
https://audiolabs-erlangen.de/resources/2017-countnet.3https://github.com/faroit/countnet.iv;lirmm-02010805;Only in file2
https://doi.org/10.1088/1742-6596/180/1/012053.;lirmm-02949807;Only in file2
https://yann.lecun.com/exdb/publis/pdf/caplin-ssrn-08.pdf;hal-02319539;Only in file2
https://has-sante.fr/portail/upload/docs/application/pdf/2015-04/note_methodologique_polypathologie_de_la_personne_agee.pdf3.;hal-02157559;Only in file2
https://doi.org/10.1145/3377391.3377393.;hal-03801032;Only in file2
https://doi.org/10.4230/lipics.stacs.2017.30;lirmm-03833578;Only in file2
https://doi.org/10.1111/ejn.14319;hal-03905184;Only in file2
https://gbif.org/dataset/510b8030-6293-4bd9-812d-c195a9915a74;hal-04182535;Only in file2
https://kernelnewbies.org/kernelprojects/kconﬁg-sat;hal-02262591;Only in file2
https://doi.org/10.5281/zenodo.791984898.;hal-04201661;Only in file2
https://hal-lirmm.ccsd.cnrs.fr/lirmm-02335500submitted;lirmm-02335500;Only in file2
https://doi.org/10.1002/2688-8319.12023joly;hal-03338811;Only in file2
https://arxiv.org/abs/1904.10120.;hal-02406503;Only in file2
https://archive.ics.uci.edu/ml/datasets/individual+consumption;hal-03941879;Only in file2
https://apache.github.io/systemds/native-backend;hal-03347677;Only in file2
https://inria.hal.science/hal-02269216submitted;hal-02269216;Only in file2
https://purl.org/dc/terms;hal-04125922;Only in file2
https://github.com/pdm-book/community;hal-03516360;Only in file2
https://soundseparation.songquito.com;hal-01945345;Only in file2
https://arxiv.org/abs/2004.04464.leslie;hal-04377324;Only in file2
https://doi.org/10.1038/s41559-019-1070-4poelen;hal-03871553;Only in file2
https://github.com/patrickzib/sfa;hal-03469487;Only in file2
https://hal.inrae.fr/hal-03261122submitted;hal-03261122;Only in file2
https://hal.archives-ouvertes.fr/docs/00/90/70/85/pdf/cdlin-survey.pdf.erkki;hal-03940590;Only in file2
https://gov.uk/government/news/the-midata-vision-of-consumer-empowerment;hal-02269222;Only in file2
https://developers.google.com/freebase3;hal-04353543;Only in file2
https://wisdom.weizmann.ac.il/~oded/cc-book.html.anthony;hal-04377324;Only in file2
https://doi.org/10.1145/2566486.2568002;hal-02066041;Only in file2
https://doi.org/10.1109/c-code.2017.7918927;hal-03516360;Only in file2
https://inria.hal.science/hal-02096764submitted;hal-02096764;Only in file2
https://gitlab.inria.fr/bdeneu/supplementary-materials-maes2020-paper-1913.;hal-03167637;Only in file2
https://prolific.co.;hal-04129915;Only in file2
https://inria.hal.science/hal-04041691v3submitted;hal-04041691;Only in file2
https://github.com/wimmics/d2kab/tree/main/meteo/ontology3;hal-03619869;Only in file2
https://inria.hal.science/hal-03809756submitted;hal-03809756;Only in file2
https://imageclef.org/.;hal-03641389;Only in file2
https://sciencedirect.com/science/article/pii/0009250987800994.;hal-03156136;Only in file2
https://github.com/lamiad/asax_sse2;lirmm-03805997;Only in file2
https://dx.doi.org/10.1016/j.discretelogic.https://doi.org/10.1016/j.dam.2008.08.021;hal-03527888;Only in file2
https://arxiv.org/abs/1602.04938.alvin;hal-04377324;Only in file2
https://doi.org/10.34133/plantphenomics.01123downloaded;hal-04322179;Only in file2
